MEANGBZ,MEANGBT,MEANGBT_PIL,MEANGBH_PIL,MEANGBZ_PIL,MEANGBH,SAVNCPP,ABSNJZH,MEANJZH_PIL,MEANALP,MEANALP_PIL,MEANJZH,TOTUSJH_PIL,TOTUSJZ_PIL,TOTPOT_PIL,R_VALUE,SAVNCPP_PIL,ABSNJZH_PIL,SHRGT45,TOTUSJH,MEANSHR,MEANGAM_PIL,MEANJZD,USFLUX_PIL,TOTUSJZ,MEANGAM,MEANJZD_PIL,TOTPOT,AREA_ACR,USFLUX,MEANPOT_PIL,MEANPOT,SHRGT45_PIL,MEANSHR_PIL,CME
101.466,93.429,103.37848988395017,83.66360215157641,123.97648141002108,68.471,9554389000000.0,558.116,0.0394224788433014,0.03022219,0.0708656199974728,0.0139435,1736.30691925655,24249583097214.547,4.102948120391911e+23,4.829,11087055545563.691,510.1662987111635,59.408,2940.413,52.303,61.29374303464406,0.05428162,9.129197407485072e+21,51564980000000.0,60.629,-0.1338153500943003,8.171862e+23,1078.161865,2.416427e+22,23064.327603576585,15371.74,61.000373273609554,54.05674756744311,1.0
101.45,96.645,101.43465957964544,72.49985684340784,117.82989983789008,61.27,9006182000000.0,186.149,-0.0347034306974361,-0.01061526,-0.0768037127438232,-0.00533317,400.65601395679033,6927821932727.814,1.0116333656826584e+23,4.352,5147424325934.017,161.64858018865743,48.318,1829.461,45.522,58.30636986937719,0.1734377,3.1369819381645155e+21,37233650000000.0,53.676,0.5448435863759634,5.367295e+23,946.170837,2.316485e+22,15625.577818915275,11578.92,57.14871794871795,51.24476656576387,1.0
94.534,85.268,84.79428226653711,55.85679519595536,104.85028955387445,45.785,18570440000000.0,255.077,0.008317126334698,0.00602177,0.0133753973829287,0.00282031,1777.543051554617,29085280041657.844,6.024805597804343e+23,4.976,16000642838866.48,227.85599306538765,24.84,4221.041,33.991,49.62271877729141,0.01900536,2.294214640260647e+22,76527690000000.0,39.556,0.2725675450783077,1.046693e+24,1927.615967,6.534931e+22,16094.083511795585,8713.998,44.56861075635022,44.42435533890507,1.0
107.913,106.978,103.54348656225852,63.34386594677094,123.2768675055078,43.043,19611660000000.0,342.725,0.0517623297386732,0.02821628,0.1259655811125428,0.00883266,162.01698912151895,2724885642265.576,2.60812200939318e+22,3.859,5198649772149.181,99.12486144955932,9.296,1419.924,25.68,47.359407631703085,0.03075903,1.3591771725903865e+21,28870750000000.0,31.113,-1.582965402835566,1.577271e+23,835.5047,2.467217e+22,9464.487325261283,3060.831,40.0,44.52440596446336,1.0
118.732,108.482,108.97533849619546,82.28525124651507,132.59903357223192,69.981,39793480000000.0,1053.375,0.0818125522388727,0.06843232,0.1722473557083936,0.03107668,1536.017746981512,22519159842685.95,3.150112487026696e+23,4.742,40650003122336.84,1000.2402636724582,43.839,2749.692,43.969,58.16677745780336,0.11320896,8.205840987935531e+21,46264420000000.0,52.421,1.0738766035729983,5.587943e+23,1273.788696,2.197264e+22,18780.62728518252,12412.3,55.77988915281077,50.63556511180188,1.0
117.633,110.12,108.40859611416664,80.8609202265965,127.62362053299732,67.229,50423220000000.0,1225.521,0.0774576911394164,0.08787693,0.1780695697789969,0.03297869,1780.9682166585842,26855878815493.7,3.475045345680352e+23,4.861,49221541765957.25,1198.4253973090506,36.273,2703.347,40.213,55.813922821973016,0.02316026,1.0088623192397973e+22,47244360000000.0,48.156,-0.3076809952610292,4.888735e+23,1261.0896,2.283505e+22,16566.40436551142,9905.426,53.61190250079139,48.92561787226954,1.0
108.083,104.886,92.50075686917856,70.096283993535,115.64389453372426,60.17,16567810000000.0,327.185,0.0835205218283781,0.03394029,0.2116801293154887,0.01167684,444.1053471540379,7052264161016.513,1.2274176709286848e+23,4.383,15348967680856.805,341.8494958435516,35.67,1492.765,39.452,59.75456127032936,0.33540449,2.563285825814319e+21,30222910000000.0,47.658,1.883343066531059,3.266647e+23,1167.043823,1.632159e+22,21958.40463106209,8778.207,66.09645996673794,55.69814992700279,1.0
91.237,75.819,81.44132164475891,65.2628040503298,110.21198324838596,51.146,12081800000000.0,637.489,-0.0184587947078197,-0.01213819,-0.0140521016741609,-0.0081654,2986.926049306724,31225862652923.168,8.5533519655823e+23,4.895,9271814816529.338,422.7248576037812,40.594,5439.106,42.304,46.33874565121173,0.08871168,2.8887334266903776e+22,80106830000000.0,47.388,0.5810995581250012,1.715037e+24,1937.39917,6.250368e+22,27186.836850459506,16540.93,40.75559307724778,42.065765847479966,1.0
89.461,75.157,89.97680110771923,61.98543274471452,106.89654075700945,50.09,42028440000000.0,985.384,-0.0421348553932173,-0.03194191,-0.0411189158269079,-0.01887275,1214.3503499067592,15659826202120.2,3.218743436662115e+23,4.669,21002765388203.973,610.7868637800786,38.655,2793.505,42.604,39.08575245992559,0.0560889,1.741917158915366e+22,48522250000000.0,47.913,-0.2296092140017952,8.683681e+23,1293.034424,4.101543e+22,15987.280443052172,12523.12,22.97493403693932,34.422703756640274,1.0
103.405,86.128,89.8525578919299,64.82072101272172,116.42793666944988,58.945,71634430000000.0,1971.861,-0.0411202401668048,-0.04929499,-0.0570660903826603,-0.02868787,2565.780327065433,38968719737847.12,8.135175235831658e+23,5.199,46780104169361.66,1216.6245458152537,48.559,4822.117,47.182,51.47964918142943,-0.02384534,2.644062415786325e+22,80922120000000.0,52.815,-0.3523910355793343,1.475973e+24,1902.607544,5.142906e+22,20046.07946756055,16168.71,48.76955298121605,47.39000354867325,1.0
103.237,86.162,90.7848766707464,64.86392434302546,118.62896697963365,59.068,73744600000000.0,1998.616,-0.040466875679951,-0.05006887,-0.0545168553663461,-0.02877818,2416.1440492924744,35949377073089.1,7.911656897690437e+23,5.171,43964648618703.65,1118.9091125506477,49.261,4822.241,47.503,50.95762180220358,0.02282101,2.543194201225116e+22,80891810000000.0,52.974,-0.6456543580719478,1.470754e+24,1893.843384,5.154811e+22,20850.39468938621,15946.13,48.26053478930422,47.00620181122134,1.0
102.314,93.89,96.30213620961575,73.02058561606754,121.33703939182848,62.355,89948770000000.0,2111.454,-0.0582923397915156,-0.05753326,-0.1289709484547884,-0.02665776,1944.5868614732588,32040193643734.89,6.193749262797853e+23,5.095,56594169093011.97,1176.10624763362,50.739,4918.869,47.421,57.203243402807125,-0.00307309,1.4291337614442891e+22,91886840000000.0,54.069,-0.6018978943101578,1.47251e+24,2400.012207,5.166582e+22,22384.511028471494,13997.29,59.81761459083273,52.60382255554335,1.0
109.102,103.513,92.20569257419164,65.81208696692285,112.45202742954648,61.763,74139530000000.0,1691.802,-0.0534653810124226,-0.04698247,-0.124131993588996,-0.02336034,947.4585811067024,16674984913605.662,4.3506310775426205e+23,4.794,34216050836507.164,682.1647963375007,42.577,4126.583,42.369,57.843155099764886,-0.05454718,9.32172685060302e+21,77430020000000.0,49.402,-1.401915637065473,1.173438e+24,2339.924072,5.071251e+22,24180.460301938718,12200.14,64.10540301151461,53.04938601192898,1.0
86.738,81.427,78.10613055349954,54.36278776952511,97.9809921976138,42.448,43323710000000.0,963.66,-0.0412442856748242,-0.02749388,-0.0419392473075754,-0.01286097,710.1319505942008,9943907131479.14,3.41226357636866e+23,4.529,18095525016181.824,402.0905410438619,25.203,3065.809,33.008,49.05240038282106,-0.19234873,1.048915597792965e+22,56061400000000.0,39.328,-0.9429169442647672,8.577206e+23,1562.137939,5.39468e+22,24844.22439231225,8619.181,47.40862502417328,44.25399868752062,1.0
71.853,69.035,63.28514409435647,45.358455998044654,74.94856843228483,30.45,8610232000000.0,162.788,-0.0017397783160193,-0.0063542,-0.0008373639938013,-0.00258783,202.6847610683145,1527894441934.7407,1.6983505817258313e+23,4.182,754463556129.2177,5.342859208495498,17.497,1766.721,27.248,43.094200827932745,-0.18564105,5.42507450871269e+21,33514560000000.0,33.594,0.4522943714046812,5.332863e+23,905.641174,4.364698e+22,39156.014990028525,6383.25,32.05756276791182,37.75516777813237,1.0
95.859,89.553,97.48701631015877,69.89576383623331,113.2240008746688,62.171,22284340000000.0,578.981,0.0160749649880026,0.01961416,0.032620386396404,0.0102972,990.3195091825784,19739521818742.152,3.662886753554289e+23,4.685,14928740038992.596,226.3676569610539,56.086,2905.873,50.668,58.8624642209397,0.09843077,1.012990242042476e+22,60826950000000.0,59.126,-1.1640670204476649,1.116734e+24,1548.759766,3.558129e+22,18692.68243257299,14954.93,59.03083700440529,52.02905297277599,1.0
114.443,100.483,100.12666395422129,76.35065695084467,128.04059390621416,61.419,57901260000000.0,1595.7,-0.0403353812686288,-0.03183082,-0.046358665650566,-0.01897451,4315.120702909742,57289259712279.96,1.1837413193933922e+24,5.243,54822419704374.41,1421.2574943814068,34.164,6659.341,38.757,52.77663932956796,-0.14612126,3.325469474723695e+22,103838500000000.0,45.158,-0.225014877940444,1.555318e+24,2448.98291,6.530352e+22,24536.612702506067,13925.33,48.03314339196741,46.53859723443076,1.0
96.866,78.73,93.71594091150422,62.447827307858304,125.9909423610456,45.24,13199380000000.0,430.816,-0.0216616568145821,-0.00767472,-0.0164415213222012,-0.004212,2410.248182639377,24867562223105.22,6.50388567148567e+23,4.765,15469662986162.602,431.82512859869433,27.914,5960.305,34.844,40.54128932508814,-0.09897059,2.7598943027525893e+22,88968150000000.0,40.536,-0.8477318172106607,1.535173e+24,2567.580566,7.974975e+22,23259.74541094519,11301.64,27.56589883638091,36.10096737666058,1.0
101.385,96.767,82.40442867160637,62.839646581009,106.12658839279248,57.683,61399160000000.0,1390.271,0.0356369811654404,0.02148572,0.0781034149155431,0.0098319,1395.5272098781536,24030499875842.37,7.448959575118625e+23,5.063,29520919766134.54,661.9569251480555,46.047,6992.043,45.202,62.10757799065686,0.23100102,1.2496687034311329e+22,139608400000000.0,52.525,-0.5894751080337602,2.398114e+24,4600.288574,8.833503e+22,29230.12111826034,12769.68,69.64406691333576,56.983467695564094,1.0
92.55,90.035,91.96577735899967,53.559731983717626,101.16177721885272,43.463,7318382000000.0,290.31,-0.0183850776715838,-0.0059844,-0.0210720361841295,-0.00238881,985.9664922752416,13057112768790.264,2.840029820284423e+23,4.615,9807675074521.55,259.7627624218078,19.259,4558.641,30.575,39.51254675112629,0.05585344,1.535020978688074e+22,89841090000000.0,36.983,-0.4850175183910651,9.657151e+23,2936.319824,8.269025e+22,14270.970873426988,5983.467,23.41675008341675,35.05087638569132,1.0
117.252,110.082,113.1350882963028,85.47587217843714,130.27139390181307,73.675,15748440000000.0,448.55,-0.0446083487604663,-0.03553057,-0.0986852194967792,-0.0138814,1330.1042320240472,21744106029531.723,2.6266179431042348e+23,4.678,18519139442077.14,546.2292305719105,45.697,2440.738,45.332,60.40049698850181,0.44742441,7.687188651866817e+21,45274690000000.0,55.627,-0.2019387087134739,4.204771e+23,1050.738525,1.854501e+22,15877.089713055528,9797.734,57.54194428835193,51.42494282848792,1.0
104.061,100.722,86.83452408392351,71.07933276386532,93.69600240575818,53.378,8340939000000.0,281.057,-0.0293398637084673,-0.02226558,-0.235051895818323,-0.01200328,77.20689802758551,2381030047470.53,4.824864511301795e+22,3.827,3279441436555.372,47.67727852625946,39.114,1220.772,40.898,70.0231011833514,0.6851781,6.276539223264315e+20,24397440000000.0,48.062,-0.568983015237531,4.491057e+23,990.177673,1.608226e+22,20583.90974049346,14441.86,82.71954674220963,61.98899521978306,1.0
74.0,71.988,65.75505728324951,51.83582807690512,78.8922615115274,27.835,1325405000000.0,43.581,-0.0021606665685439,-0.004048,-0.0011117870428897,-0.00116977,17.093302690655396,129414936085.24438,6.746805178683842e+21,3.34,58187390589.98682,0.4645433122369408,10.295,799.002,22.259,27.627095540335915,-0.05053949,4.803947262666615e+20,17757070000000.0,28.791,0.5020576086743872,1.266484e+23,437.418793,2.301042e+22,19170.775680573643,2559.505,2.6415094339622645,24.849704584423808,1.0
116.085,108.138,104.64831051870036,82.87683522948616,121.22200447553432,71.683,8542798000000.0,162.229,-0.0050629269345545,-0.00996485,-0.0150103616969116,-0.00368417,1635.6822661206236,31358786740525.84,3.256869067795152e+23,4.922,3286685627085.6323,86.06975788742793,44.522,3123.525,45.274,64.60448341328922,0.37232897,8.4730417480734e+21,63587070000000.0,54.613,0.1653338148288263,6.111978e+23,1615.690918,2.495368e+22,14184.62684564289,10451.56,62.43276071490544,55.43784880577572,1.0
103.218,99.836,92.63967928903308,69.43235197792279,101.3513889219942,58.584,28966160000000.0,644.795,0.0200270399057179,0.0273202,0.0473402116008971,0.01318006,786.70950817783,18116760634264.24,3.5933978429448786e+23,4.58,14474265004610.176,261.5531411686763,42.235,2604.844,43.266,62.76002232362299,0.15159541,8.071739766663953e+21,54500290000000.0,50.256,-0.6884009962569041,8.321127e+23,1660.811401,3.19614e+22,19910.09355339922,12807.53,66.53421633554085,56.14353121483411,1.0
93.217,85.184,81.6567516191653,56.22036450905863,93.2141698690768,44.988,35733570000000.0,733.699,-0.028577794090621,-0.01868676,-0.0280911268667692,-0.00905142,946.0558120262182,12966859379418.545,5.111412620812982e+23,4.61,15488705965211.885,363.6238520090619,28.226,3529.473,35.77,51.88034974353429,0.05731665,1.341886924377217e+22,67097580000000.0,41.669,1.3568228662391295,1.121239e+24,1898.348022,5.792214e+22,28780.58276449535,10415.35,52.02273237119569,46.893077425984856,1.0
90.569,82.279,84.77954280013513,59.364786121955554,96.30455279528698,43.757,29025260000000.0,625.926,-0.0121094570003446,-0.01510479,-0.0106591275878624,-0.00738425,884.823015833741,12303271338704.488,4.634493339995892e+23,4.477,5239557689217.42,133.08293243378776,28.801,3643.007,36.296,50.66106891032637,0.06010435,1.2450495296373164e+22,70415510000000.0,41.572,0.91828396811049,1.198182e+24,1907.378174,6.089516e+22,29885.35998420862,10643.73,50.06422882589706,46.06141905782656,1.0
100.638,97.292,118.21394945322696,94.79215595976368,137.8810304900506,64.055,27084380000000.0,876.719,0.0889221552435535,0.02978531,0.151953382016525,0.01236714,1617.4299789291656,21417342109119.5,2.96529848981762e+23,4.795,29789614320171.85,916.9652648715236,48.264,4356.401,46.042,52.64690688309868,0.0682805,8.181270869386773e+21,82360270000000.0,53.783,-0.5089690369735586,1.11967e+24,2341.69751,4.315973e+22,20785.994608414072,11892.52,47.39340904859431,45.110229870374646,1.0
113.041,107.466,107.8413331573168,81.05683779195965,124.84930760757209,67.605,26620390000000.0,844.513,0.0722700671932732,0.03438714,0.1398282281995268,0.01597188,1163.0571024979208,17310710866654.6,2.397391374250294e+23,4.597,25499420025265.86,712.1492421225145,44.529,3366.566,44.081,58.73985345366663,0.02684076,6.797862374186917e+21,62452440000000.0,52.977,-0.112301860137929,8.19704e+23,2176.266113,3.430797e+22,17468.59609204767,11672.66,55.7383394619702,50.6015129132017,1.0
87.135,78.534,83.61647958757248,53.78552299116776,100.45542200633928,42.115,30064610000000.0,818.307,0.0346202033458064,0.02167431,0.036027417660673,0.01075658,1522.1331619021305,19055974581189.387,3.563564672655282e+23,4.723,22980601681356.8,642.6548347082057,20.277,3397.571,30.646,37.68811220787328,-0.06261659,2.170985905271772e+22,56377910000000.0,36.968,-0.5045258373656487,7.403712e+23,1569.609253,5.820531e+22,13779.68490463475,7327.969,22.54917064653623,33.62044340347793,1.0
94.308,86.75,87.16383790074252,55.02084126832175,101.58418593305848,50.032,39936030000000.0,1191.056,-0.0005100775576275,0.01470942,-0.0008416128530728,0.00770501,2349.918552626056,45096629677616.734,1.0162436287660572e+24,5.146,5760649756606.073,20.793311636685186,36.278,7684.75,41.042,50.752688076554186,0.0900737,3.313591361828416e+22,151747000000000.0,46.146,-0.0915240466125743,2.410371e+24,3859.927246,1.088652e+23,18180.95857762625,11740.82,47.85573427736463,46.49777171782139,1.0
99.508,93.341,95.75908362756928,73.30907536311935,108.83330069788634,58.81,71831630000000.0,2040.237,0.0341644209131877,0.0285049,0.1056102419290166,0.01575716,1864.01830439058,36937846016182.81,5.800435689039173e+23,4.989,40991122280986.49,788.583163518199,52.33,7353.627,49.107,63.4838523305679,0.21574619,1.2420913617411806e+22,144294600000000.0,55.923,0.1603909865383711,2.927895e+24,4428.777832,8.481212e+22,18040.69926889104,17026.43,65.46881453944651,56.71837033807807,1.0
97.334,86.884,89.57042718268116,66.5151848202624,111.98459115685776,49.641,1679052000000.0,289.11,-0.0234414557409007,-0.00421504,-0.0230095794475629,-0.00235831,5225.889626385285,57820919968447.69,1.5751683090524433e+24,0.0,23590729985374.133,916.1389732658832,30.122,8418.267,37.145,47.74502789831542,0.02583843,4.219251231847177e+22,125158700000000.0,42.092,0.3035405383794327,2.281867e+24,2573.093994,9.317853e+22,29207.349238454903,14015.5,42.5595311384176,43.43910196755889,1.0
112.675,111.299,119.5039981335458,91.96629936885552,128.96783507134788,68.976,2482433000000.0,144.913,-0.0005087768056619,0.01255181,-0.0012847914293356,0.00475249,487.1585532639207,8937200145565.346,6.212037038677503e+22,4.35,4583555012115.266,2.1388976910027977,38.973,1888.92,41.19,54.99539793164477,0.1589649,2.666101764594336e+21,39812580000000.0,51.722,0.4470595883959133,3.442805e+23,1166.299683,1.74467e+22,10487.855137450251,8501.58,45.67264573991031,44.36628210162736,1.0
128.079,122.398,109.11563598843146,82.40934811966406,138.5339900902102,68.952,14028020000000.0,279.448,0.0728432775401249,0.03917394,0.2126580255546037,0.01505728,436.4478835973224,7617102449180.486,7.948872237981988e+22,4.328,13863136700567.12,276.7316113749345,25.653,1149.391,35.007,57.142437033527074,0.00606509,2.3229897671997304e+21,22175810000000.0,43.494,0.2103808913928981,1.862084e+23,786.542969,1.203509e+22,15358.983665107731,7554.957,55.60687708493713,50.62632556527238,1.0
102.257,99.294,117.59183425139094,85.3764951411723,133.5082285710409,60.869,5575967000000.0,163.087,-0.0041096581949592,0.00829479,-0.0115645386583983,0.0034363,224.899795395088,4816879945598.941,5.119855786179458e+22,4.335,1339011124013.2412,10.833059001912632,44.623,2323.878,44.382,55.74702636429722,0.2215661,1.7383161734556486e+21,49927810000000.0,52.625,-0.3521158816151426,5.667214e+23,1345.862915,2.838492e+22,13298.324755741549,8991.062,49.154880993446014,46.71463127502562,1.0
79.176,70.071,72.43042749432335,49.95356226972415,97.59552653997748,38.225,5165824000000.0,236.065,0.0052790898937061,0.00438628,0.0041070105903839,0.00224317,1589.834643773402,18631497507492.027,7.600060438564796e+23,4.786,1714691175749.0396,98.93542369794773,30.863,4339.617,34.784,47.57232815062986,-0.09163033,2.448711123755009e+22,75733180000000.0,42.773,-0.1707927683767476,1.543985e+24,2286.690918,7.704719e+22,28968.59123325593,11047.24,41.47304479878512,42.72018678280966,1.0
97.512,89.343,84.73113096019087,53.77090917207005,100.633027339818,48.18,16444020000000.0,322.124,0.0061265128572541,0.00513279,0.006451408135098,0.00262079,1661.9483776157583,24566878390212.71,7.304190778631319e+23,4.997,7260520227170.42,154.52903379852242,30.895,5738.103,37.556,47.56102331169516,-0.15943645,2.6279129690588605e+22,110194800000000.0,43.405,-0.2898727400076407,1.688209e+24,3238.94751,8.869315e+22,20816.61912915355,10342.18,40.64948336550472,42.29080859035191,1.0
90.591,89.312,111.02940391290942,62.25999848677751,118.07315987728664,38.511,2498337000000.0,9.661,-0.0078077902421164,-0.00041752,-0.0131866947209018,-0.00013865,205.99172239479597,3378867815912.134,3.766390339713161e+22,4.129,1514334008078.354,26.56210240368012,5.854,2454.255,22.968,40.858903182382576,-0.065963,3.116757142481403e+21,48074760000000.0,27.944,0.3166535534283094,2.119361e+23,926.463013,4.704285e+22,7719.221149791115,2290.322,22.67283614589004,35.42253533992466,1.0
103.625,100.331,77.02084452093136,48.97216446093684,87.9394462935322,46.837,3887111000000.0,80.892,0.0168990836073006,0.01098623,0.0180771755535548,0.0047631,90.73095438516582,1167439074917.2097,3.2828061745173945e+22,3.736,747711641837.2592,30.02967157017326,13.265,780.163,26.393,44.83651640164387,-0.3949171,1.9830836390037307e+21,13792640000000.0,33.128,-0.7737514624734309,9.105455e+22,292.073547,1.242152e+22,13010.052502618944,4036.91,33.68421052631579,38.25519462686838,1.0
106.344,95.082,90.3493513563199,66.83716847050559,113.2111601875016,58.478,10873870000000.0,625.561,-0.0112853637246956,-0.00534174,-0.0158293546358356,-0.00297365,4324.935587023278,74912131753725.16,2.3021615024301025e+24,5.442,13228308937108.852,603.699247088868,51.909,12043.397,48.676,65.21059337125665,0.09932285,3.744845077692312e+22,227235700000000.0,54.256,-0.1456405753393882,5.312531e+24,6896.401855,1.44264e+23,31318.83496088308,19015.39,74.55826558265582,61.23153924213662,1.0
88.454,77.38,85.74542958723723,62.79364270829994,114.9461688301231,43.036,38414390000000.0,1150.903,0.0623518127917305,0.03954731,0.069842735432839,0.01763674,1872.812751233106,22480891129921.95,3.499795749940214e+23,4.679,33931374679445.188,1041.6493844986503,19.207,3493.666,29.943,42.10240786106841,-0.05392471,1.816858116654648e+22,57106370000000.0,35.692,0.3554053714964886,5.42078e+23,1251.64624,4.793034e+22,15100.278273397293,6254.543,29.81320192528077,37.598523522447216,1.0
99.857,92.478,98.71759681198787,66.32169869646488,118.70222640049754,48.38,49864730000000.0,1556.917,0.0637543708562912,0.05750834,0.1112202124674674,0.02181381,2108.092503140954,29290150400374.24,3.953239647134391e+23,4.799,39132984838490.88,1274.8323996424,22.157,4085.398,32.8,46.71470255718094,-0.03099165,1.6406842287004244e+22,73435430000000.0,38.031,-0.0100815457629746,6.156501e+23,1398.212891,4.721326e+22,14397.068803240318,6495.034,39.838460050299865,42.06498937321131,1.0
110.392,103.132,109.4868390016579,75.8721881650371,128.88131514362587,53.545,56006340000000.0,1742.203,0.0805650762269155,0.07079376,0.1311612203434871,0.02867682,2548.1933099071694,32478911893699.12,4.204417965262829e+23,4.876,51956918567510.39,1637.243479083378,24.656,4052.933,33.944,48.87767909468133,0.09373035,1.6769959210234036e+22,66979720000000.0,39.57,0.0971380127710885,6.185984e+23,1459.802612,4.079302e+22,15180.397835826185,7666.801,41.850875089906495,42.87647827456571,1.0
94.068,87.963,82.26962468960039,54.75859794924549,96.52910911335454,41.484,34911000000000.0,663.472,0.0143249490275183,0.0088272,0.0128640669961962,0.00390062,1105.7714836098908,14780464357239.2,4.401475446769724e+23,4.816,7036716700196.906,210.40485131619005,19.308,7211.073,31.515,43.84974933356498,0.06099404,1.7741275578329714e+22,138256200000000.0,36.31,-0.6782053803434384,1.855571e+24,4141.656738,1.209543e+23,21155.713450356136,8214.26,33.14821907315205,38.87842699810308,1.0
107.441,100.295,103.28854363095888,67.6027351443019,122.544664320374,60.375,15639060000000.0,404.202,0.022246383863768,0.02489256,0.0440923067044688,0.01093444,662.3271583960536,14094101061792.969,1.9204184948470777e+23,4.486,8864342956755.375,221.1068092219907,41.354,1999.957,42.975,54.04222153999732,-0.03473854,7.357606613164414e+21,42816180000000.0,50.219,-0.1579511228029839,4.568099e+23,995.785461,2.410096e+22,13893.64496676824,9305.09,49.86548808608762,47.836646952082965,1.0
113.07,108.326,86.56779012503603,65.60557453602108,102.52482515623804,61.785,24753550000000.0,541.287,0.0187245253866463,0.01400869,0.0548504186490992,0.00530294,1268.1176182155632,28797715340569.742,5.324059178388193e+23,5.031,14505221376387.84,389.8820676007505,36.151,5428.565,39.623,64.89783356495343,0.43425199,1.08845308461718e+22,113046900000000.0,48.038,-0.0599187363418376,1.319796e+24,4765.849609,6.24179e+22,18686.25309295465,9735.874,69.29710077374848,58.163040359313776,1.0
93.564,86.839,94.13493031723443,74.17998876938204,106.27403329765984,61.88,31735880000000.0,852.2,0.0373257539996476,0.03316161,0.0969125501651798,0.01614871,1528.0296898816418,30492550538924.56,4.692120442742051e+23,4.916,29908971325302.297,733.7123463710742,56.974,3042.314,50.985,60.9587781128132,0.10952457,1.181237358053e+22,60588390000000.0,58.128,-0.1228828746155293,1.11684e+24,1499.283325,3.359346e+22,17410.466113235452,15934.94,62.88375301828216,54.45343402369788,1.0
104.603,99.929,97.14408343544603,70.24218114598068,114.4377207271433,50.713,46272140000000.0,827.048,0.0305711575015744,0.01419279,0.0611734397427116,0.00512568,2381.618376034889,43161330574878.74,7.537907163082407e+23,5.156,44091311689037.76,967.2408521923152,29.15,7313.067,35.56,56.334129466347385,0.19403341,2.233234555344823e+22,150238300000000.0,41.878,0.2565986234796558,1.638377e+24,4337.577637,1.01006e+23,17405.542326993585,7645.303,58.87764489420423,51.11964210538852,1.0
91.077,85.634,122.36671305492088,89.21536508988633,146.6012470039983,59.354,27525610000000.0,594.746,0.0737896189254069,0.02641616,0.1110058587565007,0.01362347,713.4579680697697,10315343737924.86,1.2392107408634037e+23,4.487,22033309890337.508,455.1343695319098,58.131,2207.823,51.203,47.915341075067886,-0.08499857,5.622125781951561e+21,44592580000000.0,58.751,-0.267798420371443,8.666417e+23,1258.255249,2.752871e+22,14493.783226527208,14947.32,39.18918918918919,40.58452610892658,1.0
87.977,80.138,80.52050237582127,56.56211909915604,100.73945687072818,44.142,4965778000000.0,64.12,0.0206525225135343,-0.00317649,0.0254089427703929,-0.00156557,593.1927923653246,7717715486299.377,1.853675225974247e+23,4.289,3639127311281.02,152.8699716451809,25.363,1808.469,33.755,45.14489234616699,-0.21644166,7.610110169631156e+21,30548400000000.0,39.839,-0.4954311218080738,4.330731e+23,789.535034,3.088142e+22,17805.76021362908,7961.969,35.17030233448144,38.72671843959678,1.0
110.862,106.184,107.99720009931843,75.48150414458162,121.28603438549314,61.817,9964058000000.0,232.824,0.0337024679825405,0.01774422,0.0781395170966364,0.00746949,697.1650555875859,12428605631562.734,1.721461592967644e+23,4.564,12543693218210.447,275.68618809718174,36.778,1728.153,40.46,56.16825642910168,-0.09482419,5.542710503912773e+21,34093390000000.0,48.416,0.2270988656015473,3.883287e+23,909.398438,2.000769e+22,15032.33775868193,9380.722,53.40368781166648,48.619855932982176,1.0
105.635,97.006,95.01713994824748,66.0242980606863,118.634158498724,50.265,44082350000000.0,984.391,0.048162666076213,0.0545909,0.0724119913384222,0.02363142,1151.6534707270969,18571078986587.13,2.985648693399046e+23,4.598,25454416893757.188,603.2855552706445,28.567,2382.99,37.015,53.73057536198024,-0.16551562,9.963049337477243e+21,43970760000000.0,42.034,0.1018828331916152,4.564363e+23,1069.615356,2.819176e+22,17410.01184124399,8250.488,51.10353906915511,48.73294238754532,1.0
106.373,100.104,95.93347723492192,66.13974247898405,114.64624201702654,51.606,47527220000000.0,1086.891,0.0554841712753295,0.05862321,0.0773247306367479,0.0249596,1119.8692199263496,17719876038075.086,3.09437223875808e+23,4.715,28183251877927.637,699.0450738978773,27.984,2421.621,36.589,54.70504425792291,0.00202053,1.0223102757161572e+22,45454980000000.0,41.932,0.2122056547812715,4.586871e+23,1098.332764,2.911022e+22,17973.019833187594,7931.327,52.59950632520827,48.29196234970721,1.0
113.869,103.407,107.19546014613384,79.64188281477009,131.70577545598167,64.263,59451080000000.0,1539.565,0.0762422843311444,0.085379,0.1112192816205211,0.04049462,2117.164542701498,29965173401778.48,5.0088572111027335e+23,5.015,49166794777705.53,1306.7927534358162,40.637,2958.618,42.81,55.14597677423134,0.20989631,1.3733476760281462e+22,49783180000000.0,50.145,0.3749808084039233,6.829269e+23,1295.738281,2.47023e+22,21529.880931602056,13525.38,51.35289416600068,48.038667519503775,1.0
95.49,91.087,82.09912941789213,60.27665240496039,103.77461100884148,40.402,25154330000000.0,837.119,0.0944273502549287,0.03948063,0.0809546490407891,0.01726162,1182.569369934899,12091198004077.668,3.733784409428266e+23,4.569,24738832494957.33,862.4049898782638,17.859,2344.243,28.115,52.99540616190816,-0.01851576,1.0201987072962192e+22,37369240000000.0,34.1,0.7770269977086615,4.838034e+23,998.304443,3.400129e+22,29613.342382531635,7511.911,54.8767642721719,48.013648686631946,1.0
93.195,83.668,90.63476611047416,55.9570038220708,104.598929028761,52.587,20459370000000.0,519.985,-0.0121263191994058,-0.01272817,-0.0166125082024706,-0.00762318,1711.051317758372,28957381293140.117,5.54506966816307e+23,4.897,16243645884268.645,344.0115493679436,43.006,3721.231,43.249,47.63960470639482,0.11710393,2.6346515851223037e+22,65479370000000.0,49.369,0.4497435045811633,1.205948e+24,1759.650513,5.206558e+22,14166.262745577773,13312.56,38.949582683042685,41.74606167187864,1.0
88.948,80.933,93.9509868219691,69.55960439579852,111.43304986961434,55.769,41786940000000.0,1014.988,-0.0448994082057531,-0.02573528,-0.0980106639931824,-0.01452743,1304.3870202071605,23357110447015.56,4.517096656940862e+23,4.849,34771544420046.816,707.1656792406114,59.06,3607.832,51.96,60.04932973908246,0.0510951,1.0699870554205706e+22,71861350000000.0,58.334,0.043262300291073,1.679979e+24,1845.334839,4.699559e+22,20544.298376456387,18105.08,64.65329789804301,54.7620729282165,1.0
88.205,80.28,89.47890587069743,66.58088263879807,104.8549251368173,55.62,41404330000000.0,993.731,-0.0417957526709384,-0.02531326,-0.0897855585108447,-0.01412794,1330.0221278017932,24178191758775.94,4.648056990932511e+23,4.853,36720313845031.0,719.3049034668499,59.474,3606.601,52.253,60.05021349060794,0.04510463,1.1603978833206035e+22,72381200000000.0,58.574,0.0067131183043629,1.678469e+24,1851.254272,4.687279e+22,19398.76787751984,17967.17,64.81543066178916,54.80223850416723,1.0
87.032,80.478,87.33524475126988,67.29304151611619,107.69473218844884,56.095,29111260000000.0,946.497,-0.0432869768983026,-0.02734385,-0.1183469596195597,-0.01471566,770.9227629237229,14627348562921.725,3.023889335934577e+23,4.734,16038889651077.71,428.3246364087051,61.9,3178.383,54.097,63.977187453763,-0.17617549,5.818578037620727e+21,63963700000000.0,60.706,1.7490248794513514,1.53125e+24,1767.166016,4.069844e+22,22065.593114121548,17926.16,70.52039926349453,58.76539533062754,1.0
96.514,91.696,83.45247668145966,54.741283006135085,98.93982100792644,52.527,15203440000000.0,500.82,-0.0131405631355114,-0.01630857,-0.0224430167396072,-0.00796053,658.9711609832895,12793601119228.877,3.358431647535068e+23,4.636,6095441817757.928,153.52119911218057,43.045,3016.469,43.784,55.39775610315328,-0.15088004,9.19984950992358e+21,60116040000000.0,49.882,-0.78249079133264,1.026408e+24,1651.694336,4.155322e+22,20635.28392306274,12284.18,57.88657690738474,50.6365677931233,1.0
113.83,104.576,110.62335371379584,80.9250135045984,134.0391865727548,57.682,11804430000000.0,328.64,-0.0858211802068591,-0.06215115,-0.1349847683313302,-0.02858981,513.2379625722309,6650735526241.804,7.690187768789699e+22,4.197,12609345517454.229,339.7660524389553,17.711,804.506,30.822,44.150604478950406,0.01561382,3.414550112649602e+21,12583300000000.0,37.419,0.3892840544507311,1.062031e+23,221.451202,8.218006e+21,14206.602059094155,6956.294,27.036310107948967,36.15975331208293,0.0
143.165,136.018,145.45869221386812,86.75100508798516,171.22704748342542,73.914,2072907000000.0,43.086,-0.0107866986925257,-0.02801483,-0.0347205760343817,-0.01067006,47.26155758458935,1160179064218.72,2.5482147627989923e+21,3.231,67549955185.91377,4.444119861320606,26.318,266.345,35.722,51.15103667389828,-0.51339287,2.114529027052482e+20,5566317000000.0,45.745,0.3016033481150705,2.074468e+22,91.149933,2.492258e+21,4431.345003567989,3867.412,43.64896073903002,47.10669146381651,0.0
96.397,96.459,75.28433965248783,49.420326072549294,100.77090461602604,42.809,1866188000000.0,116.988,-0.0846336510599622,-0.0143567,-0.0411797925639872,-0.00584239,196.8735719178542,1353063692875.8694,7.302188171493208e+22,3.739,2096583092267.9717,111.80105305021016,24.915,869.41,34.03,46.880934015794544,-0.1721857,2.3090227281168585e+21,16864430000000.0,39.289,2.93225470230491,2.194078e+23,510.853424,1.291028e+22,38157.19232749944,8250.659,39.90284524635669,40.44715875877684,0.0
132.928,131.391,129.58840090672052,75.77103158054076,134.8474697752821,63.644,6300825000000.0,52.141,0.0600767810090578,0.00821481,0.1799771724304513,0.00288457,129.29733873836793,2489897857843.1245,1.6541277707723516e+22,4.0,5230999460396.19,95.4620050233929,16.53,993.808,29.788,46.73955940159668,0.37282902,1.0215040372215204e+21,19683660000000.0,37.853,-0.3966850572511051,9.150875e+22,696.704041,1.18678e+22,7503.233467108746,3811.955,33.734939759036145,38.653432965536766,0.0
92.776,88.15,105.52096238614445,53.25302218487366,122.62080337764966,37.386,1877915000000.0,27.002,-0.0471678441544396,0.00207232,-0.0847391604872172,0.00072538,243.29473356856505,3811774676013.944,2.5686013299524385e+22,4.046,7303589166191.845,157.16325672259305,7.347,1336.263,22.769,30.97331109159175,0.0967373,3.1476693925693185e+21,26080910000000.0,27.64,0.3038061504171186,1.160735e+23,548.855286,2.598392e+22,5369.582281603372,2347.871,15.519156024430872,28.383749533112816,0.0
118.404,112.35,116.6600273937378,93.24632064897438,131.68835115738372,83.279,22501870000000.0,589.496,0.0558141906735479,0.06796505,0.1304744129261484,0.02521585,1056.6371522733875,18161174240706.63,1.8019765120989047e+23,4.656,19291050406123.77,536.3185581821219,50.103,1814.469,48.945,61.55346814807921,0.13935535,5.712681492132984e+21,34425680000000.0,59.725,0.7541950662992676,2.97645e+23,574.865662,1.250015e+22,13739.012576062358,9586.912,55.386796273795056,52.480620304298,0.0
108.353,98.992,101.83067825133102,79.95236084252535,122.28011423282224,73.307,17156630000000.0,818.45,0.040145412488678,0.04572924,0.08129163067556,0.02189833,1935.896483232316,30093676592068.22,4.969308739791458e+23,4.967,15992379653841.77,721.0918991216354,57.868,2858.902,51.407,62.08450111750177,0.09070126,1.1828049380072883e+22,49966090000000.0,60.477,-0.1488606812563212,7.623972e+23,1008.172302,2.31322e+22,20291.89288887717,15359.87,60.835140997830806,53.66822063424035,0.0
118.889,111.274,111.90421656265156,72.4199411565603,124.57834400352615,61.943,6742030000000.0,299.387,-0.0199852000043228,-0.02776583,-0.0355688536277842,-0.01404452,495.831993139066,8574272300715.12,9.56116682950053e+22,4.488,2711788544927.287,128.66471762783075,24.627,1428.679,35.49,51.108936966996815,-0.14175706,4.95525604626425e+21,24263720000000.0,42.338,0.8210599684421098,2.202133e+23,584.009949,1.583015e+22,10755.05670074876,7778.299,40.00597550044816,44.344300713002674,0.0
109.978,98.424,112.91590228946768,92.22742241400242,146.505236129183,68.185,34606690000000.0,1092.505,0.0769078652666568,0.05061166,0.1266814119099359,0.02600396,1731.0203027349878,25326023781034.28,3.668828005157485e+23,4.763,30365031326257.902,892.977223611153,53.262,3196.524,48.878,56.47825998926087,0.32540411,9.086935712325194e+21,55416610000000.0,55.707,-0.5496299686802151,8.018418e+23,1082.296997,2.769748e+22,22931.685699248726,14370.5,55.96414044990454,50.74472425699728,0.0
111.389,110.641,84.48953209782954,68.84598667950029,78.5764954118746,65.845,4778088000000.0,111.566,0.0196792500623073,-0.01049289,0.4301498489719877,-0.00433871,16.005616089359417,698593163452.7454,6.163295463236363e+21,3.813,1139961950464.0894,9.623153280468316,40.993,1316.236,42.546,70.57442319186698,0.36190766,1.122040588273597e+20,28280020000000.0,52.291,-2.3499827851489883,2.868641e+23,766.605164,1.537188e+22,8392.191753471847,8400.286,79.38517179023508,64.7939971470002,0.0
103.785,93.166,104.14901643051218,72.12479246867701,122.09678535296057,57.492,21191720000000.0,691.365,0.0326278300106005,0.02673303,0.0399645450632027,0.01378401,1587.4724050393374,21861497469960.277,3.679389813955973e+23,4.694,13752904739509.729,510.95181796600457,35.594,3196.389,39.953,46.49424463053142,0.10323603,1.5099789637814573e+22,52167990000000.0,46.345,-0.2688347455594289,7.332359e+23,1086.963867,3.56562e+22,16969.02628784804,11007.56,37.17768114166718,40.82309759870105,0.0
124.486,122.553,127.08200200847816,95.34338154823776,131.71210861388934,74.748,3148573000000.0,95.169,-0.0014813366946399,-0.00802347,-0.0035740246047679,-0.00368401,201.36337585137875,4659102129414.714,7.380465331110316e+22,4.131,3555976431679.326,3.577428117555532,39.148,1651.352,41.722,62.04371024566213,0.23725843,1.545640210966671e+21,33247010000000.0,52.177,-0.9530041824978236,3.091617e+23,833.450867,1.652256e+22,21905.38053842744,9011.525,58.84903429247142,52.06041449758185,0.0
130.429,125.943,116.30197495781256,86.09105577253655,129.46866705340656,80.688,1370602000000.0,125.852,-0.0166130219982673,-0.00978379,-0.0312504233418145,-0.00460121,879.5952135311438,16452427485564.242,1.922605903469201e+23,4.7,3819183332094.237,148.4207385325204,37.442,1981.996,41.675,60.02711955191685,-0.09749422,5.860872736448182e+21,38530290000000.0,52.245,-0.1198264402103131,3.667621e+23,966.516907,1.790478e+22,15706.816654691624,10096.78,51.69794944124987,49.4888695618893,0.0
90.906,86.012,98.25731144480416,64.45025977740035,117.97639699896668,40.812,24207810000000.0,503.59,0.0457573032947508,0.03455432,0.0589648775283129,0.01303523,762.7119672321462,10375623285304.668,1.4769898710176533e+23,4.408,15014852292843.926,390.5385836206983,14.508,1638.363,27.371,43.86112363303485,-0.11865541,8.455398600193337e+21,29715860000000.0,33.327,-1.0103329653055633,2.396756e+23,649.92334,2.654716e+22,12546.866199363503,4671.463,30.155685920577618,38.00507905082947,0.0
101.005,92.109,83.53247191008029,59.38323861760296,103.1834679635853,51.904,36534200000000.0,613.668,0.0201488486804956,0.01519661,0.034047025706182,0.0078392,1751.071677148342,29479398381886.99,6.514915378417804e+23,4.992,26299799561081.605,501.8070763877437,31.711,4381.292,37.447,53.17547910448425,-0.04817521,2.0018665620806738e+22,78162580000000.0,42.46,0.3525777814059304,1.127777e+24,2057.387207,5.823021e+22,19050.30958994571,10847.7,53.66005203681411,48.41609564128669,0.0
104.286,92.887,102.92980951751407,64.14861002130877,124.3607221809197,51.331,2485057000000.0,69.594,0.0078459405765554,0.00270749,0.0116440566170583,0.00132083,1351.2055062835784,19476976449784.207,2.8095032440396655e+23,4.63,2268963592406.882,125.45658981912231,24.165,2867.463,33.337,45.02561008772088,-0.0911365,1.4694761133942692e+22,48329440000000.0,40.001,0.2742025681898306,4.957572e+23,1225.181641,3.97685e+22,12658.683437241762,7084.676,33.748204882719,39.90079760099619,0.0
100.01,91.233,86.22178022083187,60.05802503525842,110.5062291741772,49.56,34306470000000.0,615.008,0.0240332123505655,0.01502758,0.0385746587536297,0.00753529,1297.4572900023004,20914015975465.438,4.511283830479376e+23,4.865,18898518628416.277,395.514575653257,29.044,4229.148,35.873,51.57815324180295,-0.13113055,1.4205807885125922e+22,76312050000000.0,41.15,0.0069814708154328,1.074422e+24,1934.446167,6.039302e+22,19711.822523873263,9912.353,50.06092961179133,47.20642164220578,0.0
100.953,92.847,82.23837090639695,59.38629944011389,106.05776283234792,51.101,31736720000000.0,555.209,0.0190114320991706,0.01356215,0.0343714386254807,0.00691168,1076.617342851983,19016290631903.688,4.331191530164701e+23,4.738,15892538509374.44,294.1068545741696,29.818,4239.906,36.634,54.20533911513223,-0.08311784,1.235117042461383e+22,77803460000000.0,41.442,0.6408546178614373,1.060336e+24,1892.476929,5.996005e+22,20359.14285524409,9939.246,55.55902365940446,49.7943218773122,0.0
111.2,103.083,104.37521296573276,82.54010255366427,122.54156107725632,72.767,10215920000000.0,170.571,-0.0118793608182081,-0.00711158,-0.035175920996539,-0.00362123,1321.8748266402267,27158106590123.11,3.5553196728756205e+23,4.872,8894432016640.617,185.95951424823,55.66,3133.608,50.115,63.3086913916692,0.39676261,8.415083258346945e+21,62324420000000.0,58.046,0.0346064210014648,9.641278e+23,1395.516113,3.071002e+22,16616.655874847693,15411.53,65.72528086400597,56.06016914540118,0.0
107.962,100.955,103.18358645936938,79.46774747399077,118.30243420379026,70.651,10669640000000.0,204.017,-0.017189242111133,-0.00859534,-0.0498327430600744,-0.00428977,1025.5403516911024,20365048066620.305,2.6221825421028056e+23,4.653,9505643270273.393,214.24671367316205,54.627,2978.096,49.518,62.385111859000936,0.4327195,6.651342715278562e+21,59730730000000.0,57.291,0.5720057684135794,9.487152e+23,1407.28833,3.066753e+22,15297.66015630735,15020.08,61.65646548384598,54.75202127449312,0.0
96.263,90.741,91.32642143037654,75.76214454937237,105.70963636234792,65.85,6934896000000.0,80.973,-0.0102301954935555,-0.00358439,-0.0344937888489983,-0.00160394,1050.7978085888933,20527513128147.598,3.1346970098661287e+23,4.786,5158580886311.315,131.38640072373414,56.945,2828.638,50.66,64.80778930079777,0.26484868,6.401223963362791e+21,56688560000000.0,58.805,0.7744342955492136,9.925606e+23,1469.394653,3.065026e+22,17713.965715597376,14802.93,67.43714821763602,57.66881423278067,0.0
102.632,93.93,92.43675071596138,66.06459708607473,103.41850207158836,60.452,13579670000000.0,189.551,-0.0028751101550146,-0.00657882,-0.0073421376092865,-0.00330862,1186.9829399537264,24807249876983.62,4.610503762865711e+23,4.97,7674598594601.372,53.965817609624985,47.018,3317.194,45.567,58.59600039981499,0.08431865,1.1801919136970171e+22,63936710000000.0,51.859,0.0020030014991798,9.943994e+23,1654.125244,3.956915e+22,17767.79618029324,13069.59,60.32038487128308,52.46371627086044,0.0
108.865,100.09,93.16435505795477,70.84935170991487,115.73285916862616,53.428,36459890000000.0,830.482,-0.0562334580965652,-0.05117927,-0.0841255377303704,-0.02369218,1212.227397318983,19058761405058.414,3.089719068283362e+23,4.699,32899403593116.477,715.6269877368894,27.794,2042.784,35.29,52.09731487956809,0.13247843,1.0758297225511125e+22,36139800000000.0,41.476,1.0259504164496804,4.280366e+23,945.073914,2.478371e+22,17805.896639553313,9194.56,48.78310117863156,46.58053233460697,0.0
105.675,101.06,104.39241988466186,67.67661404802921,118.8361609611206,50.416,13699620000000.0,534.902,0.0044514658616659,0.0185283,0.0095642294862999,0.00724897,637.324164846795,13491490319818.79,1.635097909800955e+23,4.605,2920662693444.7246,44.634848194924345,24.625,3350.061,34.432,55.45409589728989,-0.04905383,6.748729464843717e+21,70041490000000.0,40.548,0.2767437711881489,6.442683e+23,1830.37439,4.864728e+22,11621.743192318514,6574.052,51.83122522182367,48.41276835779651,0.0
124.991,119.07,109.07048806972728,85.04144347352707,135.19097794250246,70.624,18790020000000.0,389.129,-0.0466619534307711,-0.02222077,-0.0972754399077374,-0.00860409,976.0672374356694,16147986543122.93,2.433796527142961e+23,4.694,17977762074355.97,448.1880627025564,32.275,2807.157,38.669,58.0090223790744,0.13113409,6.574406027254862e+21,52941260000000.0,47.098,1.0793054213701725,4.91031e+23,1639.39917,2.850978e+22,18394.22746448162,8175.205,53.467830974606045,49.81842288209321,0.0
100.45,96.0,107.91187546996338,76.187791410575,126.65757524282132,46.416,28135390000000.0,686.264,0.0399075398503133,0.02303285,0.064157232412696,0.00810985,1405.5205868148971,23869683295637.15,2.5725176252064734e+23,4.805,23846286227204.184,602.7235743592828,17.39,3618.39,29.96,50.98385781568432,0.07907138,1.2183761885686055e+22,71347480000000.0,36.454,-0.0506013359402605,5.179498e+23,1768.728638,5.477785e+22,12396.467517172316,4608.788,42.44208370664278,44.24349489620311,0.0
118.652,112.714,116.6380722026896,70.83284541475935,131.6709487620344,59.224,4127704000000.0,67.541,0.0088710093810309,0.00708437,0.0214624831737992,0.00284324,692.7115537429094,13252179222443.996,8.8073070197717e+22,4.429,2525891839989.241,74.70276999766195,24.841,1352.317,35.311,51.05705922091336,-0.14179525,5.472671930897011e+21,26864080000000.0,42.203,-0.3340811478050522,1.752805e+23,532.580811,1.558585e+22,7620.98978434224,5556.046,40.80671110089635,43.393343483824594,0.0
109.812,103.242,97.46306636405464,67.27560058893894,109.77504118256672,59.497,3793783000000.0,15.109,-0.0073138445127088,-0.00116435,-0.0186801652077504,-0.00046443,645.2063941119362,13932651072736.338,1.6587438868716663e+23,4.591,4907007426328.701,72.66304523376292,33.826,1861.362,38.977,55.20820591802219,0.2150507,6.319300310720968e+21,37100620000000.0,45.387,-0.5986025446583632,3.464524e+23,907.447388,2.14285e+22,12191.433369677878,8019.248,54.56320156173743,49.458803292572,0.0
121.208,112.895,113.16945196617304,92.1427310655784,131.61758153753655,81.481,39043610000000.0,834.858,0.0523858022584779,0.05630407,0.1188316906368274,0.02524593,1759.977282827602,27655876905649.984,4.198880239720161e+23,4.878,34429071352253.383,771.1713950470534,46.312,2824.598,45.535,60.76947970178667,0.25642496,9.570720327645054e+21,48195690000000.0,55.845,0.4845816072315853,6.095827e+23,1340.325439,2.120434e+22,20941.19364034037,13880.3,58.78262021459796,51.90883863976658,0.0
112.823,107.81,108.41120668107054,84.28352001044583,121.82371336665592,72.164,39056610000000.0,1048.654,0.0765299754924524,0.07881213,0.1729199701828398,0.03129284,1540.1944251191778,22189841062272.06,3.304246425101244e+23,4.739,37200883494033.24,1002.3130890246496,45.191,2525.548,44.676,59.110755795592986,0.21188952,8.31521655111823e+21,43243810000000.0,53.743,0.3092069482523986,5.212467e+23,1247.984375,1.981957e+22,18419.11381045155,11711.63,57.26976606455434,51.7530077820492,0.0
89.85,82.173,96.73727384967351,77.46333846569401,106.66657000018516,61.932,33382720000000.0,958.745,0.0540689507641376,0.04004237,0.1618324749968296,0.02484502,1360.4090197316907,23582011571902.39,4.146035662374358e+23,4.731,34978815850361.45,758.5873792208515,63.683,2555.805,54.151,63.65024612729632,0.08633567,7.663146463748465e+21,45221660000000.0,61.389,-0.092147631533622,1.128314e+24,1068.443359,2.640943e+22,21591.467578970573,22015.64,67.61878414828135,56.30496013358741,0.0
80.984,74.577,77.81496716829321,55.98618239206473,94.60037887015103,42.078,35165660000000.0,849.796,0.0583785562347017,0.03481908,0.0558070639667777,0.01684665,788.0575419861365,9597129373526.783,3.3809820735295363e+23,4.587,21251469069380.54,544.0881441074201,32.024,2210.121,37.933,50.16402987824696,0.04081957,1.0310770497747673e+22,37964020000000.0,43.831,-1.4497287134336858,6.823387e+23,1008.711609,3.591983e+22,25932.91385782575,10185.39,46.40929000713049,45.23711244768766,0.0
79.488,71.669,85.22269310917103,62.984710040148606,108.26519001814732,41.598,44039140000000.0,1038.621,0.0792540121105486,0.04062031,0.0768315625926174,0.01956487,1067.317309113314,12866726739407.1,3.367084570025744e+23,4.639,29652175527083.188,779.8594791677984,31.226,2405.088,37.239,47.028498619980574,-0.10156899,1.0815596064626696e+22,39397110000000.0,42.81,-1.2469777056746127,7.179145e+23,957.939941,3.772933e+22,24798.22674532056,10182.72,39.45618153364632,42.37536329642823,0.0
104.358,103.689,100.36257338378212,56.33235814820696,106.77330375861663,44.429,1554056000000.0,91.156,0.0016891470064346,-0.00839835,0.0020906778793446,-0.00305349,109.93970922052648,1642736580485.1277,4.923989462453848e+22,3.893,787712911980.3184,3.879970673780477,14.551,1017.979,27.898,44.1894108876541,0.01932961,2.336480491058592e+21,21715560000000.0,33.811,-0.6408915013061021,1.70657e+23,662.3703,1.953899e+22,14824.866174168508,4304.507,32.82686925229908,37.07150908477775,0.0
91.469,91.404,78.30156157918648,49.8172770557398,83.695199641386,37.238,3001346000000.0,68.943,0.0078999376894087,-0.00714191,0.0057068679292816,-0.00251948,75.8401332419115,730767798071.4565,5.179769236403825e+22,3.865,851558168817.4171,11.375910272748603,11.859,800.539,25.453,50.20240072665447,-0.13110913,1.9334883968731872e+21,16297250000000.0,31.692,-1.10579482070455,1.451069e+23,502.472382,1.814562e+22,24906.118313002287,3992.969,45.146871008939975,42.13317572972828,0.0
85.494,84.999,77.57673017295697,46.681338775793066,84.8331085185632,34.518,2241349000000.0,60.057,0.0068050288651009,-0.00612227,0.0045977059956913,-0.00207516,75.37726451696811,662644701472.2584,4.720545969526111e+22,3.789,655828468992.8859,8.83973249576615,10.369,756.344,24.132,47.36890286392642,-0.14484017,1.87862609792699e+21,15324100000000.0,30.724,-0.9442547323539492,1.380015e+23,454.123993,1.89696e+22,25049.395852966347,3590.4,36.081747709654685,39.76085101370243,0.0
109.993,107.372,96.347293442771,74.12596351197293,105.36878815106088,66.616,6618207000000.0,18.77,0.0247291046240768,0.00189394,0.0927242170700695,0.00065093,453.1465542049989,9220820167690.762,1.0810519386593303e+23,4.364,5563937516543.002,147.9047747566038,41.027,1566.51,43.242,63.86977874166431,0.42924172,2.8006146747796984e+21,32861640000000.0,53.448,0.9397278955215376,3.247743e+23,1431.097046,1.620617e+22,12991.02913302393,8481.039,60.820300031918286,53.80923122130388,0.0
109.05,107.64,97.7923114309164,76.02487540483631,106.70949015471535,67.972,12293570000000.0,226.096,0.0365364994184584,0.02312224,0.1147566425676099,0.00791873,608.9656383007197,11515645871830.031,1.552245857320683e+23,4.362,8723219594350.321,268.1413692320664,39.819,1628.084,41.977,62.04185130949218,0.33255035,3.794427628271871e+21,33635100000000.0,51.705,1.1472921068423925,3.476153e+23,1298.519531,1.59971e+22,15553.17019376585,9167.477,63.07385229540918,55.34328618704935,0.0
109.05,107.64,97.7923114309164,76.02487540483631,106.70949015471535,67.972,12293570000000.0,226.096,0.0365364994184584,0.02312224,0.1147566425676099,0.00791873,608.9656383007197,11515645871830.031,1.552245857320683e+23,4.362,8723219594350.321,268.1413692320664,39.819,1628.084,41.977,62.04185130949218,0.33255035,3.794427628271871e+21,33635100000000.0,51.705,1.1472921068423925,3.476153e+23,1298.519531,1.59971e+22,15553.17019376585,9167.477,63.07385229540918,55.34328618704935,0.0
110.534,103.417,101.12684127689413,71.35986824485082,123.2054206300204,52.2,16084580000000.0,317.357,0.0409902241567633,0.02159191,0.1006555540918732,0.00815828,520.0953922074892,10155392230229.896,1.0474079665924464e+23,4.442,13624613575743.805,253.03265371969997,24.7,1954.583,34.621,54.32819949961963,0.15856837,3.926487936375266e+21,40295860000000.0,40.362,2.2119832990055923,3.690044e+23,1041.127319,2.45396e+22,12348.274108411137,7142.262,50.96289337717238,48.6753391795493,0.0
95.48,89.584,94.7894281782047,58.4270610282762,115.77227663916844,41.275,15239430000000.0,255.763,0.0251001601016019,0.01464663,0.0439000617104604,0.00531157,614.8510764371122,10553944157558.115,1.2684435803639486e+23,4.414,8683242854113.825,201.4789851355592,16.67,1830.056,29.804,47.16645209637814,0.04040084,6.615171987895303e+21,37157770000000.0,35.215,1.184915811488252,3.309772e+23,984.936829,3.138762e+22,11470.174037365225,5175.724,37.972859373123576,41.38876172407124,0.0
85.534,84.32,98.99899953323865,61.10855250927168,106.73520182469449,35.888,1493833000000.0,35.632,-0.0143391367055976,-0.00164391,-0.0165023132090652,-0.00052136,80.53928772128822,1249865179665.1985,1.957081987519009e+22,3.964,433483479151.06586,16.1171896570918,10.754,2080.479,26.733,47.93071076009196,-0.01711262,1.1843613129643936e+21,42580710000000.0,31.463,0.151704705162691,2.667641e+23,1019.584473,4.35243e+22,11649.463055114513,2939.014,29.64426877470356,40.428183423339306,0.0
98.188,93.364,96.1076354788454,61.27244055433688,114.4602609777806,43.778,18628130000000.0,442.42,0.0142635444628793,0.01412852,0.0248132147026806,0.00506271,864.8947612462337,15312969818459.973,2.236943415508813e+23,4.68,8464113121545.05,197.60714498873085,16.971,3315.176,30.37,47.42595214562462,0.08040935,1.1356111471431752e+22,67109330000000.0,35.802,-0.2240267524385859,5.794812e+23,1929.019287,5.681383e+22,11626.898665001834,4993.04,38.68985987437013,42.0290069709318,0.0
88.625,71.619,85.72898563232668,59.74071142686859,119.6848790899826,46.159,16424880000000.0,411.72,-0.0053229319142396,-0.00897735,-0.0048342766851678,-0.00516587,2217.965172302734,27751556351877.742,6.918639337968213e+23,4.721,5795929419153.369,107.89050696972396,38.291,4752.685,41.163,43.771623929123045,0.03604385,2.435266857834429e+22,75810770000000.0,46.707,0.0735741153398176,1.570136e+24,1926.80957,6.053153e+22,24719.54830127154,14834.09,36.44602609727165,40.46296972784172,0.0
92.711,77.288,81.52160564029775,64.69300091990257,109.63311694866812,50.481,21805360000000.0,1099.817,-0.0348012942868396,-0.02148725,-0.0317104605807153,-0.01358973,3036.784158413905,37801692102201.016,1.141490859294254e+24,4.919,20052585918964.367,936.1200150217004,41.827,5310.813,42.666,50.34126821422701,0.13844246,3.013940253852412e+22,83595910000000.0,48.321,0.4004326984062914,1.899428e+24,1929.302734,6.197299e+22,30930.501947240224,17670.87,49.148943826694016,45.63201011046382,0.0
95.744,79.76,84.88597077193961,65.52137887661857,113.11531538414944,52.608,20364590000000.0,906.495,-0.0273568108723148,-0.01854495,-0.0237632174274095,-0.01214083,3002.1530536295027,36972116482543.945,1.0608938600426576e+24,4.971,17883271696468.664,718.4445671287326,42.626,5090.996,43.204,48.68960013824068,0.15858908,3.0101575223020437e+22,80040700000000.0,49.205,0.3219415962384203,1.841618e+24,1934.630981,5.812067e+22,29458.97911011412,18572.23,44.79477818342737,43.914041390801536,0.0
92.943,77.785,82.34736807840072,63.18462449644759,110.6783404589161,51.364,5961534000000.0,298.094,-0.0033837305955104,-0.00662395,-0.0030218905510098,-0.00406306,2912.634654001265,33115719442435.57,9.86124812102067e+23,4.882,4854331252946.898,76.15762451315274,44.953,5191.117,44.464,49.21897135751673,0.05761178,2.621873258772307e+22,79208680000000.0,50.171,0.4074888391951212,1.785417e+24,1920.28418,5.513707e+22,31826.277392908145,18323.5,46.127469889846125,44.754569029977546,0.0
93.459,78.479,79.52344433575999,60.80525083258517,107.45025067561302,51.775,11342380000000.0,426.544,-0.0083563170180695,-0.00933244,-0.0076851810563842,-0.00600082,2908.276892321923,35179239233416.785,1.0932710374148096e+24,4.966,7979724131238.795,209.9441087619784,46.685,4951.424,45.582,51.70036048312705,0.07147294,2.7741496915314403e+22,78518540000000.0,51.065,0.6002635060386062,1.840869e+24,1923.979126,5.395762e+22,31657.39356198328,19499.36,50.02691893554838,47.00466893495478,0.0
99.041,83.615,84.03018366803701,63.41035591564717,111.72142550329256,54.391,9056230000000.0,334.286,0.0002738550650218,-0.00690147,0.0002665899233514,-0.00480048,3228.833381150664,38015237161563.45,1.0917007558551714e+24,5.039,6993354787754.512,6.971254535197223,47.377,5443.981,45.694,51.432079206548295,0.0927915,2.72976569229848e+22,81638530000000.0,51.103,0.5192217526650853,1.935799e+24,1881.598999,5.478159e+22,31225.269547831947,20931.86,50.05317936640583,46.85670223459786,0.0
88.227,78.759,85.37421397409251,64.5128401148787,104.62186632598878,49.915,11033560000000.0,305.943,-0.0468709959070857,-0.04152176,-0.0624967229353131,-0.0187603,257.1413529147173,3640223058051.404,8.0057100975767e+22,4.101,6455696967646.736,150.08092889448866,29.464,781.38,38.441,54.28615122036758,-0.2224609,2.8412413736450345e+21,13556730000000.0,46.47,3.42975775237521,1.584387e+23,252.522797,1.088718e+22,17787.531990931224,7315.565,47.27058129241664,48.20642486893062,0.0
100.163,85.181,85.1336247946811,64.98399942592813,112.01630985403378,55.625,18530940000000.0,589.736,-0.0119658383978173,-0.01188721,-0.0115314041490354,-0.00808732,3950.693101246588,43106652788311.94,1.1309525013677094e+24,5.12,12754173761289.338,358.6161767825851,46.701,5940.21,45.506,52.2140914302026,0.21486849,3.0778669537297944e+22,84852140000000.0,50.981,0.8037699095873159,1.916478e+24,1815.984619,5.584249e+22,27612.349297383116,19788.86,51.09108005576992,47.32415362091559,0.0
101.007,82.343,105.703473246936,66.72236873443491,140.8984780781955,49.105,6900799000000.0,244.821,-0.0223753765068717,-0.02285934,-0.0242977639945604,-0.01200575,779.2157859368713,10168706284912.56,1.631895981670187e+23,4.301,4897945957141.942,157.47789985536352,29.428,1199.115,37.41,47.13095035988543,-0.19041444,7.395960609584806e+21,18975940000000.0,43.061,0.1394065240741325,2.460457e+23,469.991608,1.538011e+22,16524.96470369276,9085.387,39.59117805271652,43.04768792557704,0.0
97.419,85.163,86.69870079938941,71.13523802382959,108.55708569994812,58.73,13023970000000.0,424.879,-0.013123969932433,-0.01003602,-0.0157828289198291,-0.00621805,3823.988934446945,48419927342589.32,1.2190586520492706e+24,5.162,17242872857926.863,415.0717970530608,51.049,5212.196,48.048,57.46500663918032,0.20539251,2.743346187221782e+22,82122690000000.0,53.831,0.3329284304625219,1.754729e+24,1809.167603,4.89805e+22,28352.333338237386,19336.87,60.01359031381271,52.46069220405677,0.0
101.635,87.977,91.36071663576784,71.90641910185579,119.29674641236603,58.347,8334488000000.0,319.509,-0.0074619164190332,-0.00724499,-0.0082396522072116,-0.00452871,3857.9601612677407,45662832660417.56,1.2154472340016603e+24,5.115,7436503700164.368,218.7013083254444,51.269,5367.209,48.21,58.02357929388354,0.22325255,2.634523687796576e+22,82525240000000.0,54.264,0.4794875094638448,1.806959e+24,1808.910034,4.963725e+22,30290.114052696823,19284.75,61.74085719013734,52.80490855739772,0.0
92.74,83.839,93.99565138752206,81.35717715525162,108.50457562635242,62.339,17165260000000.0,435.383,-0.0196180249689098,-0.01280127,-0.0362476307062462,-0.00750699,1698.1299155040665,26945348554578.96,5.484040101459507e+23,4.86,10444314580066.988,313.94725357746387,63.099,3731.021,53.943,65.1390945939532,0.26641655,1.0017153508944686e+22,65312920000000.0,61.301,-0.6206494874612033,1.559382e+24,1907.421387,3.827054e+22,24914.99060556933,20245.08,69.69952938337156,57.89234372210319,0.0
99.356,97.943,92.13192743142464,72.25037692678222,97.13201028727754,66.603,19110510000000.0,499.756,-0.0362209151711423,-0.05679813,-0.2504193160530937,-0.02893613,206.40635251604564,5669214863855.456,9.52541095813288e+22,4.228,9459536426945.248,144.55767244802905,56.65,1000.797,51.053,70.28327720226609,0.44764984,1.405345881721284e+21,19592900000000.0,61.625,-0.3237071515841355,3.571685e+23,575.217712,9.833137e+21,17093.68272004973,15571.95,74.4280266920877,60.91293753676205,0.0
95.369,90.644,85.61116702337314,63.32213292181059,94.3102822485948,49.24,32988140000000.0,678.973,-0.0511428178313983,-0.02364604,-0.0592738256180562,-0.01141324,605.5142023051749,7894031930055.762,2.984285841729782e+23,4.515,15489144285789.088,367.25657484727145,34.664,2740.222,38.757,56.62549427413129,0.1723754,6.731524495897588e+21,51579150000000.0,44.92,0.5285165467306312,8.065527e+23,1458.802124,4.025164e+22,29378.069121803732,10208.67,64.50516407373513,52.23622181569515,0.0
75.988,72.4,78.31746826080794,47.78311083595651,93.42303022960944,33.235,10033420000000.0,252.673,-0.0077834548761896,-0.00603102,-0.0047134796554882,-0.00230623,603.9447157280032,5789214713881.199,2.9563324272954992e+23,4.476,4701379302581.204,57.85442009471751,18.049,3182.861,29.102,41.67161051296123,0.02528761,1.170009128370474e+22,63031790000000.0,35.289,1.21276708646372,8.64328e+23,1870.300781,7.180561e+22,27663.47993317744,5940.107,26.966571393065745,36.790661892516106,0.0
88.228,76.713,84.16352111180396,59.65948744161796,107.76982481873904,47.286,6417981000000.0,14.128,0.0138718736577543,0.00025186,0.0188131427862063,0.00013432,2362.409094571776,34810911700062.605,8.047699003351378e+23,5.034,19646310244090.89,392.9069494822349,37.28,5532.999,40.42,50.30074183758941,-0.04872875,2.6328596735858924e+22,95299280000000.0,45.428,0.4782756170310532,1.753196e+24,2696.245117,7.885535e+22,20710.934470368724,12551.19,46.54636180320585,46.12710991265614,0.0
91.148,80.928,85.052847147724,59.04307846991048,106.89720694614266,48.551,5418775000000.0,122.629,0.0076401549140588,-0.00218545,0.011190690682056,-0.00112198,2389.5320738927103,37204707843726.06,8.568908693991499e+23,5.077,13540287029440.305,240.61903886336844,36.702,5654.478,40.371,50.91758887088328,-0.02839296,2.7945968408936e+22,102372900000000.0,45.472,0.5031677079151462,1.756916e+24,2756.121582,7.977289e+22,19856.82000515697,12103.7,48.05810303440635,46.39974703319695,0.0
92.814,83.26,87.09556430404182,61.301377688188346,109.06121428069372,49.159,2027710000000.0,184.101,0.006039070716909,-0.00312,0.0095850408892586,-0.00158373,2530.9909024964627,39659921228935.59,8.94062086987453e+23,5.091,10489636039047.96,194.17424076077828,37.474,5866.541,40.728,51.469795890567184,0.02133017,2.7398600081865422e+22,107280400000000.0,46.032,0.2265098433346236,1.854526e+24,2839.324951,8.300669e+22,20300.247017029436,12012.23,50.2819407170642,46.84977532039288,0.0
97.597,86.571,86.4413371715842,62.57757780040832,109.01933658505,52.917,12890240000000.0,72.703,0.0067935547604632,-0.00140984,0.0111798029126563,-0.00072605,2334.463376893348,38280843597848.27,8.695311023564079e+23,5.124,17649703388286.223,202.0335250214162,40.062,5577.134,42.276,54.16708132127184,0.0301095,2.43633090460736e+22,103565800000000.0,47.561,0.3650663386575752,1.745253e+24,2860.797852,7.195872e+22,21310.5604660636,13123.42,54.45580002603828,49.19632760996231,0.0
96.661,86.249,85.07600075505482,62.33208188277846,106.77857877384356,53.17,13634530000000.0,141.063,0.0045931424606263,-0.00288392,0.008512549469777,-0.00145444,2219.3348268606505,38593927148258.125,8.261516598032781e+23,5.127,16059218599927.393,137.0455915977075,41.159,5411.628,42.557,55.18299671305966,0.02240988,2.2857276139789206e+22,99921400000000.0,48.106,0.2496488448389533,1.712565e+24,2869.840088,6.90588e+22,20163.40998857041,13295.32,56.712692856216776,49.9442602257672,0.0
99.787,90.218,88.0846482252108,64.57250614746312,111.213283736759,54.94,9442253000000.0,285.308,0.0007234124973487,-0.00562242,0.001218066490431,-0.00291241,2331.390640932518,38348648074670.1,8.259423330958618e+23,5.151,9743158100822.389,20.3445296629376,42.036,5580.005,42.875,54.33423985597897,0.08822022,2.282627538373952e+22,102909500000000.0,48.65,-0.0769660296820864,1.767884e+24,2887.595215,6.977505e+22,21456.008521506115,13588.6,56.10639619126475,49.12679800340384,0.0
100.274,99.082,86.72581255515752,51.098765103540174,92.0198569594806,45.398,4816313000000.0,70.05,0.0068015321200035,0.00316804,0.0192154037564854,0.00104907,242.7336965895332,5418843091283.647,9.97844987914212e+22,4.183,2040587467378.1716,38.00015995445968,23.584,2502.532,34.324,55.96685205724734,0.11043846,3.5492822276018846e+21,58811750000000.0,39.794,-0.7073818671903225,5.006082e+23,1479.557251,3.974401e+22,12625.85055770159,5645.184,58.4271550999832,51.38810873707451,0.0
103.325,100.616,102.8549777723123,71.84451926945897,119.80271007754186,43.724,8397972000000.0,177.713,-0.0518108322565333,-0.01333528,-0.0696335132449328,-0.00449099,474.70228513584505,7627403439618.674,1.2374585298721876e+23,4.316,13714619920762.896,281.5918733142586,14.022,1528.014,28.067,50.53915271315556,0.10228283,4.786181736198415e+21,31644740000000.0,33.582,-0.0974232759069994,2.483608e+23,764.156372,2.546065e+22,16518.17366544801,4725.64,48.253855699344086,44.91900321341396,0.0
124.125,116.429,117.24576379912618,79.31735990337097,128.92036080583435,73.87,7847519000000.0,141.099,0.0153884813048846,0.01780517,0.029375007091336,0.00782273,1121.102841211041,16977924565934.531,1.621578589100037e+23,4.56,6846309989137.266,162.74857828046018,40.296,1578.887,43.019,53.3163239287297,-0.07431028,7.502775879584555e+21,26052960000000.0,51.326,0.1867783056989095,2.0896e+23,426.048615,1.139457e+22,11153.992351967603,8722.445,43.82935964191103,45.10333623114447,0.0
80.14,74.318,68.0643808589694,47.19901070499835,85.97664307999983,33.602,7505483000000.0,237.305,0.0091174644568157,0.00636257,0.0051486850981925,0.00251321,683.9958135992017,5390142312221.083,2.287519510050051e+23,4.493,791861787507.9689,59.73762712105675,17.2,3089.768,28.093,42.94173389812188,-0.11975224,1.05011668334718e+22,57212340000000.0,33.885,0.225906620483655,6.880311e+23,1687.723145,6.508758e+22,24610.273954113007,5486.493,27.48964137733962,36.11582632790248,0.0
87.502,80.298,80.53093564470731,51.98041776370221,98.04553526677188,37.532,13647950000000.0,390.501,0.0157274155545813,0.01000485,0.0094621432366817,0.00381587,744.6524215986145,6641117112925.716,2.3921753373803412e+23,4.498,1324371518968.5493,110.43791202427026,17.258,3739.118,29.221,42.33580711005951,-0.05947163,1.0857878352458607e+22,70992260000000.0,34.595,0.3084000590579523,7.701527e+23,1823.345093,6.857879e+22,23732.241440207275,5666.498,26.337285902503293,35.82659379887221,0.0
90.488,83.415,90.35837921039756,58.001621470277776,117.58954516173364,39.586,13665220000000.0,376.529,0.0115695675937886,0.00955812,0.0089412685244275,0.00384009,901.9365038581066,10627129944129.15,2.455880412258223e+23,4.405,1146449139662.4004,107.35401770276468,17.524,3912.919,29.655,41.77927594013685,-0.14114176,1.2227728811260505e+22,74307210000000.0,34.976,0.1237948996617343,7.80744e+23,1960.435669,6.770121e+22,18455.552901091643,5995.515,28.263473053892213,36.667744439120106,0.0
98.163,94.459,102.19484665845135,66.57389329161944,122.55199645261952,45.643,11681670000000.0,241.803,-0.0053547550496322,0.00691064,-0.006395553516127,0.00265995,852.5067838629404,12269366141601.965,2.0009518101189435e+23,4.584,5819844856992.533,52.14460467331892,21.99,3670.846,32.729,43.525470699228194,0.07554129,9.938670399965205e+21,75511490000000.0,38.384,1.174846202209644,7.791164e+23,2176.756836,5.925484e+22,14675.084331607908,6453.317,30.03798577968248,37.45630890759413,0.0
101.813,97.437,104.12371393184512,67.66747403968179,124.81555598146136,48.12,7085048000000.0,155.447,-0.011621577566919,0.00466688,-0.0145759645110695,0.00183485,899.5612394853299,13166777590983.37,2.2068491511631462e+23,4.582,6297292085289.649,117.00604294374148,23.469,3744.66,33.499,44.622911913958376,0.03638162,9.936519832737705e+21,77500540000000.0,39.223,1.229359461514144,7.707414e+23,2205.374756,5.59161e+22,15762.94078177875,6850.069,33.45664959210776,38.58517357581708,0.0
73.855,67.656,76.3532827222116,50.03834049745282,88.48221523929287,39.993,21322690000000.0,570.073,-0.0170631472901233,-0.01025747,-0.0153276624890331,-0.00473219,1178.613012431968,13892432818435.88,4.1598016823455175e+23,4.691,10452568150177.242,286.33667467555927,26.774,4524.48,34.235,41.916760395517386,0.0286776,2.0064780186345875e+22,83097160000000.0,41.186,0.574523840033661,1.324269e+24,2263.836914,8.581293e+22,17686.485274303493,8277.087,29.412761151891587,36.95271815358424,0.0
96.015,90.716,82.06672906335139,51.82251708209866,94.94252718507131,47.455,15305070000000.0,625.615,-0.0168725555709608,-0.01216916,-0.0216942107282842,-0.00566229,1298.8362221584723,21613311742762.67,5.763472733212154e+23,4.909,14976281862468.168,377.8102643449562,30.769,5068.723,37.156,51.728193809831495,0.03993082,2.0422957913673407e+22,99442900000000.0,42.769,0.3909471580574454,1.338104e+24,2566.586914,7.733243e+22,18617.85237636456,9118.739,50.76362076362077,47.146324690117,0.0
97.199,92.08,88.9256073563277,57.68686628209439,101.82676539006242,48.701,19000690000000.0,832.372,-0.0191453403741442,-0.01702338,-0.0288860986081124,-0.00735461,1047.215884659875,19865158473412.41,4.794034656064618e+23,4.821,11795514130568.686,327.787372545724,33.759,4967.382,38.795,54.27634781308405,0.1140632,1.4103079261398672e+22,101329700000000.0,44.724,0.2394787607436727,1.392859e+24,2834.736816,7.426626e+22,20202.85683304502,9266.781,55.40071636445042,49.40572428595837,0.0
88.491,80.905,92.8965329641228,57.48409154288263,112.32258326050712,39.535,8539543000000.0,177.202,0.0189166669377751,0.00852726,0.0256408498194207,0.00351438,879.5880374800087,13144965398540.354,2.121301339953473e+23,4.465,9606042049057.344,222.4789198551736,19.998,2057.423,30.318,43.2380385808127,-0.01330117,1.1345815975227105e+22,37695400000000.0,37.398,0.3390865948190943,4.221736e+23,833.048279,3.431096e+22,12963.093961533908,6304.239,28.566791105340045,35.952656705530124,0.0
77.264,59.384,76.11316913992958,54.18368190993396,96.49977187120083,40.41,31052370000000.0,883.049,-0.0684263426017034,-0.02950799,-0.0446556664996916,-0.0199208,846.712921761711,7424383906471.257,2.0097346654604984e+23,4.41,14937513860363.531,480.21607237875503,45.741,2349.281,44.911,34.20847987550631,-0.04961572,1.1097922996170465e+22,33394960000000.0,50.606,-1.9418024294987652,9.7081e+23,1170.866821,3.715684e+22,20444.53002154513,16490.87,21.02134558227506,31.12358529658686,0.0
104.377,86.236,87.06145155364875,60.537926001922095,108.70541929966414,58.702,57786740000000.0,1666.905,-0.0379081244354942,-0.04280419,-0.041891409559347,-0.02816812,1981.298718590621,26487513253981.03,6.664212422340167e+23,5.009,27951453168646.9,899.63560910315,40.919,4210.199,43.855,47.960314808363016,0.00716961,2.4434733480148745e+22,66109160000000.0,49.471,-1.2195332228691391,1.230495e+24,1555.469116,4.815552e+22,20287.309916044665,15656.94,40.113199919142914,43.63749926481709,0.0
102.85,85.895,87.10814640783688,61.96544056162739,109.0633746771676,59.617,54604500000000.0,1600.542,-0.0361119161444145,-0.04054694,-0.0417899555773644,-0.02680347,2060.8297665731225,28756399613734.445,6.71085935727584e+23,5.003,31180877708580.902,916.195424499942,40.211,4363.006,43.623,48.16393493517688,-0.02082465,2.519090143724316e+22,67380030000000.0,48.949,-1.0876009228713226,1.233442e+24,1551.799316,4.890292e+22,19286.98253110244,15552.78,40.86641221374046,43.86200606245197,0.0
101.535,84.271,85.52140954715404,62.85946932032795,109.25099551616836,58.89,52827950000000.0,1538.018,-0.0369896887682392,-0.03984113,-0.0401211808176662,-0.0265606,1942.842322526982,25801748205914.496,6.430939970136562e+23,4.95,26834979862994.81,831.1583066223363,41.305,4224.59,43.868,47.52266694637723,0.03793158,2.3471759335144563e+22,64337900000000.0,49.304,-1.3577814013147995,1.232454e+24,1552.376343,4.770267e+22,20803.432368674807,16026.35,40.7097134510461,43.28711120649839,0.0
103.491,84.777,85.02421745488893,62.122108207934986,111.45028391497942,59.197,54369570000000.0,1593.735,-0.0382424649373874,-0.04087413,-0.0389205625493502,-0.02759572,1798.0288645339228,23217824068517.6,6.191581369753452e+23,5.018,23202824790250.406,782.8997421981961,40.984,4298.235,43.721,46.97454194426293,0.0237418,2.218066777937228e+22,64392330000000.0,49.076,-1.4084769552647558,1.257614e+24,1560.28479,4.793795e+22,22031.94580689127,16396.56,40.15405699163556,43.00910135583265,0.0
103.584,85.64,85.5627118647116,62.26686148565836,111.9584793872508,59.745,56178560000000.0,1717.422,-0.0368199387776245,-0.0428723,-0.0404603063140416,-0.02767089,1837.577438363761,25191645720527.62,6.745242436647357e+23,4.996,23111507274907.61,801.238687739888,42.421,4580.104,44.342,48.78386002295673,0.05057903,2.2231567971887662e+22,70773230000000.0,49.593,-1.5948345264663442,1.351472e+24,1590.116943,4.966634e+22,22480.76980044041,16395.32,44.92984552737573,45.14070595343953,0.0
107.985,88.648,86.83952519725617,60.29627136449433,114.4945387070859,60.714,66727270000000.0,1928.64,-0.0410127646788339,-0.04563841,-0.045632383600689,-0.03136307,1961.2181744136576,26388064089312.977,7.584907816258836e+23,5.068,31538377810058.77,933.6145751489752,43.857,4834.649,44.868,50.1020259891479,0.04998997,2.298301486437441e+22,72706020000000.0,50.2,-1.7369667245429752,1.447714e+24,1681.319946,5.084845e+22,24072.060953975462,17726.8,47.03279103093653,46.19077103158445,0.0
107.345,89.422,93.7107312491814,66.13633145538475,121.3058337564421,60.302,79366590000000.0,2168.538,-0.0468359899247434,-0.04914615,-0.0561783404597346,-0.03267248,2434.3868152050063,34814352177106.35,8.467342320120114e+23,5.157,47819292193713.27,1207.7128361994337,46.562,5097.09,46.155,51.42721282250193,0.00024238,2.462287683901625e+22,78174860000000.0,51.43,-1.587160987081894,1.610961e+24,1724.518799,5.329697e+22,23771.66841642951,18275.72,49.47242832109168,47.17013228178594,0.0
102.729,86.81,87.87212133688705,63.03464666011809,114.90209354907924,58.515,74243100000000.0,1954.108,-0.0417750564593932,-0.04759058,-0.0584971097746968,-0.02759962,2664.3264549189275,40039060928206.36,9.256298179432764e+23,5.191,51488488368362.3,1311.653222712028,47.548,4856.216,46.806,52.73897200015353,0.02682013,2.7682738172660667e+22,81060490000000.0,52.316,-0.3013716223377232,1.495632e+24,1875.58252,5.286783e+22,21535.210258291638,15905.08,51.60821875482775,48.64385683287243,0.0
136.153,136.77,113.5563796088258,67.99303203367559,122.61256606241598,72.521,3919890000000.0,99.356,0.0131916348233202,0.01787041,0.0735863341233011,0.00634578,16.441866015543983,487899290971.4544,2.564056774316371e+21,3.569,378539258528.3207,4.683030362278677,23.133,927.928,33.688,59.487180658850136,0.16857219,1.589136694287397e+20,18374890000000.0,43.178,2.049986867746658,7.779785e+22,660.686829,9.859527e+21,4663.529715256883,3741.506,53.62318840579711,52.62058716223626,0.0
122.017,122.795,116.45368718335148,65.16054770751366,118.8701391779548,63.143,2240131000000.0,57.256,-0.0163446253412878,0.01181498,-0.0848965659135634,0.00330118,34.26963336702891,896482972427.0983,3.3703128912329945e+21,3.479,797449695741.3816,12.438259884720049,22.896,815.027,33.8,55.606807352839176,0.14402713,3.2439126917978705e+20,18070310000000.0,42.53,-1.011849714770156,7.708695e+22,694.006958,9.716646e+21,3144.735820960689,3346.718,37.67038413878562,44.47269430460159,0.0
117.151,116.345,113.8145442588023,67.71566675592081,120.97478817690369,70.17,2395689000000.0,60.027,-0.0246846600037337,-0.00780942,-0.0990613746616995,-0.00350234,59.3942667955683,1414946841186.5117,1.0447045574941045e+22,3.779,1286305793083.4692,29.25132210442444,36.47,904.86,38.823,50.01034424024902,0.01513933,6.784807841194025e+20,18158620000000.0,49.197,0.0224381967116311,1.651639e+23,654.789062,1.134867e+22,6164.959098463029,7255.905,40.51724137931034,42.72910854533633,0.0
108.706,105.94,102.12543125195862,72.28342713538248,113.40499250314052,50.483,6305897000000.0,217.327,0.0196385992999447,0.01602793,0.1214527555822176,0.00666278,10.06688407503322,379781193616.5763,2.0988164701037988e+21,3.762,665074921982.3473,5.302421810985095,24.351,1348.352,34.127,60.13694247620133,0.26481798,1.1771203276315238e+20,29157740000000.0,40.883,-1.670980565048806,2.935792e+23,911.784912,2.117832e+22,4985.429505951016,6777.072,52.6813880126183,46.40419511701474,0.0
95.975,85.881,95.5548723053282,61.548561266810935,113.00398726804588,51.903,30243500000000.0,850.734,-0.0301433340136559,-0.0205514,-0.0474457843311307,-0.01057009,1858.94155447368,27395097653086.625,5.628247288556774e+23,4.882,24077945898157.46,677.3207152868499,35.897,4353.292,39.238,47.453146122695024,-0.04468232,1.978394421248003e+22,76924840000000.0,45.694,0.0117694273536198,1.274795e+24,2010.307373,5.878567e+22,17971.31363042584,11925.9,39.65312526503265,42.04737234564669,0.0
106.658,96.522,97.18344207526906,72.2942141834168,119.878797768234,59.738,58413640000000.0,1495.047,-0.061498538095568,-0.03481773,-0.0867434690804399,-0.0194589,2478.7185154789586,32835771408298.49,8.369074629490447e+23,4.984,46627875840208.16,1282.2445192925932,40.886,5195.595,41.729,53.33911313304632,-0.04577537,1.831964676546016e+22,86879850000000.0,48.556,0.2341324878848122,1.582271e+24,2236.360352,5.672141e+22,29223.72146877057,15506.74,51.60452606195511,47.403014780648654,0.0
107.474,97.373,93.61475880457326,69.32730433116342,114.52090685988954,60.308,52263540000000.0,1479.764,-0.0551046801383882,-0.03399853,-0.0883773027092512,-0.019014,2686.527464819946,37378349893472.05,9.20632487975486e+23,4.975,45680604072240.88,1348.4115229863614,39.968,5446.053,41.562,55.66047763025836,0.0289375,1.954368614204611e+22,89751150000000.0,48.248,0.3311801757078994,1.608461e+24,2237.651611,5.734266e+22,27361.230470510985,15562.48,55.18629617934955,49.67441912810808,0.0
106.476,97.688,89.32492940487853,71.01547547344414,113.3215801761338,62.471,52999120000000.0,1301.48,-0.0510294319752427,-0.03175762,-0.0812684282767665,-0.01704088,2360.376585635308,34152651379047.344,9.72389811843541e+23,5.027,46657703353014.94,1132.649272122489,42.445,5233.018,43.435,58.18674883461552,-0.0012172,1.7457115393272784e+22,89681110000000.0,50.214,0.0739173676166123,1.648996e+24,2227.790771,5.406444e+22,31972.260490341752,16257.15,61.137068250294746,52.25360972412616,0.0
108.598,100.264,97.00156937126349,78.88401038847343,119.69396826977588,65.808,65690350000000.0,1610.806,-0.0625455307906927,-0.04019161,-0.0945725193730757,-0.02248379,2812.8142951064133,38346454300572.52,1.0374122394854865e+24,5.112,58852789044745.52,1389.448966515239,44.783,5409.814,44.361,58.53656661512001,0.04546699,1.7745810144490322e+22,89322950000000.0,51.162,0.0643061841297969,1.685754e+24,2267.464355,5.125587e+22,34157.9339382208,17717.22,61.712361712361705,53.09667251522573,0.0
111.304,103.464,102.35342542548182,82.4571315595225,119.90322457978203,70.532,87656490000000.0,2073.916,-0.0688445203852077,-0.05423877,-0.1185994721870092,-0.03005893,3586.976120228822,52318809372928.35,1.114328360316936e+24,5.129,85761857617101.0,1890.332840737034,46.972,5860.072,46.01,59.54056475094119,0.15316865,2.005496176978237e+22,95633440000000.0,53.316,-0.0253047940348065,1.674583e+24,2292.166504,4.851735e+22,29764.97127458681,18275.27,60.36537779354381,53.22711874565766,0.0
99.335,95.676,95.83956542809663,73.21738459930236,97.27546643859758,61.425,14684130000000.0,245.159,-0.0464100700875093,-0.03119181,-0.287375459550128,-0.01541009,180.94935533286844,4457184049394.336,3.3681181086153127e+22,3.879,9642676145236.59,141.45789362672846,51.493,786.36,47.341,64.1996937087718,-0.08989801,1.111641758747622e+21,16662900000000.0,55.604,0.9555315728517668,2.90784e+23,565.518372,1.011327e+22,8043.603077801799,13763.06,67.0789724072312,58.6868275960203,0.0
105.374,100.113,96.37703020417568,58.39706188818545,107.8078737241432,49.876,9149329000000.0,214.18,-0.0235648169032805,-0.02091552,-0.0296118882735696,-0.00983017,434.7109017522556,6986679202876.782,1.1458779310088232e+23,4.253,6004630984302.871,158.59121775907778,22.617,1053.794,33.197,46.36623701621903,0.24938487,6.33361264320611e+21,19821190000000.0,38.859,1.2977099992729906,1.95857e+23,387.043304,1.578352e+22,12277.04795004986,6768.447,35.42970973249858,40.07685262959209,0.0
102.678,98.907,101.73668839861388,61.53025638957708,111.0601078029748,46.426,15685000000000.0,300.639,-0.0221243906685529,-0.02286969,-0.0324732807403565,-0.00968148,519.6483609996104,9333855679629.535,1.4343173160451603e+23,4.298,10882126604158.787,193.7432890845184,17.302,1356.382,29.105,47.71972317017569,0.03934722,7.604409295964619e+21,25942040000000.0,35.366,0.4308732945501222,2.192214e+23,615.556091,2.217766e+22,11788.058984773455,5315.605,39.35821872953504,41.30904662519152,0.0
104.677,102.0,118.13742040458406,83.29508509590376,133.99861851706203,48.408,15015660000000.0,317.715,-0.0396625788753642,-0.0219813,-0.0592824789337752,-0.00779037,316.820781084089,4967839091626.38,6.339284642494836e+22,4.304,7303135431003.487,118.86874888946654,20.839,1752.051,32.293,50.40001329432051,0.09830353,2.7433054495228795e+21,36785640000000.0,38.088,-0.3977259262026583,2.905253e+23,845.415649,2.552975e+22,14597.545491277158,5363.909,39.44954128440367,41.74161668350933,0.0
109.82,108.095,115.9449319947478,78.83710778138493,124.71564458027038,51.772,12151700000000.0,283.105,-0.0454262551924843,-0.02268534,-0.1215219984199909,-0.00923549,299.3751542411752,5735669355668.815,6.377604537058811e+22,4.299,8975347667982.547,144.41006525690767,20.007,1525.713,31.587,53.7029577183953,0.17973121,2.0914973644009004e+21,29875240000000.0,37.355,0.829874066450194,2.666167e+23,889.98114,2.089834e+22,14335.08217058035,6549.19,49.40298507462686,47.25759559718351,0.0
119.04,117.168,123.39391708597992,83.03680003738779,132.02613291425453,67.149,11064110000000.0,310.289,-0.012845027875669,-0.01999645,-0.0308267020535896,-0.0085249,577.2384271664863,11756403302422.268,9.924114339630984e+22,4.564,3295725643962.325,92.44566562119007,30.18,2033.222,37.641,54.10588727579926,0.35661578,4.432159223457629e+21,41913780000000.0,46.132,0.1301997071689265,3.777467e+23,1363.69104,2.355702e+22,10133.883006273583,7814.666,43.84323298074315,46.66862229965659,0.0
112.69,110.429,112.41434716272288,78.6065274638498,121.80462404234196,64.917,8483240000000.0,349.069,-0.0144568276009548,-0.02137364,-0.0355525154098969,-0.0079136,696.7391853273306,13815023972750.326,1.480167302359194e+23,4.562,3645389386596.7656,133.7111984812311,33.137,2356.663,38.947,58.06988276597699,0.1879168,5.546727474910656e+21,51152240000000.0,48.048,0.0876336064615582,4.308017e+23,1456.49292,2.580771e+22,11510.342497193757,7353.902,53.031085407415055,50.07742767445959,0.0
107.037,98.554,99.5779602590826,73.65292379849787,117.44821703887504,65.834,18979660000000.0,478.114,-0.0140376212823992,-0.01962657,-0.0548837045576433,-0.00914403,815.7929107707928,19357622726417.586,2.521524748068756e+23,4.894,7450669712949.741,174.5718582679171,48.013,2937.327,46.387,63.62262050261966,-0.07747116,5.88633524878415e+21,60276400000000.0,54.201,-0.5755368486869629,8.50082e+23,1552.982056,3.298261e+22,14805.63452564405,12241.82,66.36774797255146,56.98260162258883,0.0
109.493,102.055,102.85339228543198,78.91182664780754,118.11733820677888,70.012,26902360000000.0,553.183,-0.0155636387040091,-0.02286215,-0.0607704328606766,-0.01077805,929.4054841386054,22464215542800.76,2.592134565072109e+23,4.802,15099347510688.164,212.6148683354685,50.319,3082.88,47.299,64.72534807467547,-0.11383969,6.270034401430323e+21,63585660000000.0,55.328,-0.1004380795350797,8.583331e+23,1674.901489,3.284544e+22,13761.845921372958,12592.07,65.37403934287528,56.764216520001085,0.0
103.819,97.03,93.70979534957226,73.32568335425441,108.30096495599292,67.071,26434350000000.0,571.406,-0.0176458929646155,-0.02431172,-0.085592794129727,-0.00990202,951.9750175259488,25120665275524.8,2.979557506898245e+23,4.858,19134849865267.3,282.98718547353883,51.02,3058.894,48.304,65.79371608989358,-0.08041385,6.592943746342165e+21,68390070000000.0,56.297,-0.1510698593061235,8.708815e+23,1716.662964,3.348244e+22,13519.539303967536,11363.65,68.87616752033745,58.25628545987978,0.0
110.559,103.802,100.607733628125,79.6764024057142,113.91425218847893,72.015,30734960000000.0,564.425,-0.0175180758306138,-0.01953502,-0.0380175896798821,-0.0089691,2380.030272779437,44878178422123.54,6.835674185417207e+23,5.116,29938920122719.36,461.81151504664143,50.583,4272.81,48.157,63.9977466886289,-0.08370759,1.5525502370634566e+22,83121530000000.0,56.912,-0.3584127355659941,1.102603e+24,1878.231567,3.890291e+22,19015.707755918767,13192.73,63.96482931875277,55.48911129415057,0.0
107.122,101.356,98.1450778881702,75.67543965834624,109.51062891144824,69.057,22203700000000.0,506.42,-0.0108414675172054,-0.01680748,-0.0275062724493185,-0.00737931,2029.3868293630344,39817841826435.47,6.0255994116077154e+23,4.994,15843756628956.328,280.42539880003625,51.104,4306.735,48.363,63.691529014844974,-0.10185965,1.4452647783103124e+22,85636970000000.0,56.672,-0.0715403234286334,1.107015e+24,1883.018311,4.108252e+22,16941.846113642125,12146.0,64.03420335312349,55.75675024299896,0.0
114.026,106.967,103.62657501162788,79.0345574606634,116.72283749712524,72.796,17946450000000.0,540.556,-0.0155492891336889,-0.01728173,-0.037499859162448,-0.00826046,2009.6948675657163,38115551046859.59,5.563633215158729e+23,5.02,16610290651251.473,352.9533140456054,50.199,4525.17,47.562,62.68606828314263,-0.12472215,1.3514321383927669e+22,87794200000000.0,56.183,-0.4164721640988935,1.086793e+24,1881.599854,4.144466e+22,17795.182829184538,12505.02,62.54778693399031,54.30474730150883,0.0
113.653,106.278,103.45333517137342,82.72280982765628,119.51013631054572,72.861,19256900000000.0,515.312,-0.011603356880895,-0.0163909,-0.0262380489820321,-0.00787013,2019.6085426086051,36244107337670.93,5.158866963507995e+23,5.037,9629328177243.305,241.2685996244497,49.708,4606.371,47.318,62.368329289407264,-0.11132183,1.282329888634668e+22,88238210000000.0,56.097,0.248333440821044,1.10637e+24,1879.303955,4.167307e+22,17942.532054755615,12723.08,62.74826789838337,54.05571454194957,0.0
108.971,107.62,79.02088180414965,58.11746800977434,80.54145053667507,61.265,15572020000000.0,367.137,-0.0154521546879978,-0.02375357,-0.1402032268515858,-0.01036758,90.8731515346016,3155584207722.0645,4.291225309239083e+22,4.047,2121277168346.8943,39.99017633253842,36.995,1624.087,39.874,70.62842885475143,0.3075214,8.06533379561711e+20,35040190000000.0,49.116,-1.5065592199314115,4.677846e+23,1564.449219,2.215166e+22,11635.70652524302,9946.506,72.66834713719842,61.31302797538237,0.0
116.849,107.321,103.62982191962384,79.55813360221781,121.83146251193313,72.601,13920030000000.0,502.745,-0.0103539614596574,-0.01600587,-0.0194282111283783,-0.00775326,2911.991147428208,51745231874894.88,7.78225976060802e+23,5.156,10164979014718.896,312.2340617774305,49.034,4747.457,47.043,60.999788886712615,-0.10203066,2.005624135237934e+22,89499190000000.0,55.037,-0.3292262584074876,1.13447e+24,1963.915894,4.184709e+22,18854.374258669213,13173.99,61.21943371943373,53.70786013021864,0.0
113.018,104.449,103.10885169463378,79.01704862207363,120.50718417510436,71.448,21903020000000.0,645.675,-0.0179337750360659,-0.02066484,-0.0364024625807204,-0.00945421,2840.720628649191,51254632537724.22,7.982018148289858e+23,5.151,19983124038140.57,543.4113173678337,48.76,4796.851,47.288,61.34349227919418,-0.14381938,1.936955336732305e+22,92048820000000.0,55.134,-0.5589749788649201,1.159929e+24,1971.27832,4.259127e+22,19296.73760034657,12788.24,60.95932192506501,53.95030637158257,0.0
115.53,105.926,109.5707230633517,85.95095432949823,131.47601024816862,72.508,21660410000000.0,631.899,-0.0174107205404732,-0.01997023,-0.0372972724637752,-0.00917977,2792.6545117709616,48354948853784.33,6.911106516213051e+23,5.181,16929841567935.898,464.0305238446925,47.804,4928.137,46.66,60.26322359025665,-0.12866941,1.7158534535156062e+22,92784510000000.0,54.513,-0.1498421885401798,1.179106e+24,2009.301025,4.343955e+22,19008.55363789297,12897.88,59.1883697994667,52.73976101784439,0.0
116.937,106.341,107.56474084413856,86.19326528770029,131.53946535172747,73.497,21747140000000.0,591.337,-0.012288167119107,-0.01835329,-0.0233947231629136,-0.00863505,3121.7074177299905,52337457777622.414,7.885139854432306e+23,5.193,10011253539119.182,350.3725090670982,47.978,5089.545,46.477,59.69474763285393,-0.09337652,1.9542758020980155e+22,93652170000000.0,54.383,-0.1132043132461752,1.210511e+24,2048.683105,4.380816e+22,20269.71863401941,13309.27,59.2141198962174,52.39619098759815,0.0
119.279,107.552,107.6101201324752,84.16574057578123,134.0366673970325,73.662,23885890000000.0,733.134,-0.0190288076185902,-0.02209803,-0.032769367600782,-0.01078836,3209.5194206906262,51449119732908.86,8.03070141095847e+23,5.204,14666296316363.549,543.6720624707432,47.702,5178.473,46.196,58.77767536439236,-0.11826533,2.0710460280987628e+22,93469070000000.0,54.02,-0.2647656067072736,1.205835e+24,2057.694824,4.455367e+22,20590.47551443576,13360.67,57.852083900844455,51.432740975441554,0.0
123.297,109.148,114.8476146812268,89.9666938544454,148.3777962179559,73.103,24348360000000.0,480.586,-0.0074393858716213,-0.01295253,-0.011560448139365,-0.00684937,3756.27517960507,54251934291964.14,8.253589706537252e+23,5.197,11396835375054.545,201.2577059849733,45.39,5898.691,44.832,56.694002496481374,-0.14237846,2.134201815111412e+22,99109730000000.0,52.441,0.1275054273997502,1.327202e+24,2072.147705,4.857642e+22,22447.601976889728,14242.88,54.54381275735029,49.79938522451142,0.0
125.898,110.999,113.85812301019656,88.67597148643841,146.06913510672155,74.051,16348030000000.0,380.274,-0.0050640016225258,-0.01012217,-0.0076664061375925,-0.00551066,3890.444522269986,56856489975512.71,8.673747384438426e+23,5.208,8042102083117.238,143.57457400185356,45.547,6007.64,44.944,56.8669894548736,-0.13528194,2.271091401166996e+22,100883800000000.0,52.369,-0.1582300816385017,1.318337e+24,2065.029541,4.861456e+22,22424.781359275592,14385.15,55.59828326180257,50.26873841564502,0.0
125.708,110.732,115.51087905521746,89.28625410442861,147.03198503322378,73.273,19121270000000.0,599.828,-0.0107076081834403,-0.01581728,-0.0168989365597701,-0.00860055,3926.6660657262473,58677705292267.62,8.046836504461545e+23,5.175,10735478346066.75,311.31300032534466,45.25,6014.858,44.639,56.76467213690058,-0.15720709,2.233896023194328e+22,101489200000000.0,51.999,0.0563977533087974,1.317836e+24,2056.655762,4.90972e+22,20382.001405096347,14227.94,54.75645855758881,49.74412338817707,0.0
123.462,109.61,111.417060936688,84.66193677302292,139.7559360334343,69.65,23357830000000.0,801.967,-0.0186549842898576,-0.02043482,-0.0279192442907988,-0.01081868,3887.540513858057,58174421224203.086,9.241061641830502e+23,5.205,18046265679386.42,596.9035323225767,41.256,5809.293,42.87,55.62914499029279,-0.09332125,2.534662727542573e+22,98876250000000.0,50.135,-0.3250303671067405,1.324656e+24,2159.442871,5.192536e+22,21272.34598194936,13455.03,52.61227110146434,48.47955356534013,0.0
125.132,111.555,112.52346559741564,85.91370445307892,139.56994107683863,71.882,23201440000000.0,937.929,-0.0221631057493446,-0.02411419,-0.0310999074942039,-0.01343584,3973.472339217984,58921517895470.5,9.39452557911958e+23,5.195,17322284715529.363,702.7920833117201,41.217,5792.164,42.74,55.41511591564623,-0.11716355,2.606788554840026e+22,96805580000000.0,49.975,-0.3004308700379977,1.294675e+24,2155.580811,5.068073e+22,21787.46339695521,13964.47,52.49476407539731,48.50740017015933,0.0
123.354,110.324,112.00848206155516,84.44332004303095,138.61879809874836,70.241,35151470000000.0,1073.16,-0.0252644430561998,-0.02722453,-0.0366578062099192,-0.01463567,4162.8912323710565,60217906127893.01,9.680599711776764e+23,5.193,29405004040731.45,836.3288584893842,38.981,6006.415,41.578,54.57906947738526,-0.12662914,2.7134430109216465e+22,99343390000000.0,48.807,-0.2577307612875387,1.307056e+24,2223.464355,5.255163e+22,21409.0797556222,13422.19,50.54335056390977,47.69329446638268,0.0
123.383,110.087,113.59983701381262,85.84044222168228,141.4454941531548,69.973,35345910000000.0,1019.164,-0.0244244482789361,-0.02533027,-0.034937752527324,-0.01377565,4151.2339616284535,60272584100050.9,9.783169989027451e+23,5.204,30773466913846.875,793.4037778929616,38.219,6118.878,41.171,54.2088731954483,-0.14233518,2.674907449295336e+22,100922500000000.0,48.494,-0.1951933115540392,1.337423e+24,2231.97998,5.350885e+22,22134.540777010112,13611.33,49.60187494366155,47.10671627929159,0.0
122.053,108.142,114.08416267614072,87.00312008884097,144.38127390947494,67.199,39328460000000.0,1296.53,-0.0307965911862026,-0.02931051,-0.0408101948972135,-0.01588301,4676.020409096619,63990276470068.24,1.0604215675743884e+24,5.24,32933155638635.57,1051.9807583294955,35.181,6750.665,39.795,52.23157172468301,-0.0176078,2.988612450132146e+22,108870800000000.0,46.435,-0.0888088395800702,1.437139e+24,2215.652344,5.93113e+22,22775.41847295214,13256.24,46.03097635414587,45.43283439112186,0.0
123.24,109.426,113.09942858499376,87.18045931335443,142.7293578512495,68.983,49787800000000.0,1536.83,-0.0464999490180448,-0.03364165,-0.0560252729582745,-0.02012111,4458.103324413869,58529785688117.95,1.039514596684029e+24,5.18,52869700495971.445,1436.4299251164232,35.482,6778.303,39.653,52.138272788279245,-0.19695182,2.8419493367133797e+22,104516400000000.0,46.417,-0.3985938450874796,1.456556e+24,2205.603271,5.86786e+22,24733.488417936984,14359.35,46.693209466932096,45.478100456152326,0.0
114.388,100.149,102.56677820528893,77.72134613938516,129.72957264550865,61.674,55370310000000.0,1510.191,-0.0346085728589203,-0.03094746,-0.0438581484981666,-0.01696691,4731.902041382598,66147083240401.2,1.22193304252091e+24,5.246,53230117709459.09,1383.5123086081985,34.223,6748.178,39.283,52.45587870608344,0.00386908,3.544693963069937e+22,109596700000000.0,45.82,-0.2930812323415649,1.585146e+24,2362.930664,6.524454e+22,22405.92911238446,13409.96,46.49701692438816,46.23597755408682,0.0
113.113,98.228,97.69070776137804,73.53395227214241,124.60886892307404,60.912,62468970000000.0,1821.234,-0.0413018422625698,-0.0356337,-0.0484784867031907,-0.0212134,4459.348603577544,58785944331860.29,1.1783670504003408e+24,5.174,55230971240954.09,1581.8192568141617,34.0,6651.842,38.722,51.100966546506505,-0.19656193,3.6284585419024265e+22,103575000000000.0,45.343,-0.1664181356240209,1.540043e+24,2517.042725,6.683233e+22,22493.347238732727,13506.87,45.43057773721703,45.05307868454258,0.0
85.116,70.155,70.93579071635496,49.7197116945744,86.63498277738395,36.666,38916300000000.0,753.956,0.0164959371484417,0.01244452,0.01195735797669,0.00612435,1122.8482083013366,11262083832355.371,3.525200467507578e+23,4.586,2923361133509.085,215.3709554100553,27.771,4921.782,34.834,42.755811180952,0.1291476,1.793679855567861e+22,81420810000000.0,40.476,0.2262757096457997,1.48342e+24,3171.179199,9.202321e+22,19015.900196855888,9072.933,31.721470019342355,37.47998734835045,0.0
113.086,97.645,102.1152051435512,76.06189375492117,134.4965545692449,59.69,46748340000000.0,1463.764,-0.0352308708985207,-0.0260667,-0.0346895721202228,-0.01623591,4263.498520894123,52200490594479.59,1.0389664533494536e+24,5.046,36081685933059.58,1120.4826180565533,30.675,7015.689,37.13,47.89542939954159,-0.1583522,3.448141924007672e+22,106954400000000.0,43.163,-0.0583549311514339,1.570761e+24,2541.760254,7.336883e+22,23727.76088479948,13118.77,40.98450153164902,42.404281664172856,0.0
96.42,81.367,85.85516631212023,61.25421778838928,111.75422783099836,48.228,43991940000000.0,1291.474,-0.0263540832096778,-0.0222762,-0.0227564208671145,-0.01262006,2241.9047529761333,25967266809112.05,6.825892993058487e+23,4.947,22312773703697.08,553.9891831506379,27.593,6334.906,35.022,43.99189469781296,-0.08369665,2.6608732510052745e+22,94985060000000.0,40.848,-0.849827374232499,1.541068e+24,2569.530762,8.11923e+22,23234.96560282156,11338.49,34.758826454500245,39.78708180151793,0.0
97.604,81.462,87.110796132345,58.73286765765653,114.4587172789229,48.046,33242600000000.0,1164.302,-0.0251632188932178,-0.01987954,-0.0203230070433854,-0.01188318,2142.5086209787864,23663170837025.02,6.31259708398687e+23,4.865,17640516941625.54,491.5634810790104,26.983,6241.948,34.706,41.92870932506773,-0.06399122,2.609211954044843e+22,90029510000000.0,40.27,-0.873283197985946,1.509451e+24,2583.272949,8.040493e+22,23069.79835296523,11599.94,29.3777907202485,37.34296604764432,0.0
94.484,77.893,88.08135424536368,60.69083520257948,114.8135497322164,45.916,31318360000000.0,1073.716,-0.0220156375530846,-0.01839291,-0.018766788621839,-0.00980589,2013.6171672061544,23600552510473.72,6.159321977381594e+23,4.766,15557131169882.293,427.0153059796296,27.212,6292.372,34.955,42.29995511229455,-0.08411255,2.508393248622714e+22,96538500000000.0,40.819,-0.3296480132270887,1.557525e+24,2556.08252,8.31066e+22,22672.503506958958,10710.56,30.0254204145483,37.88325931909288,0.0
102.894,94.561,93.66816812350268,65.21746413808482,115.11746293107645,55.329,87777850000000.0,1958.052,0.0240188102413884,0.02522465,0.0381028315738203,0.01194655,3302.8585077122607,55242547458304.47,1.1737290030059552e+24,5.247,39610378770052.15,984.1227120204082,38.329,8820.455,41.842,55.73029861586959,0.12003312,3.258632583852817e+22,171170100000000.0,48.162,-0.3436896254394946,2.544387e+24,4587.434082,1.09606e+23,20915.433939344344,11688.89,52.84219992427111,50.08564178760543,0.0
102.271,94.516,94.12254041758328,65.64028871467019,114.1743312131538,55.551,95138870000000.0,1979.297,0.0246942831719034,0.02601282,0.0426229077638616,0.01190948,3372.648844993638,58975756334024.35,1.2278004987212255e+24,5.258,55563106618172.44,1089.9068820751284,39.555,8721.604,42.421,55.957198811481575,0.20959145,3.38029715590986e+22,171474400000000.0,48.822,-0.1728932600083583,2.57875e+24,4729.290527,1.086874e+23,20323.53420399113,11683.23,53.07320290173665,50.00367513079447,0.0
103.396,95.538,91.79518696315854,65.09670302011808,111.02291893545812,56.427,93993920000000.0,1949.42,0.0238138177671859,0.02583379,0.0405043470971111,0.01230073,3303.563186748136,57543781804146.14,1.243679672958358e+24,5.279,52712396323380.414,1025.6373174149303,40.319,8660.93,42.668,57.08592802175917,0.23927353,3.254512268774214e+22,165091300000000.0,49.098,0.0026695636482187,2.554554e+24,4754.266113,1.060996e+23,21039.16394346268,12137.08,56.20183774797242,51.55462331807152,0.0
101.931,96.688,88.32614220929834,65.09687082018496,102.90279164904554,55.934,58630600000000.0,1129.859,0.0186793604893083,0.01641202,0.0336928787621606,0.00805793,1500.4126527040055,30146247883916.152,8.706990370804812e+23,5.148,28785805971371.48,456.9345162894599,42.143,6928.125,43.25,62.46469419301239,0.09620649,1.7323093611838496e+22,139660400000000.0,49.922,-0.1260842291039084,2.355495e+24,4368.350586,9.262632e+22,25633.374540863733,12649.19,68.33092231301559,56.90057332938433,0.0
86.152,81.254,72.77088371043087,48.621380601760826,86.00700212443323,38.678,5685131000000.0,101.578,-0.0254413639949014,-0.0020828,-0.0165310559671355,-0.00091677,690.506845232964,5966331419024.3125,2.3680427511246263e+23,4.365,6473619269141.971,179.69235389598893,17.559,4078.25,28.718,39.92435291480639,-0.04324419,1.0567116767262314e+22,73548610000000.0,34.733,-0.6257470121178459,8.604549e+23,2338.526855,8.12035e+22,23499.010188963533,5847.363,26.23879810226673,34.32127278451673,0.0
96.658,93.795,89.34783238919059,54.6047102086015,106.3001555774808,45.619,8517504000000.0,279.215,-0.0152317237002711,-0.00610412,-0.0168206092580659,-0.00238074,1068.8451890047058,15253744315433.22,3.578619366082356e+23,4.684,9825788390123.863,233.89834914136404,20.882,4498.689,31.42,42.91739748846063,0.05231367,1.6970355560373295e+22,91325880000000.0,37.981,-0.1884546950171118,9.763473e+23,3023.708984,7.826201e+22,16548.873470650415,6268.291,32.524719032119386,38.115080576633126,0.0
105.007,102.328,92.77459239203344,61.79204007101611,105.32123870831896,52.151,16298260000000.0,324.155,0.0010533485432194,-0.00727128,0.002328343957439,-0.00296078,1076.9933464098765,21111971644430.59,4.420696154276827e+23,4.729,4605521230704.998,18.70431008194764,26.694,4901.275,35.055,53.38293941216276,0.03900877,1.2835907878688624e+22,99767220000000.0,41.344,-0.311737874023915,1.173713e+24,3440.303711,7.230032e+22,17986.30315423478,8072.104,52.03436537526341,48.38753657386006,0.0
104.725,103.448,88.75484195470071,58.76334097855806,95.31201285275812,42.472,3280811000000.0,126.874,0.0056054357345089,-0.00569133,0.0050854737075799,-0.0018836,305.2481800645189,3216207618441.1934,9.303329986875336e+22,4.163,1421599001372.1418,22.13026027984141,11.461,2494.048,25.682,47.44253334924064,-0.0901578,4.765147778723449e+21,51241220000000.0,31.94,0.6665368635778334,2.978107e+23,1494.029419,4.335354e+22,16200.935850275113,3329.091,35.59204440333025,38.99925909320494,0.0
102.831,98.179,99.70732322732457,59.56194953983527,113.42450125386247,47.779,14524250000000.0,324.425,-0.0322551195370987,-0.02747087,-0.0598333613332794,-0.01097032,372.1836413854959,6542009860626.67,8.36628646575747e+22,4.214,8609614734007.1875,178.40306615969297,19.821,1276.943,30.746,48.21267826237092,-0.25748268,4.3816684994317113e+21,24929120000000.0,37.39,-0.6144899129193941,1.879058e+23,589.74408,2.028834e+22,10739.35014060325,4784.29,38.8510057961132,42.21008814779756,0.0
95.345,90.994,95.72936564078202,56.41950655728185,113.40461291204528,41.157,9615191000000.0,216.131,-0.0084528790218011,-0.0090731,-0.0084364156578406,-0.00367102,548.366514904091,6772357451000.225,1.269210006619257e+23,4.407,2156465143809.9648,55.197300012361495,15.763,2336.943,28.594,40.62081544369532,-0.30968788,7.799857814643426e+21,42818630000000.0,34.009,-0.0156360332986522,3.776501e+23,1190.541626,4.137513e+22,13485.233330830317,4829.742,25.89247918724425,35.5173971996893,0.0
101.334,94.101,103.49148154238148,64.85713739757247,123.47320742858837,44.794,8529627000000.0,264.604,0.0564222295282889,0.0291061,0.0483909494348039,0.01362745,476.4372227984823,5580572263465.839,1.1162345238434164e+23,4.087,8312694754988.574,240.922920085794,21.856,992.139,29.42,41.55428204670399,0.31696144,5.294467286529456e+21,16728660000000.0,36.378,0.7485878494288856,1.879161e+23,404.548553,1.427301e+22,18615.947620905292,7286.97,26.622369878183832,35.28829063723384,0.0
99.737,95.242,101.31901890003913,61.11386456989603,116.33077273874731,44.009,11192070000000.0,311.731,0.0586621311491277,0.03200909,0.0549162893804404,0.01476977,502.2677885205229,5837493811793.236,1.2316426606800206e+23,4.256,9464161239659.438,284.9806331224627,19.61,1085.809,28.38,43.460298443655546,0.23271367,5.630635165685559e+21,18051090000000.0,35.213,0.774534897913729,1.901421e+23,439.039307,1.554052e+22,18046.523568526904,6783.273,30.025296750340537,36.589749162495536,0.0
101.792,94.759,98.86611645914029,64.82099821312465,113.99773624573942,44.949,20077040000000.0,538.273,0.0672445683045077,0.04894546,0.0766725857414956,0.01986759,719.3720731817186,8544260066571.422,1.6076594480044464e+23,4.317,14175352510543.56,445.6297541539726,19.838,1406.597,29.004,49.06072325579526,0.19025338,6.477666092486618e+21,23823270000000.0,36.326,0.7551104748986074,2.261797e+23,488.517944,1.823575e+22,17513.69909137719,6285.909,40.76967592592592,41.10597588005788,0.0
105.917,100.519,120.38619169611589,73.82807353052748,142.82872127739856,46.48,29049260000000.0,764.715,0.0957217329075867,0.06460392,0.1102796406709745,0.02605504,862.5655645543433,11051654899859.342,1.552751225939504e+23,4.362,22677777192102.176,653.3965488271868,20.392,1575.039,29.884,45.74603769406957,0.03318009,6.81521938191355e+21,27779620000000.0,36.032,0.7237937243636766,2.543907e+23,618.868835,2.00618e+22,16386.846077176593,6526.503,35.27680448493343,39.83221131315136,0.0
101.773,98.6,125.46835011598034,84.39296162389141,148.07419301389243,44.701,29162310000000.0,673.031,0.1310234140409721,0.05316687,0.1615183568671188,0.01870987,556.3732745181993,6890081157592.812,7.356931398526271e+22,4.21,16464051525672.443,451.5066847851898,19.963,1654.349,30.42,47.44570365362672,0.19457294,3.329329207202644e+21,31931650000000.0,36.52,-0.1180146058323346,2.638822e+23,668.059509,2.275709e+22,15181.349246235592,5523.738,35.18772266374349,39.91993646843834,0.0
120.587,118.089,127.74239196223768,94.60783876496328,136.8948886067914,76.976,11042630000000.0,368.123,-0.0419859553801196,-0.03778832,-0.1036578563842245,-0.01305122,1090.8299991844503,17635484428129.94,1.4670052642471384e+23,4.62,13653499075991.648,396.72529238675065,34.907,2054.578,39.975,55.678107104746736,0.14313437,5.799731928224125e+21,38841410000000.0,50.673,-0.1184620347179636,2.596967e+23,891.664062,1.616012e+22,11439.892140880103,6932.86,44.15907207953604,45.09554366080493,0.0
131.611,124.55,115.36735025525508,86.31882381162555,129.1088444647308,82.874,15274170000000.0,429.955,-0.044135869328515,-0.03883509,-0.0988848711659794,-0.01776893,1047.3607999116466,17190641522388.725,1.6919603389508008e+23,4.664,14835742853542.312,413.553095608186,37.856,2190.069,41.357,60.364863168855386,0.14421524,5.726078550422055e+21,37392600000000.0,52.19,0.1533822496317211,2.933104e+23,940.439392,1.59709e+22,13272.467000790672,9127.534,56.09959370767788,51.00432074757202,0.0
118.47,110.086,108.877265144855,74.03226622773707,126.70588650259742,68.915,5459166000000.0,34.601,0.0008471125279473,0.0019202,0.0018724033804743,0.0009429,916.3133806571934,18055279938989.426,2.3211003034492783e+23,4.81,4277963668139.2095,10.598224837149887,40.253,2263.348,42.185,56.89169926604078,-0.14785932,8.20344783649198e+21,43138910000000.0,50.222,-0.6385759923220663,4.943947e+23,1052.057373,2.522502e+22,13532.781616485674,10144.22,53.7979094076655,49.596477433238704,0.0
107.827,99.677,99.70039005994076,66.20498282932148,118.54091759045996,58.076,9282557000000.0,153.099,0.0192049859333266,0.0072603,0.0327078975443197,0.00364106,1051.4012734474854,17987167656746.258,2.747742192198712e+23,4.791,12555575290039.943,281.41065888103594,33.288,2339.642,38.39,50.88789700796392,-0.08424195,1.1792888992427068e+22,41838080000000.0,45.507,-0.3298848465380294,4.995162e+23,1109.454956,3.055346e+22,13612.831340321884,8945.237,43.50944141061912,43.92893341648103,0.0
100.113,88.202,93.66497220252695,65.62242165555564,115.27082992154055,54.699,20100180000000.0,148.274,-0.0034778987143074,-0.00344695,-0.0042046192872325,-0.0019341,2629.0983349010244,41762660828574.05,8.573906177981347e+23,5.177,16424667241946.877,117.8938106175936,41.955,4431.288,42.451,52.12817728872185,-0.08569328,3.11210784820266e+22,81611840000000.0,48.564,-0.2960554596267103,1.340303e+24,1883.841553,5.627853e+22,18518.85180563592,13164.17,48.8296712753141,46.5948925153876,0.0
98.943,87.505,92.85737941233866,69.28640060869009,113.6612674064545,54.844,27087310000000.0,287.018,-0.0116421320593622,-0.00635187,-0.0154864513667358,-0.00336931,3017.220966750528,51669785682563.52,9.718891628107653e+23,5.213,32480446973754.945,448.5364218510479,42.679,4703.373,43.516,54.67721155283834,-0.03228408,3.260564313121604e+22,90435440000000.0,49.489,-0.0881745982731771,1.473525e+24,1970.944336,5.955999e+22,18504.1350087555,13024.67,52.246580191660975,48.62950324609317,0.0
119.039,118.886,110.10124092935294,80.8428487039308,112.24779636224991,62.202,12408440000000.0,386.662,-0.0838265014384537,-0.03535512,-0.4448361316699009,-0.01107501,184.2515985782152,3718034901278.529,3.0786199560855484e+22,4.334,8042660784549.503,153.57015063524724,22.27,1823.232,32.723,60.66703573073194,0.27538189,8.334483430674412e+20,38806590000000.0,41.034,-0.7825975004942171,2.308261e+23,1545.452881,2.096497e+22,11470.365601085445,4978.348,59.673428995546764,52.101754926436726,0.0
119.524,117.901,120.41658747451646,80.05360869700331,127.66699284147732,56.637,8152412000000.0,347.731,-0.0545226105400801,-0.03015542,-0.1670202011813922,-0.00897301,396.22325345503305,7447596726483.015,6.400573364014754e+22,4.256,9106122883540.46,230.03089386859813,21.778,1888.449,32.502,52.96688941297352,0.29527491,2.525519635119825e+21,40788100000000.0,39.421,0.2244430799486421,2.324016e+23,1469.558228,2.27031e+22,10811.012137912658,4515.545,45.04262000897264,46.20536630030681,0.0
148.213,138.965,129.3525967807457,96.22249012895468,148.37476468510587,90.745,3200159000000.0,89.967,0.0199775072899827,0.02649042,0.0409467604425495,0.01327533,390.058752682069,6443058550521.664,4.859419720664254e+22,4.161,2889279679439.2827,70.9800834013088,28.611,626.951,37.179,54.27898750934413,-0.23943606,2.429454765978136e+21,10561260000000.0,48.472,-0.5290282125804789,6.972777e+22,187.250214,4.772543e+21,10057.944325158936,7747.396,39.30731170973062,42.74761648249354,0.0
115.505,110.237,88.34580959846147,56.83057000437059,92.93152331434578,63.021,5008355000000.0,27.053,0.0393627020535387,0.00542632,0.2091584274168428,0.0024092,23.824382056974336,610651785160.7322,6.58773731191877e+21,3.587,1517498805302.4482,18.264293752841983,26.921,628.174,36.094,67.95705048754303,0.55379355,1.7584562454312832e+20,12287840000000.0,44.732,-6.324344865670504,8.668783e+22,277.2341,7.618261e+21,9726.43177909233,5813.055,73.33333333333333,61.22541920040059,0.0
102.1,93.206,87.38581047857883,59.73867043846286,103.6686972132208,55.213,1870098000000.0,60.204,-0.0044410732377528,-0.00347485,-0.0077618239973659,-0.00162118,787.9866765596056,13696973662493.29,2.6830500115305145e+23,4.658,5781789693289.958,54.89610629186266,36.581,1931.992,40.406,52.58578306230437,0.09521049,9.807625215455474e+21,36756850000000.0,45.827,-0.884373652889178,4.698715e+23,1001.655701,2.6315e+22,15700.201805339371,9527.079,53.559216661485856,47.51974144839951,0.0
117.502,108.18,111.60163130880576,89.97585274742296,126.38568726441008,77.519,26593980000000.0,994.366,0.0493762303932189,0.04268418,0.0801335673733749,0.02394736,2073.839385684363,32179397793914.938,4.905401967055227e+23,4.881,22214756692755.49,877.5143665482867,50.893,3392.63,47.805,60.3219227467663,0.1049366,1.2189245617453228e+22,58810920000000.0,56.643,0.5075371702500945,8.29583e+23,1070.855713,2.796169e+22,20260.56603785434,15043.48,57.70939608359388,51.87123716674991,0.0
123.769,117.058,105.81257089374364,81.09381752694316,120.7337252238554,71.372,19069360000000.0,378.723,0.0303907984451718,0.026651,0.0942463147225933,0.00940132,1286.4947269464294,24870533634277.84,2.3693931672987365e+23,4.758,20312926726337.17,422.2801443956628,35.006,2731.555,39.605,60.41204305609183,0.23879129,7.457764767263458e+21,54800670000000.0,49.49,0.0080044795241712,3.805575e+23,1851.857178,2.37509e+22,12595.285355732663,7113.366,56.39251676667843,51.57738128055183,0.0
122.879,120.755,107.42543099207585,72.44542702312381,117.2930637847314,60.112,8872294000000.0,153.941,0.0222284209742298,0.01050891,0.0783077235743544,0.00340675,509.521333992669,11198355083711.633,1.0943654746702264e+23,4.438,9658053664982.254,171.00324255475027,20.11,2219.535,32.141,55.02010905169117,-0.01343616,4.305736918542728e+21,47136940000000.0,39.121,0.242039149604319,2.633333e+23,1563.505737,2.816692e+22,10216.250255834448,4388.131,51.996032729977685,48.8822085703571,0.0
99.377,95.234,95.13644819363743,65.84761786382836,108.82549560731604,50.427,23736160000000.0,511.525,-0.0438760284188621,-0.0346004,-0.0697017359745142,-0.01338126,799.2218881095752,12844067453228.178,1.753210166916131e+23,4.488,18799897797809.84,422.3945255883855,24.028,1881.49,33.282,48.12920299234147,-0.18016927,8.224432763116637e+21,37059300000000.0,39.778,0.5153104958536019,3.047104e+23,808.952942,2.523853e+22,13184.302928959709,6001.645,38.62978128433037,40.703762720395375,0.0
109.407,104.993,107.4505416408642,75.92417166287287,125.81717352649416,54.05,27549370000000.0,587.984,-0.0638423706280999,-0.04490716,-0.1059285935638066,-0.01779235,683.4211932015954,10947746416327.031,1.3684280336269466e+23,4.473,22736892948738.78,451.1740332287821,22.367,1738.798,32.675,46.548753933725486,-0.01991956,5.988177841273274e+21,33139380000000.0,38.722,0.874264064959588,2.694135e+23,812.596741,2.240039e+22,13960.28055345452,6138.305,37.21717924400488,40.21476876351534,0.0
106.082,103.129,115.39693498279448,67.66400763658503,139.26360771100198,39.544,4923648000000.0,81.58,-0.0770859213101803,-0.02845861,-0.1845038413859576,-0.0071959,121.18404592034796,2035910806803.115,1.4435139150881755e+22,3.593,5943965715739.863,96.20322979510505,4.913,413.34,24.105,39.50759673891475,-0.29603493,9.600402179255096e+20,8918097000000.0,28.265,-0.2383655831679406,3.346199e+22,187.304504,6.766173e+21,8203.371742836445,2222.496,22.566037735849054,33.01524585418951,0.0
108.563,101.04,97.41047546740958,67.30250759910182,120.85679953108593,50.288,27562320000000.0,659.224,0.0635337865815452,0.0313664,0.0741708428717413,0.01449736,1107.3517713073998,15291958156455.19,2.9226115373708504e+23,4.538,26176366750503.008,684.7671517758945,24.811,2495.077,33.482,50.41052039597332,-0.17085305,1.0589182717389311e+22,44514200000000.0,39.387,-0.460290261344303,4.773604e+23,1043.071411,3.227974e+22,19598.25327071775,7904.258,45.60512957520705,44.28499464389303,0.0
117.534,111.072,113.78393876815277,80.5428012465327,135.4430887716697,64.134,18257320000000.0,450.409,-0.0671681877242739,-0.04223258,-0.1106224024113709,-0.01766239,722.5926409663554,10604815911828.271,1.1850057128212438e+23,4.412,17404719459745.96,454.258453579265,29.842,1621.771,37.223,52.18463864966464,0.23904666,5.454485410161912e+21,29385340000000.0,45.23,-0.8092733122889166,2.375824e+23,672.203308,1.664233e+22,12528.69455324253,7014.445,44.229149115417016,44.13157507359299,0.0
102.101,94.849,96.51094007041289,75.0785910486954,111.72998455603708,60.332,25405340000000.0,828.528,0.1009235633143641,0.06939032,0.2624681095098749,0.03643962,763.0195674659108,10926201361738.09,1.6884809873502362e+23,4.559,21763569624376.727,626.1297868023153,48.951,1622.295,46.524,61.458815942604325,0.14373729,3.536093611943347e+21,26808510000000.0,54.02,-1.1667699063377035,4.448374e+23,772.613647,1.496145e+22,19665.954240870917,14731.79,61.79427687548337,53.86721099693801,0.0
104.536,95.281,90.22772327094198,72.28292737867626,111.93036771184008,60.117,28276300000000.0,840.111,0.1242512161383559,0.06998851,0.253411284446786,0.03925568,724.651611116035,9275316431777.86,1.8078794797149813e+23,4.527,23262631698566.203,635.0479656831375,48.558,1625.18,45.832,61.82122996985839,0.14882182,3.438681218308462e+21,26338870000000.0,53.434,-0.702545931001501,4.343082e+23,779.022949,1.47524e+22,25148.89110066216,15280.99,65.04710881211896,54.74686730302491,0.0
126.103,123.758,118.71437122786394,93.7803074753236,145.31832897148504,64.034,16775830000000.0,550.483,0.1586337967161517,0.05837423,0.2151830857589356,0.02140293,702.6684954182201,7618412967124.622,1.124150643666918e+23,4.274,19239480057291.63,611.5332863407649,24.253,1618.09,33.382,55.263343203315216,0.25869918,3.219457975022323e+21,27976940000000.0,42.303,0.6125387925138914,2.259715e+23,897.378052,1.596092e+22,21505.86370678727,6615.357,46.95121951219512,45.323216106005866,0.0
114.954,110.926,106.25917955871196,83.43598185340679,121.1083505726643,66.364,17253400000000.0,458.179,-0.0545363456203255,-0.0336576,-0.1252110324293496,-0.01204182,913.495927926042,16349048729934.783,1.752723953573017e+23,4.611,23566412807753.18,522.3491183514784,33.141,2356.336,39.361,59.1166164939133,0.08057196,5.95290376563981e+21,47481200000000.0,47.617,0.1768046252356603,3.817258e+23,1419.850098,2.308751e+22,13398.763592897882,7554.126,53.7258883248731,49.27087074781361,0.0
114.248,108.135,104.9298164361014,82.05484378674043,122.93304952912692,68.79,8993617000000.0,373.585,-0.0329276134983722,-0.02248776,-0.0839898870048855,-0.00807088,1290.4506105335608,23093302802651.152,2.5957362499747823e+23,4.848,15790889399437.97,443.37031575558217,40.955,2934.62,42.969,60.97683264842508,0.36234778,7.744082654176067e+21,60276430000000.0,52.279,0.4848898291395641,5.407337e+23,1591.139526,2.642946e+22,14164.471132706016,8795.969,57.83752445829408,51.96388988203906,0.0
111.598,102.49,105.03314088920384,86.29579470334421,122.20886050041636,71.969,22829870000000.0,267.634,-0.0051701027194149,-0.01023357,-0.0128463228565304,-0.00481928,2152.530907627676,34570928638951.81,4.900174268126688e+23,4.89,15389247656143.031,100.35686388656296,51.638,4015.882,48.573,64.16511788428822,0.29125357,1.1095882963088438e+22,72207150000000.0,57.804,0.1842669527994086,1.086257e+24,1989.956787,3.41078e+22,18509.91840742533,14728.33,63.07314136650948,55.46617602469316,0.0
115.225,106.081,110.57499818076256,90.29597112762542,127.40219932759712,74.261,17809530000000.0,204.857,0.0079222844888932,-0.00764474,0.0213967575087229,-0.00392048,2181.9108097145136,35762814435471.41,4.705900828554539e+23,4.944,7881682539909.935,143.2269812747016,51.163,4176.291,47.856,63.99357262409736,0.33174741,9.99904156045578e+21,75383050000000.0,56.929,0.8373762772524846,1.120921e+24,2054.68042,3.400427e+22,19065.329869568723,16152.32,62.97750995372861,55.09848882454151,0.0
114.784,106.031,112.83902126629717,91.97628729384948,127.37116731388812,73.946,16812480000000.0,195.268,0.0142630230574251,-0.00727406,0.0405428351588185,-0.00371267,2076.2711267392447,34783024485546.863,4.1168467414868746e+23,4.965,6081317906963.988,247.52050213855583,51.498,4144.563,48.18,64.61238790594672,0.48145643,9.052694802120764e+21,75020390000000.0,57.253,0.6731698164238802,1.122363e+24,2049.421875,3.395433e+22,17350.042865344083,16068.24,62.34398611966194,55.4551923191193,0.0
106.842,101.633,107.61826610760605,85.81400914529263,118.14590720643206,71.342,18025890000000.0,342.299,-0.0004542096852982,-0.01297179,-0.001359703154666,-0.00613011,1827.934525727352,33117318009056.668,4.02679408145957e+23,4.95,7622190758967.984,8.430131759135511,53.199,3630.395,48.94,64.28802366369142,0.22430921,9.509035203641209e+21,70552660000000.0,58.625,-0.0206631893031889,1.06455e+24,2017.417969,3.399639e+22,15987.15262030795,14354.91,62.833491511125175,55.08207286280979,0.0
107.115,101.78,107.3765323774093,85.76735683117906,118.53966549575894,71.236,18788440000000.0,411.471,-0.0054723233407853,-0.01554268,-0.0156145239983508,-0.00742084,1813.5977098796716,32531514058391.68,4.0540557391997776e+23,4.954,10376080859081.938,100.0340706695568,53.329,3631.224,49.158,64.1808726884908,0.26594669,9.63469914626736e+21,69989420000000.0,58.653,-0.0723151551631618,1.069713e+24,2016.002319,3.398772e+22,16324.340302835944,14526.24,62.89839572192514,54.94317596080249,0.0
111.325,89.21,109.64198628125853,84.79632635005841,154.7741400508093,56.782,4952550000000.0,308.143,-0.0330620452758204,-0.02143528,-0.0358964850109952,-0.01191306,1839.870381008648,22351296343480.18,3.321708999712868e+23,4.512,4903064477183.846,312.23795558484863,35.603,2440.974,39.099,48.27113956333216,-0.15698239,9.354986033554337e+21,34755970000000.0,44.819,0.0230791277827025,4.759223e+23,528.944153,1.945027e+22,25616.592547635304,13854.61,42.90249897582958,44.49043367374082,0.0
108.702,87.868,104.93749955015204,81.33037911994678,149.7815273864564,54.697,15935070000000.0,427.344,-0.0513346406082469,-0.02777734,-0.0518637479184807,-0.01564616,1632.644842146656,16792112946420.336,3.18723448279574e+23,4.538,17022747404006.451,432.1863392808308,35.068,2379.407,38.826,51.367012525072376,-0.1166665,8.359665774283698e+21,31959130000000.0,45.331,-0.8217823402041698,4.962169e+23,544.345825,2.041199e+22,27490.793577113574,13680.11,46.32302405498282,44.945856214859496,0.0
103.237,87.891,96.69001894075392,70.03608191065278,126.495958355596,54.844,21150800000000.0,610.073,-0.0537969456986104,-0.04427021,-0.0602474978511492,-0.02358954,1350.7793651850388,16854365252448.885,2.6049262792930347e+23,4.632,17942986314899.055,589.6683218024689,35.844,1828.524,40.11,49.47196809211205,-0.11420985,1.071017814460453e+22,28909650000000.0,47.022,0.1094603286139299,3.73906e+23,552.36969,1.870607e+22,17432.240637669285,10886.49,40.88162104514753,42.539534437917126,0.0
99.923,91.927,89.90972733837074,63.748294949898565,104.00754946095206,50.476,35859840000000.0,787.41,-0.0333949165493333,-0.02169213,-0.0376141093174064,-0.01054591,894.3190427399592,14374592541691.12,4.187250938933014e+23,4.572,18747969786888.92,407.71853615081113,31.436,3645.558,37.431,53.79568503998463,0.14236808,1.1255101978622378e+22,71238890000000.0,43.077,0.7305181341460456,1.02503e+24,1924.517822,5.208042e+22,24413.05263927813,10337.02,54.494773519163765,48.20816614941271,0.0
102.106,99.287,99.29405108497258,62.78676553934003,111.05922507165312,49.308,22220040000000.0,530.094,0.0305095398252308,0.02238975,0.0438254367934904,0.00966162,526.3550817839067,9550939679355.33,1.8606086203751288e+23,4.431,11060816135074.355,257.5615352045989,29.204,2311.539,37.015,51.74895041142449,0.09600623,7.177243730126474e+21,48513450000000.0,42.536,0.5666147154669219,6.009529e+23,1574.191772,3.619596e+22,15676.560547140392,8247.544,48.26004251986125,45.944724574266665,0.0
83.149,73.816,92.21886203722964,61.48041595510367,101.26062425267575,39.96,41688100000000.0,790.237,0.0055793463517057,-0.01812395,0.0027713615018429,-0.00856635,496.6352210252822,4866983714437.144,2.593676964358291e+23,4.268,2673121890171.784,24.61049675737402,28.003,3637.781,35.832,38.341674052049136,0.05775903,7.513991537935334e+21,69596900000000.0,40.91,0.3368271764692247,1.288059e+24,1942.544678,6.49275e+22,40781.05989329968,10513.39,23.97160158697014,34.33593871303756,0.0
102.418,90.464,92.83984085726816,75.26366072174332,115.73276460705048,64.099,16320110000000.0,524.087,-0.0436822089701988,-0.03253202,-0.0656334961997645,-0.01667421,1293.8777303765942,19781021193357.297,3.226066802381325e+23,4.722,16404355022706.58,532.8355850184859,53.909,2316.558,48.889,58.41443331270267,0.0041346,9.55988492856532e+21,41278520000000.0,55.476,-0.221673401650485,5.907007e+23,783.104919,2.086651e+22,19241.08073981604,14151.31,60.54653465346534,51.1084483168302,0.0
102.829,90.164,94.31392528743235,76.83663577735004,118.22130111789596,64.048,16129800000000.0,504.159,-0.0431980309742528,-0.03144309,-0.0637007776169974,-0.01628366,1395.444652298684,21154166975780.277,3.245347436887677e+23,4.688,18631863911376.168,553.1507866253071,53.84,2280.064,48.909,57.51013535684749,-0.04216063,1.0191431315451323e+22,40338150000000.0,55.658,-0.4592497849884002,5.838254e+23,777.813416,2.066821e+22,18536.78381341937,14198.46,58.461655161951,50.118150747939154,0.0
82.058,71.496,76.92708955265253,55.71479907939464,100.4721021632029,38.055,53308610000000.0,1068.346,-0.044620458385101,-0.02446153,-0.0313656011162595,-0.01244999,890.355036850163,9536224084342.783,4.712277460916017e+23,4.52,15659919915410.115,405.4661053454129,29.414,3432.888,35.609,46.8115726525293,0.01597014,1.2495413670964569e+22,59764540000000.0,41.613,0.9155673641581176,1.297956e+24,2001.695312,6.354886e+22,36724.1093017522,11389.1,42.13413371972676,43.192188736783855,0.0
98.197,96.306,99.91901491894916,77.92681889359625,108.61410806339256,58.889,13531490000000.0,289.202,0.0305028229852789,0.01437141,0.1031326578065541,0.00548948,831.9044906089542,15627096536721.186,1.6978625102229784e+23,4.56,13840905560559.09,281.8460843839775,45.435,2709.197,44.548,60.50845326605663,0.14415479,4.986609731595985e+21,55255640000000.0,52.886,-0.6063758533583311,6.929756e+23,1734.726074,3.060243e+22,13356.335151702577,9904.365,57.86669452569996,51.35703705225365,0.0
106.175,104.319,109.7696239088811,83.295694672401,122.45854722700898,62.131,16874110000000.0,384.75,0.0687486259787149,0.02266322,0.1768072749733883,0.00887811,535.8798704817526,9551833494985.56,9.820301729122994e+22,4.463,16925330565545.775,349.5867631017657,41.788,2187.338,42.703,58.407860360354086,0.30639312,3.123961951890178e+21,46843250000000.0,51.388,-1.4515585785591048,5.441433e+23,1591.503906,2.546657e+22,13762.44239345198,9454.356,51.23766983063466,49.20836181895584,0.0
109.137,107.357,108.36873605921843,80.88239467529098,118.1302077334459,63.119,15668780000000.0,348.515,0.073698704391729,0.02064607,0.1771613464541978,0.00906671,438.5758404630572,7121018564451.095,7.848886342991254e+22,4.27,14887631361935.574,309.60825714965387,40.504,2048.167,41.657,57.54428347494687,0.06327888,2.639362813107871e+21,41207750000000.0,50.668,-1.1156325578298891,5.056984e+23,1546.179932,2.448997e+22,13583.333577082994,9905.681,52.28683061365204,49.734956424199126,0.0
95.06,84.747,81.6795959041935,60.2539169269418,101.9298182846866,49.464,35769400000000.0,1070.964,0.0263062821990172,0.02227459,0.0314256563818697,0.01179918,2421.9923611644126,31767719113307.09,8.082100516611903e+23,5.036,24552456877390.344,748.0980531756521,32.891,5109.451,38.147,48.695256334396575,-0.12326556,2.8414813848842613e+22,87296830000000.0,43.56,-0.1968052373014149,1.376463e+24,2310.526855,6.812365e+22,20694.78912223522,11418.89,44.24456761995443,43.73156614891435,0.0
98.704,90.432,92.051034773267,66.91856685395423,110.08192915761262,53.716,44987790000000.0,1262.344,0.0395992824863214,0.02924642,0.0517448615198685,0.01450903,2710.695203419878,36338811743786.27,7.826603606652411e+23,4.993,35534527157801.984,1060.9439763735254,35.002,5338.963,39.587,49.62459032413682,-0.23258528,2.5322727975574867e+22,92522230000000.0,45.059,-0.5128977592472401,1.343332e+24,2495.5,6.261956e+22,21209.711562161283,11625.76,45.63809112502699,44.7127403480281,0.0
106.675,97.532,98.93683612218771,72.76078721971977,118.92884181888536,57.876,16090250000000.0,908.208,0.0331814965367527,0.02117697,0.0518781143280435,0.01074447,2557.7531048729847,36420424784437.81,6.797387860533614e+23,5.044,13330386891358.611,794.4313900829335,37.403,5407.469,40.691,52.493730888997874,-0.02386012,2.006514514181893e+22,94461160000000.0,46.685,-0.4284790110459887,1.38518e+24,2472.610107,6.03102e+22,20616.86968480377,12339.08,50.93450414887618,46.87309383909926,0.0
102.559,96.672,96.53578943426228,69.05871176169283,108.99518470848328,58.771,19030900000000.0,781.766,0.0307276009015914,0.02179018,0.0734690055995552,0.00950071,1923.9515824174464,32973283237049.71,5.020704781809408e+23,4.949,19811448841314.324,705.3213510951294,42.139,4754.785,43.376,56.55125471877956,-0.00452604,1.4682368113877918e+22,92830230000000.0,49.878,-0.561980885582276,1.244125e+24,2411.215332,5.282262e+22,15857.908590426008,11384.66,57.357382550335565,51.127453016814464,0.0
104.977,99.126,99.37877822124553,72.88052100600494,111.89878367135546,61.873,7960198000000.0,476.049,0.0294887132399222,0.01358695,0.0677756401301669,0.00615576,1570.2080609016225,25778231841367.33,3.887206615889285e+23,4.911,15369204169866.271,546.042503063641,44.918,4469.927,44.414,56.73099221034253,0.04735232,1.1990940548611833e+22,86386300000000.0,51.396,-0.4916505011439437,1.214755e+24,2397.383545,5.012922e+22,15183.19631668563,11827.7,57.63045959124391,50.25890407510049,0.0
124.198,115.705,126.31993818232272,101.1294235122432,147.81220074816545,78.317,12226380000000.0,340.004,0.1079003267203448,0.06708985,0.2004400843023142,0.0310364,455.3894293422502,5983384781360.054,5.427466869259652e+22,4.135,12837653006363.434,330.49870074441634,40.31,891.162,41.12,56.53674130726825,0.16743992,2.1370114718363424e+21,14816830000000.0,50.569,0.4721202156335993,1.377014e+23,334.457428,7.354149e+21,13044.40359774398,9464.844,47.27098627513565,46.12706487728819,0.0
101.809,94.599,91.80489581939112,58.032925820014086,107.00538981423372,49.526,44585580000000.0,987.63,0.0238788079057957,0.0234771,0.0338520944469894,0.01063088,1350.5110390441291,21987873114565.043,4.13855937654977e+23,4.813,27736715442783.97,530.1572931244779,25.159,4205.372,34.504,44.89040064641755,-0.06945262,2.106310132958086e+22,80763980000000.0,40.134,-0.1257137004602397,9.037824e+23,2325.502686,6.800626e+22,13396.446908416776,7325.079,34.47253030693835,40.02847217770004,0.0
78.377,73.802,67.28718885127851,44.249397291731896,78.06799460977345,39.665,11225830000000.0,232.457,-0.0055642172666117,-0.00677817,-0.0060167015173113,-0.00344325,711.9617477230956,11520419564932.729,5.088754181824004e+23,4.474,5216706348588.286,73.73144299987199,31.247,2985.752,37.97,53.18330879033998,-0.0338047,1.3221556554237982e+22,53640370000000.0,42.86,0.7605924338941635,1.244402e+24,1295.758057,4.75888e+22,27932.399636894,13879.09,50.78728677649803,49.51307516115093,0.0
123.787,118.605,121.01910530537496,82.62327592149511,135.28917648118386,70.949,4175143000000.0,82.746,-0.0138985292723829,0.00530699,-0.0316722706015366,0.00264617,742.7038940023873,13363494986973.775,1.5994420257605946e+23,4.532,4568589917091.431,112.84215916247688,40.214,2168.694,41.466,55.286026920042815,0.06776046,5.419073822141195e+21,38589360000000.0,50.649,-1.0940907045867865,4.494558e+23,1078.886597,2.124208e+22,14366.684396627805,10822.97,51.07956578790409,48.39562950437657,0.0
118.584,114.676,117.09684097885008,84.99939331215857,132.48494047274215,69.06,3625972000000.0,107.093,-0.0102126409893364,0.00669932,-0.0235249430494853,0.00302054,711.4051720496138,11888958054039.451,1.654238876558781e+23,4.625,6375801412928.7295,76.39055460023647,38.567,2237.18,40.87,54.483512017688405,0.05143031,5.153529284692506e+21,40399950000000.0,49.882,-1.65737654462449,4.777014e+23,1069.658936,2.289123e+22,15817.405197237618,10145.34,49.48571428571429,47.07414496879652,0.0
124.349,115.912,113.83608402458388,73.8413306290803,130.1867368387686,66.078,9475982000000.0,203.038,0.0004474443964261,0.00832795,0.0008498598018705,0.00415025,1787.96704041347,30677520997630.57,4.040800159607625e+23,4.939,936115384511.3094,9.035244697033924,34.512,3381.679,39.043,53.98901936407813,-0.00739162,1.4585569466501202e+22,59883680000000.0,46.69,-0.0901737064758541,6.463367e+23,1416.452637,3.460742e+22,14666.296886822907,9947.533,49.14200327774029,46.94923081878326,0.0
89.779,84.807,88.27122690605562,49.48395324576659,104.5839327920648,41.994,10277950000000.0,407.803,-0.011354953730374,-0.00925706,-0.0069893706457612,-0.00510219,455.7738287132044,5963869063063.84,3.669849676631935e+23,4.281,1997862891373.785,72.44460479978639,25.544,3500.467,34.909,45.28882387776834,-0.13581882,8.765875933649195e+21,65183600000000.0,39.638,0.2748300065982564,1.372701e+24,1843.572021,5.843134e+22,40968.85425019998,12931.96,39.59970348406227,39.98014047711252,0.0
104.826,104.907,77.61841813341893,51.38693241611836,78.6229938343535,44.584,3493421000000.0,29.891,0.0062321047706417,-0.00342744,0.0060325755240663,-0.0012075,41.058579469684695,602168956683.9285,4.745806435358998e+22,3.72,62925744938.22873,7.752738334678381,15.565,870.396,28.926,56.08525992860248,-0.04040652,1.3476909522961634e+21,17903470000000.0,34.817,0.0990973623240727,1.52175e+23,598.593811,1.584608e+22,26727.98148089251,4628.795,64.02393418100225,48.8743451736089,0.0
105.857,99.43,109.8318016504354,72.04607711359654,126.62849415006326,53.596,5066908000000.0,123.52,-0.0170190628212815,-0.00415497,-0.0233156742507662,-0.00201186,1421.6869141760194,22063893464800.83,3.4854904367565794e+23,4.835,9351423734136.871,283.23124347176685,27.835,3251.237,34.802,46.735991004062,-0.04229635,1.531768818375685e+22,58500480000000.0,42.082,-0.1580948365680584,6.933653e+23,1490.151855,4.37449e+22,15237.630361249983,8503.596,36.64653971202972,39.94815133292701,0.0
107.454,100.732,111.99431688483942,73.39727372770751,128.7712744098373,54.415,3313910000000.0,129.111,-0.0204285078697227,-0.00431839,-0.0272046840470486,-0.00212868,1473.574648730031,22296156516613.6,3.428162307920552e+23,4.844,10764704080439.156,334.21038874866457,28.419,3329.916,34.897,46.11919115895631,-0.05431243,1.5358723694294087e+22,59279370000000.0,42.176,-0.279056147770893,6.910037e+23,1486.400513,4.36838e+22,15286.089708445146,8578.585,35.89151418250726,39.18005174396991,0.0
96.987,92.646,104.28693359249397,60.64656775056745,117.97635043888172,44.387,3540663000000.0,72.286,-0.0266566078890498,-0.00247898,-0.0422958195879005,-0.00107516,439.83468118816535,7013946354341.881,9.384044515338209e+22,4.242,8129503700507.924,163.9381385176567,21.127,2799.127,32.221,42.37813319545632,0.08908893,5.631623899156929e+21,55764090000000.0,37.254,-0.0965033268685418,6.60036e+23,1525.538452,4.68627e+22,10961.938001112296,7391.963,29.304995345950974,37.53949896508046,0.0
108.117,101.098,115.65831067098028,76.00073355401472,134.050966749354,54.503,9796006000000.0,245.66,-0.0222438982787598,-0.00808731,-0.025799261728219,-0.00419637,1673.4350082840083,23394461238245.395,3.460925885414407e+23,4.797,12083663689062.64,352.8104705994106,25.582,3402.249,33.654,43.62842509869417,-0.18167126,1.6180820070244171e+22,57569300000000.0,40.604,-0.4352088608724582,6.695879e+23,1422.005371,4.41223e+22,15940.99000617716,8612.616,31.649131392219232,37.05406106600071,0.0
104.274,95.397,108.05620981371231,73.21990561436105,130.2629305314713,51.807,10883790000000.0,452.029,-0.0292855867305715,-0.01501096,-0.0342992610431113,-0.00784186,2069.9772922605703,27378342719910.164,4.739258115413108e+23,4.851,13082753035147.27,546.5861907393873,24.466,3507.474,32.901,44.9387124440028,-0.24337816,1.8752615677471509e+22,55909330000000.0,39.421,-0.2885543828027563,7.106176e+23,1418.634155,4.435822e+22,18548.7857611217,9282.595,35.027808098134,39.169645618304806,0.0
106.291,96.836,108.97585173017671,73.1031719084584,130.45217261451114,52.496,7734192000000.0,306.563,-0.0208629234394384,-0.01055309,-0.0246820134138815,-0.00552346,2108.864257477351,28806754424357.68,4.789060348006989e+23,4.87,9136119239703.62,409.0384769536295,24.516,3371.298,32.931,43.18455039415253,-0.27375427,1.982478812513924e+22,54641430000000.0,39.427,-0.1467742329133248,7.031111e+23,1407.642944,4.290829e+22,17869.67398112885,9539.0,31.724479682854312,37.63776331332782,0.0
107.14,94.551,117.21878345647929,79.90996385967146,148.6676084539807,53.316,8437123000000.0,448.221,-0.0351682599074113,-0.01423807,-0.0378594991425615,-0.00789428,2411.1870438872897,28937789853945.95,4.53162747794908e+23,4.798,15346954432045.826,601.4827491964562,25.356,3816.438,33.322,41.67899749133499,-0.06974606,1.8256513217099064e+22,56057410000000.0,39.73,-0.442220968735609,7.671651e+23,1412.060791,4.490829e+22,19419.821938979218,10173.93,28.029138922087533,36.681305810206126,0.0
132.888,129.448,107.685348922881,75.50479190219636,115.85130093261506,71.954,6780636000000.0,141.502,-0.0531769892165542,-0.01737583,-0.2286437632944819,-0.00615359,348.5538694057372,6951269917921.722,4.767959500029308e+22,4.261,7368403352602.656,220.84403621635,26.479,1518.667,35.337,62.0974275987841,0.46024522,1.7911327922552352e+21,29917990000000.0,45.935,0.2519444628845506,1.477411e+23,1064.960815,1.407989e+22,8314.526117709513,4837.675,59.51829550717925,54.500310293637774,0.0
125.353,120.218,107.92021877640704,77.42541421234245,121.86860472570136,73.232,1590528000000.0,104.288,-0.0145876989949443,-0.00503055,-0.0272212703606388,-0.00233276,827.622870192944,14376440147807.826,1.9357520691379087e+23,4.584,4606813562967.354,139.40005159568813,37.644,2920.456,40.89,58.74665718308119,-0.00380227,6.590576969124678e+21,55750560000000.0,49.395,0.1054347928577164,5.213106e+23,1648.857422,3.000006e+22,14655.101447125717,8780.479,57.74180575105569,52.23962469473355,0.0
110.768,107.022,105.85262605533056,68.28912629747876,116.3957916815298,58.159,2416398000000.0,166.924,-0.0138872607958465,-0.00697897,-0.0284607262638648,-0.00274411,591.2452456063027,12090617797894.174,1.5005054167141869e+23,4.562,3574792102351.599,134.26203737424464,31.876,2926.644,37.785,55.04438778225931,0.07806408,6.526631800131243e+21,60192220000000.0,45.123,0.5567075655701125,5.309528e+23,1637.85083,3.827999e+22,11113.025519658857,6572.21,48.78528572833677,47.09544802080266,0.0
85.355,76.457,74.44950022956509,50.04043927308515,92.89668270965484,43.083,45651920000000.0,1228.313,0.0122977615514417,0.0149701,0.0139263939698616,0.0073043,1685.529800323791,25583482258311.13,7.661544851557352e+23,5.016,14902124810667.523,324.746989288921,29.598,7361.323,37.303,47.36965131564484,0.04133052,2.744660027346744e+22,140241500000000.0,42.273,-0.1100870764228637,2.18973e+24,3572.044434,1.192346e+23,20986.73267322168,9804.881,44.2213248935938,44.06538717730685,0.0
95.543,87.525,88.94172893650597,55.7467519496925,105.26509525149514,49.578,43178120000000.0,1238.598,0.00062578278188,0.01453316,0.0008757217147157,0.00831095,2652.3997471017883,44993722069889.82,8.992620433796248e+23,5.118,1578088981142.956,25.43994743177124,32.093,8017.519,38.641,47.15842026005366,0.0672586,3.725279194986364e+22,145313200000000.0,43.366,0.0763412137179654,2.356481e+24,3802.700439,1.14528e+23,16060.262087926474,11905.77,41.23381243774015,42.92238446666766,0.0
95.543,87.525,88.94172893650597,55.7467519496925,105.26509525149514,49.578,43178120000000.0,1238.598,0.00062578278188,0.01453316,0.0008757217147157,0.00831095,2652.3997471017883,44993722069889.82,8.992620433796248e+23,5.118,1578088981142.956,25.43994743177124,32.093,8017.519,38.641,47.15842026005366,0.0672586,3.725279194986364e+22,145313200000000.0,43.366,0.0763412137179654,2.356481e+24,3802.700439,1.14528e+23,16060.262087926474,11905.77,41.23381243774015,42.92238446666766,0.0
105.514,104.164,92.7518123564972,70.03743514694318,94.6406101733808,72.718,4671567000000.0,169.635,0.0170336080499552,0.0222129,0.1036292041492785,0.00969729,109.81459354603116,3531000640951.2007,3.983836410140207e+22,4.284,2519613650026.853,41.9367430189897,52.209,971.81,48.824,69.0549602389094,0.20623684,8.605391564522294e+20,20897230000000.0,58.471,-1.6356465917834553,2.656632e+23,476.477997,1.037538e+22,11582.150365096866,11435.48,72.08494208494209,61.10897191313198,0.0
96.444,90.145,92.02069990239448,70.50484088255092,106.51516727729452,56.758,69488650000000.0,2018.989,0.0322657094458884,0.02734402,0.0934725307790882,0.01461151,1699.5821565994347,32762113653883.81,5.100830267030706e+23,5.021,35494567224706.67,711.5879561196246,51.374,7255.42,48.603,61.96878728933616,0.22041327,1.2374481910273057e+22,143549800000000.0,55.546,0.1432430956963654,2.969316e+24,4484.016113,8.911316e+22,16737.231955043004,16180.53,62.69391668119226,55.01178903167761,0.0
71.866,66.35,72.21275440229816,48.44271800744228,87.83603057562611,34.181,30915300000000.0,784.995,0.0247085524862368,0.01439864,0.0200235504178852,0.00668792,910.7130287341612,11142270169755.754,3.334468037604636e+23,4.631,11295789323136.28,303.7916528182823,29.126,3867.636,33.275,40.34339664886784,-0.15621939,1.5654187696922477e+22,68547690000000.0,41.669,-1.1587083114346914,1.565878e+24,2438.747314,8.356698e+22,19222.259122117997,10045.12,28.977185729597306,37.10263428666998,0.0
102.907,101.29,100.38117428029231,62.59361545122063,105.95072834165607,45.226,2920710000000.0,40.087,0.0008071429769771,-0.0023395,0.0010298174896421,-0.00077847,219.32776233510907,3354446480569.7715,8.190031161658604e+22,4.399,890000303708.5953,2.849214708729345,16.877,1949.717,29.768,48.42328395525475,0.04398523,3.6213257335669926e+21,41968160000000.0,35.474,-0.4936587195177806,2.929949e+23,1203.12561,3.260094e+22,15980.794564302018,4284.327,42.2130085514382,42.72524169388356,0.0
107.919,103.006,105.92521007399056,80.6713199856444,119.32718755778848,61.261,35153650000000.0,1096.211,-0.0452990696158691,-0.01829618,-0.0477974537692034,-0.00985917,5016.5204358489655,58422276991699.76,1.4296780746640805e+24,5.235,45427244455508.125,1450.2044146824364,37.541,8750.118,40.79,54.56825725910556,0.13978811,3.068180310131038e+22,139804800000000.0,47.184,-0.1562203922337557,2.185799e+24,3150.476562,7.761338e+22,32321.403157444325,14802.39,54.84732939021827,48.8680598648252,0.0
116.961,115.638,114.75500703114,83.21407593025768,127.14859115305843,64.122,11110480000000.0,304.591,-0.0320375987821771,-0.02352642,-0.0967280630770169,-0.00789854,495.7931620723692,9452963177006.32,9.777746512212393e+22,4.471,9852225652649.06,182.8706138486673,31.414,2093.512,37.457,59.58741321063338,0.13248533,3.135427458834986e+21,44946440000000.0,46.084,0.2507355787804171,3.188693e+23,1506.862915,2.269277e+22,12228.062240677866,6225.968,54.54243481149311,49.70746567285185,0.0
116.272,105.544,109.98298016813654,89.52946922451913,135.55438315586738,69.597,50858510000000.0,1773.792,-0.0604966409025283,-0.02528252,-0.0505359117869321,-0.01795918,7027.599051745291,70657239446027.92,2.0739530618031835e+24,5.436,68539073787161.56,2059.850126090188,45.663,10731.294,45.038,58.08895503309255,0.23341063,3.497294483767312e+22,145249300000000.0,51.917,-0.136726573210498,2.881715e+24,3595.375488,7.580766e+22,44492.994411798434,21969.38,60.822245648024165,52.65862210508874,0.0
111.491,102.723,109.9197326729357,92.11532315750624,131.94540251028417,68.508,58722010000000.0,2098.947,-0.0641822630951943,-0.03060017,-0.0555310486952776,-0.02001571,7038.722266320655,73749228218505.17,2.1335053800197355e+24,5.409,74013907148999.72,2270.126645677024,46.074,10506.119,45.572,58.17655175218056,0.24687168,3.591945998441912e+22,146224100000000.0,52.451,-0.0757724338093116,2.948866e+24,3601.178711,7.659655e+22,44123.75760677164,21174.04,60.18841495234695,52.71514906509669,0.0
113.037,102.391,108.59142042162031,92.25955966757137,134.387370618251,71.255,63366080000000.0,2460.329,-0.0705521360708989,-0.03595712,-0.064068633359385,-0.02465606,7572.04935575883,82386156058012.77,2.284652624447857e+24,5.416,78407769722335.16,2755.413674248958,48.322,10570.379,46.507,57.53404658680625,0.29748288,3.938420765063646e+22,146066900000000.0,53.702,0.0859840060166129,3.062214e+24,3611.464844,7.497583e+22,43016.4454805368,23106.83,58.76675335067013,51.73004155987756,0.0
109.858,101.362,106.67988317040428,91.32741061619495,125.9786385638556,70.62,55007600000000.0,2111.533,-0.0611502342387268,-0.0334201,-0.0802936328684018,-0.0202835,6468.60715274676,78972913176551.58,2.255766230205798e+24,5.414,68837365529494.84,2397.4560835635248,49.543,10182.396,47.104,61.87803723180217,0.23894006,3.212227517911135e+22,145589900000000.0,54.566,-0.3356532882317579,3.104855e+24,3793.724121,7.287526e+22,42230.74946697217,22456.86,66.41058153700803,56.09384342111042,0.0
112.15,111.249,115.70314525606136,76.24377348086165,122.84745754438062,67.113,15787730000000.0,225.757,-0.0076263941614279,-0.01668494,-0.0323239788876141,-0.00574168,329.2427844760549,7693415359226.612,5.931530035762539e+22,4.467,3925607138280.788,37.2015507194455,37.318,2036.046,40.741,56.66631269967827,0.12590982,2.4929601604668086e+21,46149940000000.0,50.475,0.0617124016986245,3.649986e+23,1624.029419,2.226355e+22,8639.002720736442,6989.628,50.44487427466151,47.244254669689305,0.0
109.441,99.104,107.42973833228442,91.3987384552184,134.0369337064345,69.646,96938530000000.0,2931.274,-0.0852797534038227,-0.04591113,-0.0951292131869854,-0.02926943,6050.062325056993,70810738604242.53,2.1889442224959385e+24,5.38,99115255713882.14,2935.414391912981,52.522,9501.064,48.477,60.31363986761633,0.24706797,3.2142526104476194e+22,135985600000000.0,56.183,-0.3285521838312134,3.12953e+24,4015.615967,7.218475e+22,46667.42378031903,23529.43,64.88009286786149,54.81118198438661,0.0
110.515,100.381,106.44974044606587,89.49038516613187,131.36379460288086,69.948,98732140000000.0,2727.101,-0.0759233675908287,-0.04048457,-0.0896615336588353,-0.02785115,5908.646047743124,70557514111508.69,2.1447015679941744e+24,5.416,99991201609842.16,2655.343858121643,52.779,9619.87,48.242,60.57159574940323,0.23763637,3.1264587566292744e+22,133307300000000.0,55.78,-0.4247146663540476,3.11995e+24,3988.041016,7.329271e+22,44952.89227328218,23992.34,65.8204592901879,54.67806337002892,0.0
114.633,103.092,105.35967981846942,92.08877991501576,129.51821500197732,72.274,99633860000000.0,2741.173,-0.0818814965761622,-0.04092702,-0.0961182449895017,-0.02908191,5976.40358522435,71075100914900.56,2.0667619738633012e+24,5.339,97092159836696.05,2748.516195572037,51.286,9849.94,47.136,61.30474713155085,0.33096862,2.9545942578283445e+22,137383800000000.0,54.854,-0.1991177826163979,3.053611e+24,3923.679932,7.262597e+22,45057.61605569658,24393.48,67.72633834216393,55.42373655475315,0.0
114.02,105.453,107.59100865668243,93.83315859466518,129.18584674768454,66.965,46698110000000.0,1656.493,-0.0619142125463608,-0.0251305,-0.0663716856900965,-0.01676409,4897.449850331815,54167089151790.99,1.77301908807555e+24,5.19,50017446797914.44,1647.537195858662,43.577,8925.011,43.578,61.94672373709368,0.34829468,2.3997766791648086e+22,127191700000000.0,50.77,-0.0239925431226427,2.654431e+24,3707.435547,7.454247e+22,48551.18348717965,20227.21,67.11397192523093,55.86738542957439,0.0
112.265,105.566,103.55445031862334,84.56693822158047,124.28169754914364,58.319,38880180000000.0,1460.57,-0.0489499284387348,-0.02181479,-0.0436012816368605,-0.01331944,4762.408248304346,52337713965217.96,1.5944801833108672e+24,5.255,42995243702489.56,1411.177486960286,27.925,8365.288,35.374,52.62913541413611,-0.067109,3.06723540827836e+22,122095900000000.0,41.401,-0.0289457869808054,2.267376e+24,3278.557129,8.500267e+22,40386.94434359892,15569.08,52.623789020452094,46.84059766354504,0.0
109.603,101.927,97.13149589564264,77.53944761002106,122.574571589016,53.814,37587050000000.0,1616.836,-0.0536722071335221,-0.02384461,-0.0462596772766277,-0.01393764,4452.538413508986,49015270106846.78,1.5942655498490138e+24,5.262,42119252297520.97,1568.4092368557845,25.83,8108.687,34.445,51.79466554276336,-0.22017729,3.1973556609713137e+22,121468700000000.0,39.891,-0.2810902479462247,2.25124e+24,3162.316406,8.909525e+22,39886.415057501465,14612.52,51.005083563145824,46.67262765630443,0.0
98.23,91.869,97.93164761069023,69.23588072763171,114.63417970824918,50.279,39669560000000.0,868.559,-0.0357420853691961,-0.02224768,-0.0756788756036462,-0.00950679,1377.9552187343354,24220989654885.977,3.864260574374023e+23,4.811,27687358424164.64,624.8431364242862,25.363,4378.192,35.025,53.4212531230129,-0.01189598,1.2706978852764194e+22,84699360000000.0,40.53,0.0020470667013244,9.336798e+23,1991.686646,6.312e+22,16047.53125837191,7694.862,49.32715640855945,48.00452066379604,0.0
114.306,108.218,115.55156784107812,91.14770071061076,132.71319724408644,74.176,17527010000000.0,530.063,-0.0596665927695549,-0.03787841,-0.1489186638369338,-0.01482112,1451.4629642138416,22115525552980.934,2.3668215985758063e+23,4.776,25828765975936.938,704.1851278662873,46.009,2610.22,45.212,59.58694053073162,0.0680243,6.938005331855183e+21,46888290000000.0,56.374,0.3028812176685054,5.109306e+23,1389.693237,2.042829e+22,14761.749616692836,10757.0,51.329412739170046,48.7673587776099,0.0
114.662,108.12,112.27239831138752,85.99515121518824,128.83308116215264,73.982,4599365000000.0,123.549,0.0027406119811386,-0.00805708,0.0075417896770497,-0.00288389,1782.639846896688,29587421704925.188,2.966505521179838e+23,4.853,8590239950619.591,45.52430561869381,48.115,3100.672,46.321,60.50894679546518,0.20955656,9.341343478954992e+21,57937200000000.0,57.79,-1.009454914723588,5.640186e+23,1587.962646,2.32301e+22,13146.607775376951,9912.445,53.97563415926079,50.264705247639,0.0
123.0,115.847,119.3648558960983,88.63512693021393,132.9175756389301,79.067,5981666000000.0,110.342,-0.0032699277643385,-0.00635255,-0.0081637066569593,-0.00252736,2292.9510503922047,38628895934133.84,3.458389630197258e+23,4.952,3016912715130.5684,69.24726026539767,47.493,3496.375,46.028,60.2526069015857,0.26746684,1.222927496940499e+22,64545520000000.0,57.716,-0.0585689783621562,6.035797e+23,1627.65918,2.508721e+22,12109.943438205806,10408.99,52.65066964285714,49.52767456025448,0.0
120.636,115.742,117.1931904407476,90.6312954726295,128.59516346274404,81.795,10964560000000.0,340.499,-0.0179709810162854,-0.01885306,-0.0485642817769101,-0.0074348,2201.888787792994,38534663025031.66,3.343149122847972e+23,4.931,12619146287467.91,356.2207857048093,47.296,3754.629,46.198,61.39328111554967,0.23677976,1.0971699567838554e+22,69548150000000.0,58.159,-0.3763376087794824,6.21831e+23,1591.744751,2.609281e+22,12405.007350591732,10223.6,53.8215148080619,50.104645252097725,0.0
120.037,111.488,111.70856317276552,85.77868129313855,126.42890353475968,78.367,4719713000000.0,142.608,-0.0003469617278728,0.00661419,-0.0009515526238203,0.00267573,2860.0323173820625,51332538643527.17,5.4071333555065865e+23,5.074,4990284759795.839,9.981048025718554,48.223,4217.745,46.957,62.31394205769429,0.14456038,1.542055904864408e+22,77231700000000.0,57.869,-0.3385043738036407,8.154218e+23,1728.889771,3.060011e+22,13979.884337501742,11519.74,55.97788765279495,51.654858872604,0.0
116.597,107.409,109.59868807266602,85.10188223256367,123.89299457566015,75.772,17854810000000.0,141.903,-0.0097746698037897,-0.00565472,-0.030471535555578,-0.00237666,2867.7388147380057,53937281341903.31,6.309271114337855e+23,5.141,20946633040858.77,302.4087343896488,48.681,4435.644,46.938,61.71036960399929,0.09233949,1.6278042561651428e+22,83548890000000.0,56.557,-0.3453178138523187,9.867871e+23,1879.090332,3.502129e+22,15029.41879758166,12444.32,58.38658652325213,52.42130298981131,0.0
119.449,108.265,116.03192679139428,87.97658564235188,133.13451603435615,73.687,16330000000000.0,128.298,-0.0026933476792146,-0.00434207,-0.0075585741985773,-0.00186773,3596.500559891644,66172332941241.8,6.51583824955852e+23,5.163,11238675708817.104,94.90818552016574,50.233,5274.223,47.417,61.25063934847538,0.20073909,1.900074820159716e+22,99415150000000.0,55.487,-0.016866328368433,1.078937e+24,1891.605225,4.086998e+22,13672.024450135128,11826.73,59.81998550966951,53.21440238540041,0.0
118.736,107.392,115.2313061617396,89.2779050798026,134.7896861950059,73.333,12434350000000.0,33.02,-0.0005717789315632,-0.00110637,-0.0015556471363079,-0.00047398,3445.5480938922838,61709866075816.55,6.38014310613275e+23,5.172,8130688648986.665,18.70917841968009,50.143,5216.091,47.525,61.17260862725499,0.20196429,1.8065049873856076e+22,98498590000000.0,55.518,0.1141404962968814,1.081757e+24,1874.564819,4.13811e+22,14344.216437201074,11691.7,60.02627493132688,53.34956205469075,0.0
122.367,110.688,115.36477265216986,87.36454323661557,134.52931809836224,74.711,6893329000000.0,97.56,0.0041758736317575,0.00306055,0.0107182879087194,0.00139623,3705.173340978312,65537012912286.46,6.935632901353978e+23,5.222,2320908048988.543,149.5088036378155,49.599,5487.7,47.19,60.81222781094651,0.18602273,2.034274765347096e+22,100771100000000.0,55.339,-0.0351266561975636,1.1238e+24,1961.252197,4.33096e+22,14310.411901250414,12110.12,59.13574834219324,52.83878217842154,0.0
103.554,101.721,77.04869916592833,59.26612703228185,77.02987026388188,61.364,9557038000000.0,105.227,0.0157584135530286,0.00951046,0.2743457279992736,0.00314119,60.60147713990397,2321525665798.793,1.581773637629035e+22,4.123,2775866656806.296,28.759104734277297,40.976,1594.424,42.398,72.71537886301273,0.41008344,3.9135060495013e+20,34648570000000.0,52.255,0.4172203776578975,3.409862e+23,1359.225342,1.839131e+22,5925.647542076055,7664.422,70.0,62.19633196025702,0.0
85.08,80.005,70.19677486020564,50.10745487968529,80.14509737479634,35.221,5516185000000.0,138.71,0.0248737913160045,0.01111276,0.017157257062568,0.00480715,320.331112049793,2960417633116.167,1.146710753903274e+23,4.06,49797207631.86036,96.08745585372549,16.606,1034.362,26.749,43.02794249148912,-0.37200096,5.408564678835151e+21,18521800000000.0,32.922,0.0250798132986191,2.250872e+23,513.859985,2.066901e+22,21101.134134723776,5873.367,36.63245356793744,38.78531798221493,0.0
102.816,100.608,100.0662282527761,63.985381604899246,109.05595356270932,50.944,6278510000000.0,119.835,-0.0018157065846095,-0.00316204,-0.0053632602413699,-0.00106116,996.7030463990628,19453134927419.52,2.003604140662983e+23,4.639,11153916795320.473,28.441227941324755,25.276,4873.918,34.074,54.07030589594709,0.04322308,9.186228838993e+21,101073900000000.0,41.086,0.0355042466819412,7.459741e+23,2644.739502,6.847849e+22,9123.104871334355,4973.911,48.40660337425168,47.447332894997565,0.0
92.55,81.375,88.30637662196925,56.427367307637205,111.65925702347158,47.426,514307200000.0,19.936,-0.0025184842839977,-0.00166668,-0.0024542691411853,-0.00089007,538.093922355598,7403240351874.556,1.585014368852939e+23,4.385,1120322659189.3254,18.56374765734756,37.49,1049.419,40.357,42.256575768396985,0.01567434,8.698692786656674e+21,18864160000000.0,46.057,0.2465083800014076,3.248269e+23,571.802002,1.684538e+22,15413.86090698571,10920.19,28.477334366524605,36.79267338311789,0.0
115.561,113.742,106.74801371792744,77.91739548210093,120.73735302425136,53.616,7798576000000.0,106.644,0.0507968708225337,-0.00477733,0.0888341452489989,-0.00157367,448.26204210059154,7289177832779.318,1.107655558060113e+23,4.366,9321677917537.422,242.097886340196,17.414,3182.715,30.247,55.35640070406784,0.22253859,3.640157169481944e+21,66015190000000.0,37.162,0.9284458607358737,3.899069e+23,2387.836182,4.207103e+22,16607.926995686845,4332.288,53.12624452409399,47.504496971360645,0.0
117.256,114.304,127.59807572165134,95.97223564734324,144.61998499863742,73.577,22465780000000.0,522.477,-0.0835271532837075,-0.04498739,-0.2035625866514208,-0.01995786,779.9038160530432,11569423633162.111,1.008351237584068e+23,4.401,20261741610140.227,490.4714440819306,41.478,1678.427,42.542,58.239631011104414,0.34450904,3.52183831111634e+21,32047960000000.0,53.42,0.1910465102167334,3.390892e+23,874.313965,1.622385e+22,12574.948954836178,9752.856,47.38323948327261,46.5270873618517,0.0
109.547,100.005,116.45788354665646,60.51933332463752,142.27338841317334,53.718,8493673000000.0,198.232,-0.0623660399729377,-0.03320286,-0.1057126490833897,-0.01607199,199.632130244182,2729845949942.698,2.490924385908615e+22,4.01,5803256683992.455,139.32573329954303,11.189,649.098,27.341,35.99771667038982,-0.11606306,2.0582368524728475e+21,10463400000000.0,34.213,-0.8714075503373309,7.348443e+22,245.370117,9.684234e+21,7967.8574377101795,4486.202,18.60662701784197,32.90410237707062,0.0
121.908,110.709,120.1418299281154,69.63063694687433,138.28442172760674,56.825,15194230000000.0,334.494,-0.0392949006708274,-0.0443428,-0.0633911221844978,-0.02101888,599.8618032948336,8363059385622.08,6.8400111872881e+22,4.357,10251931218372.86,248.85460594835,15.006,1061.052,29.16,35.98822713215506,-0.03993079,5.813069279036076e+21,17137450000000.0,35.558,-0.1525497844163639,1.097447e+23,382.707367,1.222913e+22,7833.368268583938,5192.68,16.28897338403042,30.697012214326723,0.0
120.955,108.273,114.44221641162169,67.98045107991845,131.47817974323473,59.467,17435370000000.0,329.769,-0.0354134667644417,-0.03848157,-0.0565901798212499,-0.01726358,634.4403552330568,9644296807974.385,8.46169640404148e+22,4.353,13178759568309.855,268.0091164732955,18.71,1227.013,31.851,37.929871108928175,0.03565465,6.846249361562064e+21,22325910000000.0,38.0,0.0394369133847519,1.454404e+23,440.833069,1.391778e+22,8129.045985200723,5733.154,19.08650165858637,32.78294108955912,0.0
115.455,106.591,111.90461150103104,68.51505290420229,122.67982319696712,61.499,10068110000000.0,158.048,-0.0140265013279712,-0.01537837,-0.0237504262853774,-0.00679076,756.7487780470148,13278292758781.934,1.1833172246534924e+23,4.56,7385512967566.591,146.01587882418028,24.963,1462.159,34.604,41.804374434603815,0.01031151,8.854641509524911e+21,27825410000000.0,40.879,-0.1255395508335816,2.032568e+23,561.391418,1.637175e+22,8242.574682288901,6575.993,26.799259944495837,35.88898682452425,0.0
114.281,108.947,126.8046861876472,75.02435709792553,141.57035557671836,56.358,15652880000000.0,341.067,-0.0321882186151727,-0.02234425,-0.0584121645800654,-0.00960943,659.6936058746769,11428689990593.023,9.958294916796758e+22,4.45,12448911138827.45,247.591777587909,16.398,1889.669,30.637,42.085366482568695,-0.34232357,6.534215570765902e+21,35515120000000.0,37.173,-0.166123520569727,2.404417e+23,908.63092,2.547374e+22,9256.224331352694,5100.991,26.144920380199977,35.794708871703854,0.0
110.154,103.44,116.88436958051432,72.52915614607845,136.07257146900145,54.416,16106580000000.0,342.426,-0.0354822589615641,-0.02017436,-0.0586971848529366,-0.00892827,725.7999130589607,11321749743513.611,1.358821222588138e+23,4.515,13668983082287.574,299.115443045986,17.451,2001.542,31.283,43.3836497736511,-0.37280554,7.391874447027097e+21,36763570000000.0,37.592,-0.4457505017310685,2.944171e+23,939.806641,2.776294e+22,11612.468164000413,5780.157,29.724208375893767,37.2783803177634,0.0
79.17,71.242,97.50945950914046,64.50133742522975,115.9705642603676,40.289,6794994000000.0,287.791,-0.0352355707012263,-0.01275026,-0.0383071984756223,-0.00532671,976.519485386964,12027070470777.371,1.682562474909023e+23,4.376,9332887707468.564,319.5866262601232,19.301,2210.187,29.496,37.59884136055281,-0.05745135,1.0272967317635174e+22,37478290000000.0,37.179,-0.0471747329064375,4.045038e+23,908.548462,3.801079e+22,13231.830290197877,5637.038,17.305483028720626,31.65100385964828,0.0
110.009,108.098,103.53239781288164,66.82301437814277,112.44076730922257,53.849,15187770000000.0,262.813,0.0010483307267596,0.01989663,0.0019441722939471,0.00630428,374.6383172444022,7424858244465.875,9.55677469570838e+22,4.309,4859189384542.448,6.048868293403232,17.738,1934.881,30.88,49.273557708003,0.02771474,4.5431753013494814e+21,42957990000000.0,37.963,-1.615783050155586,2.253758e+23,1409.994629,2.533101e+22,11937.835419042303,4070.74,42.63437292634373,43.8228841561877,0.0
89.323,78.799,83.35521330842687,57.25366368267842,103.0723507297623,49.252,4455647000000.0,228.147,-0.0322540199564087,-0.01506224,-0.0249761301934468,-0.00998628,487.153258283726,6060811482500.03,2.16213857247902e+23,4.01,3419108453693.2407,172.04294244748428,43.329,1340.279,42.883,47.60421638363158,-0.17315368,7.058765960060844e+21,21143320000000.0,49.034,-0.8690108775147322,4.397438e+23,545.206726,1.801205e+22,28517.467842403137,14493.63,38.903485724294974,43.232475981994845,0.0
133.485,129.545,124.43908721446168,91.6322907687548,145.6622366375982,76.046,7799686000000.0,83.449,0.0448874927509651,0.01156197,0.1218642327008623,0.00495836,255.8165929682434,4729803344096.012,4.672754333167385e+22,4.076,7193499275188.774,115.80973129749005,29.18,1121.304,36.215,57.77731380843672,0.17020318,1.5354249912930607e+21,21245940000000.0,47.73,0.2621764561384626,1.700036e+23,801.294678,1.101171e+22,13109.25077573324,7606.086,49.6274217585693,47.241461711232105,0.0
124.062,122.158,116.5758942572171,88.24509032538603,129.69587971032672,74.05,16652170000000.0,280.162,0.0696730875355444,0.0397456,0.1954093603636691,0.01478973,426.7018691702498,7686707457472.106,7.108162345157013e+22,4.265,15373251492423.023,265.45446351042415,30.483,1208.973,37.448,58.12321672915005,0.32313251,2.1952826210823572e+21,23900350000000.0,48.492,0.1873721425434999,1.878043e+23,816.595032,1.141582e+22,13664.420309034833,7464.461,51.544549400051054,49.05658734208526,0.0
113.395,108.78,110.27019455307996,82.18992754164084,126.8462874737659,56.161,14057120000000.0,327.044,0.0498063705485013,0.04304528,0.1230771980660624,0.01427453,483.8344621592021,9348445937346.744,7.678325797200823e+22,4.299,10552328758858.725,276.6743883969252,22.922,1117.734,33.539,53.15589375294735,0.12201825,3.5018454875878484e+21,23573870000000.0,40.888,0.909651415130281,1.683222e+23,685.253174,1.364989e+22,10048.105235102352,5531.791,45.20333680917623,46.051688848704,0.0
75.927,71.039,75.02663882831686,42.12052624881293,81.42438255730735,31.343,2044828000000.0,28.823,0.0015837667877654,0.0015162,0.0012009919082765,0.00056894,243.1430978430033,2417610540938.032,9.467318616032643e+22,3.924,1726795997024.038,5.587529227236666,13.692,1397.468,26.513,39.5165612032333,-0.07694524,4.983694360864392e+21,27061490000000.0,31.942,-0.9331188149623966,3.037015e+23,773.47699,3.453216e+22,18700.85865421477,4513.723,17.392444910807974,33.17212664371473,0.0
104.137,104.028,105.05912639126966,68.27056589833738,110.88058476981516,50.318,27977910000000.0,792.728,0.0146814677723455,0.03243424,0.0258435857783923,0.01028302,346.2933143463983,5610753597116.689,8.065748760202578e+22,4.254,2703293831037.216,70.33891209730736,20.88,3293.753,31.746,52.94929315349125,0.10567393,3.719998315697796e+21,70599190000000.0,39.228,-1.064775489421126,5.151708e+23,2272.921875,4.584084e+22,11799.890485115497,5031.804,40.33417524771712,41.801388576006126,0.0
81.458,75.08,76.04309192632874,49.09893743873288,92.70388765670036,40.944,8694220000000.0,124.255,-0.0093428438757544,-0.00209391,-0.0079918144536073,-0.00106072,1705.3916396147492,18648494767123.73,7.037628386913513e+23,4.88,8285962283593.534,194.26575270856137,31.657,4919.303,35.696,46.75830033569847,0.01429897,2.57424028352434e+22,87897740000000.0,42.884,0.376068510455574,1.629695e+24,2385.598389,8.338698e+22,23961.11849142308,10475.29,39.69072164948454,41.16202943331124,0.0
112.587,109.348,109.5456934279696,75.93009613542115,122.80949149840582,52.317,12517650000000.0,139.803,0.0406165583060933,0.00869706,0.0797408295923912,0.00304256,387.69027710780574,6465858230041.898,5.916095325378493e+22,4.379,8208793098214.744,167.2183705461862,15.741,2213.259,28.857,49.33437328071761,-0.08959138,2.995731545364825e+21,43126970000000.0,35.339,-0.4748452842462675,2.222472e+23,1047.556641,2.988978e+22,10563.769618326647,3642.064,44.86601849656154,44.41937625756084,0.0
96.268,96.393,125.21470439478428,73.71889651115879,130.9982028738255,47.493,2843515000000.0,52.149,-4.365851419001214e-05,0.00854079,-9.917303191707016e-05,0.00251419,64.16389454839025,1077804654952.2644,6.283351230306653e+21,3.45,264722748804.8267,0.0330931537560292,24.977,736.367,35.749,46.73285547410432,0.0914725,5.535809344371716e+20,17674630000000.0,42.755,-0.3390396464084351,1.366009e+23,451.521393,1.142869e+22,5776.899361987336,4958.718,29.059829059829063,36.62590343270812,0.0
114.522,112.151,119.9662112648216,82.43592027256027,131.35717302512592,56.661,13384190000000.0,369.166,0.0257822401053086,0.02573953,0.0503362745126014,0.00886011,761.1582050060065,13057191596539.637,1.3821653242683157e+23,4.517,6439114570628.516,211.3885866234257,22.947,2123.309,33.533,53.67717186370784,0.04445802,5.797259694668786e+21,43756580000000.0,40.43,-0.0473452616631984,3.210647e+23,1193.936279,2.548795e+22,12191.07721884964,5802.272,43.2821834368045,44.69544158919489,0.0
103.389,96.548,95.27838868162485,64.54255825083129,104.66502171981745,57.384,17577400000000.0,353.534,0.0071570725291939,0.00758083,0.0149392329914299,0.00362875,1222.3420068099515,25730638746909.61,4.62908309675357e+23,4.948,10580374280747.629,145.80388156473953,44.428,4904.565,44.046,56.79893960189902,0.06159217,1.39487720926939e+22,102571900000000.0,50.956,-0.2177455249577422,1.494106e+24,3157.023438,6.453918e+22,16219.061747774442,11547.31,56.48410962728584,50.766285144121504,0.0
97.6,92.444,89.24175806757272,58.417984197122905,102.00198772247876,51.173,11625950000000.0,320.234,0.0040080513116725,0.00586145,0.0052084925947134,0.00286199,993.5163899205186,17839926516854.85,4.454452872103775e+23,4.757,2239652814046.8647,66.46952295277723,33.683,5090.631,38.669,51.36161861870007,-0.10215242,1.5122822001494665e+22,103363500000000.0,45.064,-0.0607309916902644,1.452123e+24,3055.433105,7.78545e+22,19024.12941051805,9771.833,45.80001134365606,45.24392282720367,0.0
148.828,143.554,139.91647501502513,111.1921077419105,154.099684736506,98.864,8949348000000.0,145.962,0.070574346092834,0.06395706,0.1865489525213109,0.02528365,330.36069824675,5368459369629.828,3.118878290868541e+22,3.913,8878512069625.125,168.39038977750192,27.906,549.244,37.14,58.20897531627205,0.36362979,1.3641286096390067e+21,9461478000000.0,51.589,0.2492866112671565,5.121393e+22,201.239212,3.594023e+21,9601.284325295912,6679.96,40.39247751430908,43.24371670120871,0.0
97.339,93.105,110.87751970907172,66.97885853268293,127.0910984398667,43.654,2805414000000.0,76.074,0.0109360464409443,0.00783044,0.017815698388252,0.00284072,444.6567029902248,7016007170808.082,6.032459819634269e+22,4.198,1267356625304.226,60.421656586217786,11.818,1177.664,24.784,42.22771369262641,-0.11722286,4.72832180489962e+21,21860520000000.0,32.22,-0.1870788703511771,1.122794e+23,487.605255,1.815439e+22,7950.923434264195,3156.899,28.07631717136356,34.35406165058592,0.0
86.565,85.484,79.40930740015048,49.46255278109649,84.44435626742639,32.455,5352147000000.0,18.777,0.0493203482747083,0.00139756,0.0545539395278372,0.00044567,44.47583932161842,545093154624.8224,1.8638752563691124e+22,3.618,1837677909558.4573,38.37123095772312,6.128,1152.601,21.858,46.59285265151774,-0.23360802,9.30311573244086e+20,24205650000000.0,27.294,-4.343820436671149,1.217435e+23,570.83429,2.805601e+22,15473.79377251816,2175.759,36.27342888643881,39.27761497624457,0.0
98.724,92.031,95.64014830526628,58.65597590397238,109.22830574137,46.108,4257109000000.0,37.526,-0.0143276452597922,-0.00113127,-0.0236360827241622,-0.00044605,1111.3301912159784,17194792948552.594,2.8378624972779253e+23,0.0,7097006138589.377,213.63951846876236,24.276,3658.793,33.559,48.55391094303911,-0.09337659,1.2502602041453126e+22,72207770000000.0,39.647,-0.5874438101639728,7.389657e+23,1791.547852,5.636699e+22,13708.44710319378,6614.025,40.59532974082627,42.227007675554695,0.0
104.026,98.28,107.51618282204026,68.69330622845986,129.8448072706929,49.245,1913474000000.0,79.174,-0.0082098738605187,0.00201219,-0.010343587647412,0.00076176,989.774312801478,13655023989301.36,1.901549476349529e+23,4.76,3255817859239.596,87.60756396559505,24.852,4681.311,33.993,45.98297483849363,0.03396671,1.0588898903546057e+22,92543270000000.0,40.491,-0.1863267953655784,8.108116e+23,2635.027588,6.756766e+22,12634.2669681119,5873.986,34.1127680225889,38.72244784069306,0.0
124.959,122.04,89.05282519060096,61.73553146402245,90.66364753719157,55.617,3226835000000.0,18.155,0.0271455076803839,-0.00180822,0.0354461391309932,-0.00053114,62.7721995148875,950650308685.649,2.457543498348863e+22,4.203,827190648826.6788,34.2847762003249,15.587,1618.505,29.575,54.83821625015951,0.17981453,1.1276277820526288e+21,35945550000000.0,36.335,1.1973971763945574,1.565265e+23,1430.33313,2.053543e+22,13707.3940417978,3447.983,53.55555555555556,45.42881329591864,0.0
124.974,122.017,93.36523377209772,62.85895749818689,93.29565078710986,55.935,4618282000000.0,22.927,0.0257100777189005,-0.00225636,0.0343695338534813,-0.00065601,70.66305477343334,1091871446101.8668,2.470831457988797e+22,4.243,856649926573.0781,33.9887227443865,15.598,1659.081,29.548,52.45915632958769,0.25169066,1.1870319645632603e+21,37050040000000.0,36.216,0.8134598636736586,1.578298e+23,1433.648804,2.085685e+22,13185.709697967925,3400.102,50.318922749822825,43.22837776856122,0.0
80.671,70.58,76.62574030161142,53.57801958916112,97.72373497898953,39.497,32294030000000.0,987.388,-0.0305914528706272,-0.01075583,-0.0259898871097482,-0.00539713,1866.3966259136296,22503776629362.977,6.683190367917495e+23,4.915,17388954408315.498,617.1213787591635,30.671,7651.353,36.674,42.92269672199496,-0.02575647,2.549223877561857e+22,133767800000000.0,42.231,-0.9042044084580788,2.996554e+24,3811.705566,1.342865e+23,23278.54208194612,12333.31,29.271903043759828,38.667599948444725,0.0
102.281,89.026,83.27856437626032,56.06069041575178,106.18955377303634,50.038,24257350000000.0,910.719,-0.0110190511823731,-0.00904223,-0.0132645172653762,-0.00512437,3200.2738257066494,47496551235446.23,1.467349023308866e+24,5.179,13778133209749.88,478.6455452599265,34.948,10634.813,39.755,51.33425952596643,0.04043099,4.164780773552658e+22,174806500000000.0,44.578,-0.5261851902497761,3.613567e+24,4657.747559,1.350204e+23,24405.69263413541,15309.91,48.92207103728574,47.11188128513314,0.0
106.071,93.062,85.67343446053084,59.73685846311201,109.4780933186952,52.94,38309950000000.0,1023.813,-0.0075531519701169,-0.010178,-0.0099498612141304,-0.00599275,3677.74145907115,53883801502932.74,1.6821197843034603e+24,5.234,14261438916227.38,328.1542404937031,37.387,10890.842,41.025,54.92507939968926,0.00683452,3.837085885420789e+22,179367000000000.0,45.97,-0.3920374865819571,3.664149e+24,4953.313477,1.306217e+23,28168.89089188437,16149.66,56.112531969309465,50.75040961536626,0.0
100.485,88.775,81.03954841955458,57.24473013027514,103.8619895695274,50.563,43162270000000.0,1090.245,-0.0060254074094131,-0.01093755,-0.0082819308505554,-0.00563862,3274.9680321993624,53707600274942.62,1.715345074463307e+24,5.273,7059488252680.902,277.36155387010666,36.896,10283.28,41.107,55.565088962579445,0.02537489,3.943386309726487e+22,189992200000000.0,46.175,-0.2844866916120052,3.720124e+24,5073.131836,1.358366e+23,27038.003230484606,14486.99,58.00799648322204,51.28027288526412,0.0
103.29,90.916,80.10730450798535,56.850903067079415,103.83873939645918,52.396,44145160000000.0,1161.804,-0.0089208771185698,-0.01172187,-0.0124593188348451,-0.00632085,3071.3934210531984,52065299221233.984,1.760223234069572e+24,5.211,16144605959172.95,410.6814990304823,38.001,10269.291,41.734,55.97155042679876,0.03984152,3.948848977205978e+22,189671400000000.0,46.765,-0.27714169527199,3.720941e+24,5047.741699,1.325018e+23,27831.031795106766,15243.02,58.968167310599696,52.01957996971446,0.0
102.204,89.415,74.06248490853332,54.54371189628806,97.70950259331237,52.557,41956270000000.0,1025.165,-0.0065771717140458,-0.01085947,-0.0098674292065032,-0.00597161,2871.609492477161,49938591484077.92,1.8058485510661328e+24,5.216,10947199716263.217,301.3068133921537,39.09,10181.442,42.207,58.624650530118366,-0.00229093,3.71957807237319e+22,177049700000000.0,47.103,-0.2837935717711565,3.661637e+24,5131.668945,1.26239e+23,28715.82063958317,16060.28,64.32960952843537,54.839585961799926,0.0
109.545,94.659,83.26058132981368,63.88321573590878,105.83212254459362,59.806,21959910000000.0,1041.517,-0.0082247739017378,-0.01031743,-0.0184256336353879,-0.00598239,3827.4773781272975,86054513758205.17,2.193927499249528e+24,5.36,24404213779872.848,513.1600932772251,46.875,11696.302,46.185,63.32021199804648,0.06058369,3.8840124230284855e+22,211679000000000.0,51.552,-0.5374046184352896,4.357377e+24,5911.492188,1.276932e+23,25840.33664416185,18845.77,70.064600897843,58.79214519567108,0.0
109.959,96.921,88.72216949670688,65.17632488019076,111.64476746157708,59.739,13182400000000.0,636.747,-0.0082539471336203,-0.00583228,-0.0122806815750782,-0.00334236,5458.379222023608,93732794314014.2,2.7721071048569323e+24,5.472,6698714054390.605,545.9160634176524,48.679,12296.647,46.776,63.67687780765637,0.13273558,4.6729524532558265e+22,219354200000000.0,52.367,-0.118187840801815,4.86519e+24,6245.052246,1.355429e+23,30725.3963436442,19228.86,72.4608455016486,59.24543796867864,0.0
108.062,96.042,86.14533967177512,64.4432351573074,108.50757891252904,60.403,11728400000000.0,523.387,-0.0033064955881096,-0.00462789,-0.0047110830405654,-0.00270441,4941.213689379148,86798758784819.64,2.788506820198309e+24,5.478,11437323902363.0,205.578056695131,51.819,11951.894,48.327,65.03510296897589,0.11636975,4.40067120862805e+22,217124100000000.0,54.133,-0.0488823642583305,5.255688e+24,6747.105469,1.379227e+23,32729.20335310529,20448.42,75.51360788103626,60.80243263810743,0.0
102.803,92.956,78.06263157745873,62.20938283139106,95.25546680827884,57.096,14598440000000.0,520.738,0.0029111850540944,-0.00460025,0.0123743752895525,-0.00237518,2670.840485138662,67270672960435.805,1.91619497811056e+24,5.369,18280304942139.38,152.31902440033014,51.719,11362.387,48.59,69.30376491617379,0.12789376,2.362208358552812e+22,224999200000000.0,53.844,-0.3321640185753403,5.176874e+24,6981.716797,1.458058e+23,26722.786345957826,17779.58,82.17024113790421,64.91908337284089,0.0
103.916,94.869,89.03019478514389,66.70593720072684,108.661381170769,53.973,30196550000000.0,638.51,0.0056343351367343,-0.00461967,0.0121059985704333,-0.0027163,3251.6101400567327,63358968595151.69,2.0762889397136244e+24,5.341,39516203667504.76,260.0978129170692,39.9,12939.278,42.237,62.81339343648609,0.02733332,3.049646855125168e+22,233516100000000.0,46.865,-0.494028459666907,5.031631e+24,6924.64502,1.747765e+23,32852.5223702681,16117.28,73.12824392191473,58.42527118608372,0.0
100.949,91.573,86.93638835469733,64.68764684958492,108.3426144273941,50.272,42679790000000.0,448.843,0.0026709843839443,-0.00318451,0.0039597514392383,-0.00176377,4021.9528710921554,69190968156207.086,2.4817068614340865e+24,5.429,36350344009682.76,138.44246258860596,36.785,13252.733,40.649,59.51614508404428,0.04122446,4.124817136746214e+22,236022900000000.0,45.333,-0.7147008683648739,5.127092e+24,6919.838379,1.846298e+23,34848.06893245162,15170.26,66.7145308071013,55.24001393453356,0.0
102.532,93.051,90.12646153769668,65.7597914003074,112.36386899846562,51.59,44027810000000.0,325.936,0.0056556481634726,-0.00229797,0.0080018521487758,-0.0013664,4076.5228195957006,66971526344741.2,2.4230154849955903e+24,5.446,39773330863292.9,276.77610982402405,37.035,13586.188,40.817,58.5990499387696,0.00025596,4.036294306252634e+22,231978600000000.0,45.319,-0.7632497017316425,5.084009e+24,6945.685059,1.812208e+23,36141.57680142733,16048.09,64.66661384255774,54.22890765024272,0.0
102.428,93.334,91.83083620571276,66.7875853579716,114.08912373730308,52.447,51064720000000.0,304.29,0.0059806495327812,-0.00219203,0.0084311235261426,-0.001279,4554.356937656867,74097076265302.11,2.450084272217979e+24,5.463,44925902279681.0,322.6919261907461,37.397,13222.976,40.721,57.2982779373932,0.01323799,4.4640012115519e+22,230450200000000.0,45.575,-0.8274385242140465,5.029358e+24,6950.422852,1.791375e+23,33115.213966957526,15917.29,61.7041517833103,52.54902280677125,0.0
97.017,88.046,88.88891657244983,65.51105883384423,109.96996613349762,49.305,65326470000000.0,62.26,0.0059699821498397,0.00045493,0.0079315606631874,0.00024366,5328.16469506179,84227526204289.05,2.680973845780272e+24,5.482,55843776206529.73,379.5057952831606,35.204,12992.247,39.776,56.3527899092415,0.07995112,5.32868329485923e+22,230268200000000.0,44.695,-0.632978823538349,4.989488e+24,6855.669922,1.84253e+23,30885.510347603933,14702.85,59.72124475995226,51.762717147474085,0.0
97.752,88.924,88.85784800871265,65.94366259098197,111.46524042647046,49.668,62046520000000.0,11.248,0.0075092068384967,-8.117e-05,0.0096470586901867,-4.471e-05,5250.336295027126,80890234903828.98,2.62995667493698e+24,5.492,55417257209199.91,451.5436256124881,34.77,13194.983,39.533,56.18760838216841,0.0816063,5.146635604767694e+22,229318600000000.0,44.436,-0.5944190969655321,4.968772e+24,6810.812988,1.843742e+23,31905.18509688061,14871.75,59.57402245887641,51.84466748743012,0.0
100.207,91.198,91.18100887009518,66.97111053796968,113.44497372180804,51.038,54255410000000.0,62.954,0.0062737875198423,-0.0004425,0.0076804099510894,-0.00026131,5423.897508913643,80279646058158.16,2.60822787039346e+24,5.442,44344197405381.69,371.3705784495506,35.11,13441.894,39.587,55.67243064111452,0.04312264,5.215849234144086e+22,227371100000000.0,44.356,-0.6290757606825828,4.958666e+24,6793.450195,1.838817e+23,32146.02560406261,15498.13,58.29936983386529,51.399655411378525,0.0
96.714,88.385,95.20026009918574,72.02693334762027,117.99438265453286,49.844,42805600000000.0,38.692,0.0059331046762476,-0.0002584,0.0059240188733182,-0.0001515,5664.355607070552,74632357664820.98,2.3480659806556276e+24,5.35,34923457321862.68,296.88662489475723,33.124,14339.427,38.642,53.49666135581231,-0.02160523,4.902855286802241e+22,240768400000000.0,43.265,-0.7537134824692829,5.018352e+24,6534.685547,1.944251e+23,34103.52735426455,14795.38,55.15778103541393,49.35648369757728,0.0
96.017,87.25,93.50027187508807,69.0522196691735,116.5080604755958,48.619,38224270000000.0,3.088,0.0076984808509132,2.053e-05,0.0070776162165599,1.221e-05,5642.116864214342,71865851719280.88,2.426058115372484e+24,5.324,30620532760529.254,387.4029533796545,31.71,14156.545,37.76,52.53419102289242,-0.03865151,5.173037309550753e+22,232790000000000.0,42.405,-0.6204061866111369,4.973764e+24,6494.164551,1.956649e+23,35127.87709667506,14808.11,53.16898700099992,48.55351059871066,0.0
92.402,83.474,90.31333199629292,65.3306876655921,113.1886153015675,45.798,30329430000000.0,5.392,0.0094119780780074,-3.613e-05,0.0091816750334676,-2.016e-05,5481.131611879016,69577095513276.24,2.5179529868166564e+24,5.345,33539175592130.465,490.2134662149402,29.666,13929.141,36.282,51.525411136884266,0.02463629,5.325763820879361e+22,229145800000000.0,41.341,-0.3237619687352321,4.886014e+24,6444.207031,2.005726e+23,35228.28399792741,13753.26,51.75585284280937,47.6037768732188,0.0
90.921,82.174,89.55906790665888,65.23819215871796,113.5755540158138,45.297,12668460000000.0,271.089,-0.0003987102289501,-0.001865,-0.0003496278527113,-0.00107168,4462.834252960626,52943273867870.26,2.2699105991217725e+24,5.225,11960952877694.12,16.250232801321914,28.907,13004.962,35.328,50.43473919978853,-0.00465485,4.61182909270264e+22,209422800000000.0,40.75,0.1548477515255227,4.558373e+24,6146.775879,1.955196e+23,40212.99075776423,13568.87,49.06126482213439,46.03606403251401,0.0
91.006,81.959,87.71446572163431,62.99667954911028,112.31585420556146,45.323,12589020000000.0,247.06,-0.0034501159280691,-0.00168942,-0.0030602362736437,-0.00099582,4014.310885519887,48607418388516.695,2.183364119173156e+24,5.244,7946614679744.801,134.0059527621341,29.096,12730.183,35.44,49.97395921097064,-0.04814202,4.4302611598181365e+22,206727700000000.0,40.621,0.3939428547508063,4.564102e+24,6126.699707,1.956757e+23,40571.662466117705,13852.06,48.27994669562214,45.55138537139587,0.0
85.08,75.553,83.25831196050386,61.28402216776398,104.71511742668348,43.247,7987020000000.0,47.196,0.0065362325868611,0.00031091,0.0047227080113906,0.00017909,4451.649067877258,47986755741803.51,2.0302112877944692e+24,5.1,6088670360729.548,250.90636031183936,27.73,13031.497,34.492,46.08055192555252,-0.0583348,4.958479559139637e+22,212189500000000.0,40.068,0.261147385259577,4.663214e+24,5815.385254,2.066342e+23,38156.06888537629,13324.25,40.62149007862224,42.27093576512782,0.0
78.292,66.083,78.37952502794212,57.33194408859524,99.72567005914064,39.461,7941983000000.0,200.778,-0.003947000384632,-0.00143428,-0.001867499151656,-0.0008402,3439.4006582275865,30234980046414.668,1.438667580761035e+24,5.173,9108718598104.61,95.01614025924714,28.299,11245.657,34.159,41.50118971506478,-0.06403232,4.13233792826465e+22,170773600000000.0,40.318,0.7290132227245182,4.351926e+24,5378.795898,1.917632e+23,42906.28554132724,13712.38,29.907319391634974,37.91871697931199,0.0
101.443,92.01,100.67051612368311,69.99720510002919,121.95871720297828,49.655,54902240000000.0,1666.936,0.0725986814833112,0.06216001,0.0990639539387214,0.02760879,2529.2603975026304,31265803201631.84,4.327269626148024e+23,4.76,46278445526557.13,1517.965831134556,21.052,4008.394,31.837,43.789043387554514,0.05109281,1.9932664320988272e+22,63223840000000.0,37.344,0.4042622174844995,5.910518e+23,1322.794678,4.399625e+22,15067.644854065637,7370.89,31.63005780346821,38.303373684787765,0.0
103.53,94.117,100.18231964951042,68.84947006027411,121.20805531584332,50.25,54212080000000.0,1591.512,0.0678755726204944,0.0618463,0.1098760390070494,0.0263025,2293.409540189847,30793004701081.848,4.196038376231516e+23,4.798,46315891249926.42,1417.3777074611658,22.384,3911.063,32.405,45.71276364542012,0.00755127,1.8070652328571065e+22,65138150000000.0,37.775,0.3799575548794192,5.899218e+23,1409.853882,4.316078e+22,14638.445991449751,7340.871,37.42587101556708,40.2781380973936,0.0
108.746,99.513,106.97157935545252,72.77571153142033,128.4408945227665,51.915,61701790000000.0,1802.877,0.0805501306268131,0.06653692,0.1235598748908858,0.02862573,2483.639987625518,31349061162948.883,3.797008742569616e+23,4.853,49645648762791.0,1562.5919840295476,23.282,4288.898,33.111,46.45075253723371,-0.05659325,1.6787411379100058e+22,70087270000000.0,38.365,-0.1008366751575537,6.264671e+23,1423.443237,4.44735e+22,14369.495218262413,7489.547,38.80987083479921,40.791556209643296,0.0
115.749,109.446,116.41600197318324,89.59194570093385,138.25250602423415,64.589,45346550000000.0,1175.231,0.1084055060338685,0.06770635,0.1872749198235281,0.02665346,1687.0255382740504,20884663641252.625,2.393857334789865e+23,4.756,42935633725407.3,1194.4118654811637,37.64,3244.919,40.479,53.93293334104092,0.22695082,8.293828255092782e+21,56298920000000.0,48.838,0.3872729232370404,5.356907e+23,1567.42749,2.683947e+22,15919.311376781634,9147.915,47.831846683741055,45.3793361380655,0.0
88.612,81.876,87.07134907195774,56.35057955512861,102.45682210386386,37.6,19046690000000.0,425.571,0.0010497423365837,0.00568395,0.0008180669734759,0.00257763,877.2184410015387,11996309638200.326,3.268791743078555e+23,4.922,2811734076033.8203,11.919824231908631,19.75,6342.233,31.004,43.96085456371652,0.0893975,1.4320945313516857e+22,117648500000000.0,35.755,-0.4810204913665052,1.875853e+24,3476.934082,1.192077e+23,20497.65049237054,8554.754,31.52898067954697,38.29791809042552,0.0
100.189,95.252,90.49008481175866,62.96695482267089,109.8827510182581,45.323,36730720000000.0,624.343,0.0205139487352163,0.00810525,0.0197681096186534,0.00347742,2028.384424242056,27155671307524.863,7.926869970415055e+23,4.957,14850895032065.766,446.0142734010735,21.572,8177.659,31.82,47.84484734495911,0.08859088,2.404860386383502e+22,155589200000000.0,37.706,-1.194908947227308,2.01225e+24,4783.615723,1.228507e+23,26279.356667194617,8439.1,40.73878395632457,42.71362432312692,0.0
94.893,90.345,93.92270876935504,59.57682330348145,107.86235792935445,57.183,6646807000000.0,292.226,-0.022869531074828,-0.00976001,-0.0353199968411754,-0.00616432,459.4899911666176,8806094392767.398,3.067881208293457e+23,4.576,9456204765695.44,192.447103994678,52.662,2452.238,48.505,56.49222247336798,0.00927501,7.190055622943222e+21,48128090000000.0,55.379,-0.0259635601869717,1.092548e+24,1372.487305,3.324367e+22,26061.31566004274,17353.08,60.60469314079422,50.867647440133055,0.0
100.511,94.374,88.77075093056938,61.89582328408586,103.64224624581588,57.944,2746627000000.0,90.012,0.0098656772111122,-0.00299655,0.0249596836731027,-0.0016108,595.2440010205312,12985260018290.191,3.233643370983992e+23,4.693,3725976787111.9824,105.799522411968,50.216,2723.787,47.64,63.77681988066299,0.06151741,6.457625605813152e+21,55186430000000.0,54.112,-0.4289879959675106,1.094939e+24,1512.122803,3.641801e+22,21693.617340053643,14754.12,69.49394155381326,57.50203329341063,0.0
103.673,96.701,95.84845607211632,60.36040340844153,107.60202693594404,56.451,238201300000.0,155.851,0.0071290528440568,-0.00523971,0.0138806123385202,-0.00280166,586.3906255379458,11829390657005.184,2.783944718232224e+23,4.611,5625271247318.925,73.37221187103344,47.393,2783.212,46.07,59.3943528194678,-0.0060423,6.921589590618064e+21,54924590000000.0,52.673,-0.0711470970234444,1.040072e+24,1516.236084,3.673149e+22,19487.538112219558,14078.03,61.64358092404946,52.96295472765314,0.0
105.156,98.102,88.31112403431749,57.89476733410158,100.53587860865969,58.105,684314500000.0,159.567,0.0047522473538478,-0.00545129,0.009249829150469,-0.0031346,510.0607786441252,10874787815796.947,2.754594261850707e+23,4.669,3836385397401.861,46.93319486660172,47.025,2692.777,45.869,60.7441808770517,-0.02629784,6.524351048765524e+21,51390010000000.0,52.706,0.0099423038538434,1.012686e+24,1509.676392,3.525918e+22,20149.344229770093,14979.66,62.73557412084709,53.86020612419392,0.0
107.311,100.277,91.78005035955822,66.22813801629383,106.90032249221912,57.758,6903489000000.0,346.771,-0.0159996243677101,-0.01197695,-0.0296718069713746,-0.00695713,807.8696264389697,16465684980114.996,4.151198752805962e+23,4.634,7106419587377.087,197.0993725858212,41.525,2654.614,42.811,60.32509693626818,-0.1052691,8.770954901881175e+21,50717340000000.0,48.938,-0.2212316389947813,9.903987e+23,1447.173218,3.576386e+22,24240.39835567119,14961.53,65.0872431174874,54.57322391848054,0.0
110.154,109.343,101.02280818217,68.75187884549561,120.0726418541286,47.937,14795740000000.0,236.71,-0.0361254910056912,0.0086763,-0.0407479760319675,0.00273507,346.38045646640893,4892917571804.403,7.446345533462124e+22,4.456,3222862303948.339,147.50037977623745,17.121,3478.175,29.82,46.741625002092185,0.28967836,4.27816342951954e+21,75847090000000.0,36.575,-0.9396581003407812,5.335626e+23,3470.786133,5.259737e+22,12892.624071501416,4641.955,29.3860657622442,38.32351351831517,0.0
111.796,107.79,90.75871509895066,69.05302853648863,104.14410329471042,60.993,30770330000000.0,628.452,0.0195695365348739,0.01654061,0.0480936023421394,0.00616764,1264.552903452446,27947922344597.305,4.87619377383822e+23,5.004,5691214564030.547,363.6019888179581,35.617,5338.916,39.612,64.75855275886994,0.59266418,1.0279924700422085e+22,113752300000000.0,47.706,0.491484129377371,1.259942e+24,4704.749512,6.116235e+22,19241.74795873913,9310.308,67.74447122943089,58.326405551232966,0.0
107.154,96.723,96.32849259750364,70.05453819278993,117.38603145571768,65.667,20689650000000.0,676.467,0.0360853103613804,0.02787575,0.058458209768499,0.01459256,1280.303510014008,22387695847064.293,4.1788236752962594e+23,4.896,19906393162684.312,555.2446705305607,50.772,2942.149,47.968,57.04303710687441,0.17247537,1.2074271096445543e+22,57707540000000.0,55.444,-0.3915201416092835,8.923251e+23,1317.741455,3.148571e+22,19773.77243795701,14493.92,57.06654936215673,50.85724508780901,0.0
109.375,104.671,93.8531059045408,74.92850275452021,114.77630505093144,54.552,52578200000000.0,1105.618,0.041327289315334,0.01912399,0.0858093067340741,0.00726792,2203.761664256064,40567250642501.336,7.775522718908626e+23,5.155,53205815558875.484,1092.9001659440091,30.301,7399.167,36.629,60.808954105106615,0.26654953,1.747488946348792e+22,149503700000000.0,42.854,0.4105224121868644,1.779205e+24,4656.645508,9.679546e+22,21471.56890409149,8806.465,66.19847440222972,55.595241034205735,0.0
100.321,93.953,95.3844405059323,63.00981428473463,115.90222831977988,45.526,36813730000000.0,476.463,0.0165130707007468,0.00843995,0.0328856718088721,0.00326242,1786.5662111435186,35421644837604.32,6.41527476172548e+23,5.073,31216329123932.25,462.00269206549547,24.248,6200.739,33.123,52.321691362786126,0.15847997,2.111635513178855e+22,126523100000000.0,39.175,0.0777165645514389,1.365719e+24,3297.208496,9.581814e+22,16599.49879091292,7041.21,49.81959382839078,47.308178374278576,0.0
97.761,91.634,91.9295220258896,58.2138920221146,111.32302784236788,43.543,22114680000000.0,285.788,0.0102425461364649,0.00562732,0.0164184107769462,0.00243734,1086.7922606969912,19300041088749.77,4.0684468189829376e+23,4.969,9945579343039.668,173.7545526589915,23.597,4850.249,32.601,50.66476974786186,0.01299349,1.4892809438183322e+22,95278410000000.0,38.598,0.0580872170724707,1.144178e+24,2777.625488,8.205935e+22,17220.282142139997,7347.546,45.52557616638561,45.62483325965438,0.0
107.632,102.21,95.93639959423058,71.5830713692165,114.33359240760645,51.948,2055962000000.0,151.314,-7.240612784664082e-05,-0.01164509,-0.0001217078066797,-0.00469481,601.1626146175198,11496293526246.531,1.7440163037003833e+23,4.532,1173677454463.844,0.6089355351902493,23.954,1533.966,31.962,57.8561120313052,0.07442002,5.988191023507683e+21,30140070000000.0,39.402,-0.2742716408773212,2.839722e+23,746.414795,2.134952e+22,15103.183386614188,6634.009,55.25014376078205,49.338061328115,0.0
106.849,96.734,109.60951412072538,79.27841453796883,137.37996779179036,62.897,8883949000000.0,119.469,-0.0022290779380921,0.00401122,-0.0044765647715041,0.00203962,1091.6675615235786,19011936584195.188,2.930007946227817e+23,4.887,581997787615.7007,26.189436694644087,50.657,3360.664,47.166,56.873084139517374,0.01033245,8.368637478020088e+21,66918870000000.0,54.2,0.0974360856496302,1.086339e+24,1690.250854,3.975844e+22,18073.71715925373,13965.24,55.14868518063406,49.346634932974105,0.0
96.128,89.663,104.63310902556093,86.86438653463301,128.1505235829059,62.509,11426840000000.0,222.472,0.0169483276580044,0.00910895,0.0368237735451431,0.00392824,743.5026644032828,12236403339536.898,1.5999619260902943e+23,4.693,4405370781735.639,117.07904746149497,56.32,2867.031,50.485,60.02733054798137,-0.07337454,4.624631616101429e+21,60159390000000.0,58.266,0.2640540286279943,9.852134e+23,1835.097046,3.376497e+22,16501.175538261876,13098.38,56.23887138748117,51.812598987178646,0.0
87.039,79.35,83.95609002649735,57.40480282845322,104.83747493852698,43.667,3519094000000.0,40.554,0.0249515290112686,-0.00199145,0.0305485955168134,-0.00096192,572.4811437090333,7511162396188.562,1.6575850239371384e+23,4.259,4411844419346.072,172.36516240984386,24.808,1822.617,33.361,43.8073464448047,-0.16411193,7.131767698705374e+21,31024390000000.0,39.584,-0.1801791419386301,4.33481e+23,780.596802,3.143084e+22,17074.419608724063,7742.251,31.83310533515732,37.03063287699536,0.0
99.652,96.139,110.60569367610456,75.15552048890726,124.2852700186531,53.592,6589730000000.0,128.999,-0.0464273470137119,-0.00625846,-0.1159023998092635,-0.00289638,255.81509174672848,5155486210938.69,4.826422320750302e+22,4.21,7069411038243.382,147.4996814625628,39.855,1898.88,41.65,56.61944949855501,0.14812347,1.94822413616815e+21,41433700000000.0,48.802,-0.6003654173125672,6.258108e+23,1238.878174,2.86362e+22,10561.562313233337,10580.11,46.43998837547225,48.534039879814245,0.0
100.876,97.665,108.19482989426284,76.59619974389433,118.30301649350884,62.149,7057066000000.0,152.376,-0.0142389951286926,-0.00768561,-0.047077291169775,-0.0034152,301.1771639833597,6858523005031.031,6.545801570868302e+22,4.268,3692793577732.629,67.19381801230041,47.32,2062.66,45.774,59.33821760993103,0.3101835,2.5485856719335184e+21,45873520000000.0,55.151,-0.0495748313306423,7.05408e+23,1608.992554,2.674986e+22,9967.450162840329,11904.15,56.19817997977755,51.93239380627915,0.0
100.827,98.412,79.35143232325125,65.53804142131106,80.38470206887504,66.23,7660097000000.0,250.597,-0.0052929426526426,-0.01290379,-0.06438845528906,-0.00617781,115.22573742357652,5121153162911.586,5.987156128197816e+22,4.252,2644845353781.368,19.118108861345323,51.188,2013.286,47.797,73.06530843506458,0.15255184,9.476453038205245e+20,44377500000000.0,57.893,-0.0320190716948178,7.334611e+23,1633.612915,2.497971e+22,11826.47238298656,13614.52,78.62014690451207,63.8017928074184,0.0
97.521,95.7,90.97831870538184,69.23662121255023,95.7652306149048,62.459,13557660000000.0,376.752,-0.0529307819907608,-0.01953633,-0.1555861039720558,-0.00786653,189.4434463916733,3857141866729.526,4.034284370661898e+22,4.432,6574684793200.3545,145.66551203857378,50.534,2110.537,48.048,62.56698024452039,0.23962121,1.4506472184991373e+21,48623040000000.0,57.081,-2.069542402017165,6.927206e+23,1706.104736,2.685207e+22,10125.88240803608,10890.47,63.0,57.64832840210234,0.0
101.263,100.065,111.05654109346814,82.13567068828556,111.97387016865436,65.777,7706829000000.0,311.076,-0.0343467857789841,-0.01540512,-0.0974960822154002,-0.0065973,379.6028082812964,7645373001975.66,6.950241736298641e+22,4.331,5117487776121.678,164.48675709555496,49.448,2297.385,47.365,58.39012649573782,0.15757227,2.7035767338206044e+21,50381130000000.0,56.831,-0.93623831908692,6.976167e+23,1700.27063,2.774086e+22,10406.527575740154,11140.25,55.17995625372838,52.132495681501936,0.0
82.087,77.017,90.08170362378378,55.78290863156791,103.67054144791749,38.484,10540250000000.0,85.581,-0.0050456631830125,0.00189312,-0.0058895195484563,0.0007833,1319.0437392105202,18902531884331.742,3.140112699271697e+23,4.728,2048918308937.14,98.8647244079482,18.169,3992.032,28.565,39.3206563792642,-0.08581912,2.050048328492651e+22,73742320000000.0,35.603,-0.1102496363267482,8.266871e+23,2030.140747,7.654679e+22,11594.489492282875,5697.331,23.97881626048154,33.64558013868131,0.0
115.692,115.58,93.692950711406,64.3696121004225,94.7924841681278,65.1,11572510000000.0,63.227,0.0011911644415012,-0.00409719,0.0087648889761277,-0.00130547,154.1913278423447,4363595591142.96,2.6416912006758955e+22,4.239,1003776095294.7876,3.854608132698197,30.372,2354.578,36.987,62.48970632165813,0.46764535,1.1266418940135296e+21,54636620000000.0,47.307,0.0897012246145186,3.627624e+23,2434.329834,2.688917e+22,5792.54274716283,5639.977,56.05707629586488,52.31534875695456,0.0
96.885,91.355,102.9550653901164,73.03076174008966,121.57203482934568,45.398,36695990000000.0,893.654,0.0512594042882953,0.04500036,0.0681273361104383,0.01894982,944.3152147222708,14670718147846.62,2.3974400300458927e+23,4.571,17318391254454.668,477.378832136895,24.431,2249.442,33.935,47.91932019944432,-0.19613345,8.37656676804374e+21,41389450000000.0,39.233,0.855038345242552,4.634122e+23,947.253052,3.186747e+22,18885.24927443615,7398.824,40.63186525787216,43.26780779331088,0.0
114.447,106.049,109.43465746376124,80.03531904045393,129.97959499050748,61.136,56191390000000.0,1660.314,0.1012465159830449,0.09622056,0.1298326546442665,0.04740098,1945.047860537944,24254806190062.277,3.936360035280549e+23,4.846,41943627288327.18,1350.122290633904,33.263,2996.076,38.456,52.27199389250166,0.11012591,1.1713029789263537e+22,46613690000000.0,44.966,0.1066770322316021,5.505375e+23,1228.457153,2.459673e+22,21797.52670383682,11835.09,47.801147227533455,45.235200309707245,0.0
119.091,110.4,112.13394629017009,80.6650927330366,132.13282386192913,63.179,56298980000000.0,1647.789,0.1010343784933393,0.09347785,0.128453811538678,0.04782715,2013.0031233146265,25393909028588.95,4.413183399154727e+23,4.918,45392991111607.97,1407.81302992619,34.745,3026.093,39.323,54.29072986693237,0.14040454,1.20140582945067e+22,46846380000000.0,45.923,0.3611994471081826,5.871053e+23,1254.106934,2.441114e+22,23392.01721697109,12831.1,51.37265943967337,47.60188922942764,0.0
116.711,108.175,110.02162465297994,77.41084735822697,131.10121279557202,61.278,57343790000000.0,1671.557,0.0996670171033457,0.09293241,0.134557425382812,0.04484272,1982.2357888371268,24891255736259.832,4.2649875051334026e+23,4.876,47188062840636.72,1415.072308833303,34.261,3044.102,39.227,52.75924780588015,0.2410434,1.2054147417591008e+22,48229490000000.0,45.995,0.4783211693008375,6.021516e+23,1255.915283,2.539512e+22,22053.839372171664,12163.65,48.83257794259031,46.18633430446318,0.0
115.887,103.874,102.81104613537354,82.99547711356021,129.0500072054949,70.303,63584860000000.0,1802.265,0.0863350959479996,0.09300375,0.1142239682385645,0.04755442,2586.062243700689,34607501127791.527,6.702634809227836e+23,5.05,57582113418021.88,1607.386816359858,44.384,3487.761,44.766,57.521933352942206,0.28214401,1.5263543051338882e+22,55218540000000.0,52.761,0.4849352192533072,8.327411e+23,1395.819458,2.504759e+22,26531.020403268507,16544.24,56.384376807023074,50.391899326722005,0.0
128.158,110.825,106.50357899953676,89.55720651934529,139.18718969249792,77.883,65634720000000.0,2173.257,0.1085452662956261,0.10097001,0.12006091589761,0.06421205,3161.508507710909,37255435148775.84,7.782676457063887e+23,5.046,60155124771898.53,1964.126593619356,45.366,4044.495,45.076,58.103758118206976,0.35953858,1.6257293198327108e+22,56301270000000.0,53.041,0.4521356961900884,9.361584e+23,1360.293213,2.522483e+22,31726.788844597835,20827.75,57.48470575496725,51.022969651399215,0.0
128.061,111.147,106.91413606285695,89.88525178790857,138.32754037250749,78.663,66019720000000.0,2170.667,0.10791459764781,0.10098942,0.1210329826560577,0.06405794,3207.441556157097,38036002233505.45,7.909424640798251e+23,5.028,59821338560276.85,1970.8442968419556,45.848,4072.705,45.21,58.3420979523886,0.3556709,1.6247485121165192e+22,56904370000000.0,53.263,0.4966496740626377,9.397656e+23,1346.335571,2.513776e+22,31925.45348887839,20882.71,58.12382739212008,51.314409911502,0.0
126.456,109.053,106.55642752473732,90.106468831377,139.68379255468258,78.546,64253050000000.0,2174.563,0.1064012772033507,0.09935775,0.1184521907324708,0.0629469,3356.155473176776,39061739120340.12,7.881183079602955e+23,5.1,57254983277915.19,1952.676239235892,47.647,4242.575,45.936,57.47116591175305,0.44438356,1.6584343871632209e+22,58900430000000.0,54.021,0.3335705325039557,9.629139e+23,1349.991821,2.543311e+22,31504.1066036026,20988.3,57.02075702075702,50.56042880088439,0.0
119.946,104.588,102.81059036248024,89.5263923224876,132.04933598681274,76.868,66204410000000.0,2159.143,0.1004120141343042,0.10564523,0.1374022215594975,0.05829848,3219.853787591408,39586450335549.52,7.791643906357943e+23,5.101,62833539942406.26,2000.608969611878,48.545,3999.803,47.259,59.47983290793427,0.19510075,1.5722112416094718e+22,56535510000000.0,55.527,0.1282778884051787,9.512038e+23,1422.900269,2.510468e+22,28837.588995195118,19338.09,59.188989923814205,52.16349542875904,0.0
114.777,109.229,111.8384065336116,97.477766123767,133.34355849658073,76.223,59699600000000.0,1799.596,0.1250436384755438,0.09992216,0.1421202833128687,0.05345441,1917.5825898344376,21685499873554.047,4.295904467561323e+23,4.8,45320094897048.42,1396.1122235794471,45.61,3123.205,45.248,59.05034576580146,0.20567669,9.750170103204175e+21,46921360000000.0,55.014,0.2464486123455449,6.912375e+23,1455.579712,2.227304e+22,28067.33493689404,15460.49,54.78524945770064,49.967279512452734,0.0
120.813,112.334,113.92032512855074,92.9710590461429,135.395419377346,70.652,62394280000000.0,1919.388,0.1169161933732183,0.09352987,0.1685335961644976,0.04624475,2344.490827974162,29928822801279.133,4.604560770416745e+23,4.778,53984691203264.63,1642.4386845069714,40.552,3660.654,42.114,58.05392678270713,0.44079167,1.070644562449767e+22,58372810000000.0,50.342,0.50419225901207,7.35734e+23,1441.778076,2.746014e+22,24019.21706295219,13347.74,55.323865604433664,49.77727561381002,0.0
109.791,103.847,88.07255953924593,71.61059178522275,111.06632054989304,60.611,36058460000000.0,1172.713,0.0948365282707422,0.06067535,0.1057169583934838,0.02763357,1517.1477886115415,17872417960782.94,4.582943250951773e+23,4.821,32019602386258.56,1078.6706725514218,38.786,2806.485,40.927,57.10836005118942,0.30240336,1.0707993796433966e+22,48263180000000.0,48.46,0.9333631699971332,6.64998e+23,1405.979492,2.763508e+22,29180.58846894148,11799.21,59.38609842719432,50.07061858671904,0.0
103.18,97.526,103.20617213248424,86.94161409239395,130.77944426064016,52.119,25872730000000.0,827.898,0.0916913730424728,0.04140662,0.1077360289587327,0.01691935,1282.4589554528934,15766659344985.666,2.79960403508481e+23,4.617,20222862710803.508,665.9544424074802,32.321,2809.731,37.74,55.871644333202624,0.19983135,6.752312920095253e+21,49662930000000.0,43.924,0.5104403823069662,6.133025e+23,1213.103149,3.088429e+22,27899.225260237148,9437.384,55.69084171519323,49.03064276096068,0.0
128.244,125.652,128.58451915439338,94.43538269227254,147.12717211790175,73.257,18393890000000.0,451.357,0.0687035981079098,0.05239158,0.1625869047862,0.01985559,443.4884515858374,6656360556479.932,7.230922392509602e+22,4.189,8120755627673.979,232.69908679149057,25.993,1539.938,34.496,57.266647814670286,0.54130554,2.207188863586372e+21,29354550000000.0,44.942,0.5160435644113477,2.265533e+23,1230.749634,1.455705e+22,15411.24043261022,7504.145,48.25926974242853,47.161539976540936,0.0
101.363,100.601,92.72904579615152,63.88187421543432,93.80078851869776,45.694,20259790000000.0,455.255,-0.0082010644787419,-0.0170103,-0.0219881697467429,-0.00558082,202.86874398496136,5010882295438.512,7.693444385651827e+22,4.51,2225544929485.0034,36.80637738059375,16.815,3119.852,29.237,60.182508502474064,0.05591721,2.6069456830456293e+21,67871380000000.0,35.431,0.0734382607344164,4.244005e+23,1912.155273,5.16404e+22,12134.609319276798,3917.379,63.88772517804776,52.99062942122324,0.0
105.421,101.742,107.06078781717336,78.93340614711252,116.8331766332736,64.208,9682567000000.0,180.492,-7.140067788233414e-05,0.01152173,-0.000233494529165,0.00430655,503.8813330154814,9602858118470.342,8.48481495150461e+22,4.409,4574746953063.907,0.4237630232316531,41.733,2202.127,43.162,57.47795459277612,0.18897936,3.225381483314257e+21,47046960000000.0,51.193,1.4407849673468045,4.585829e+23,1325.956055,2.487514e+22,10256.790810006783,8238.855,54.149943811205645,49.0332213065638,0.0
108.687,104.156,109.96532121202895,77.80360999632502,119.80904246086126,64.445,8661256000000.0,200.602,-0.0006378437655284,0.01256267,-0.0020817321766776,0.0050395,554.5017457183269,10988803521550.768,1.063803818901847e+23,4.441,3920563556938.966,4.320753667689793,41.367,2268.845,42.84,58.0811224124828,0.20385201,3.7469138094246975e+21,47112410000000.0,51.193,1.081553698774452,4.52077e+23,1376.809082,2.43939e+22,11244.11002681809,8551.464,54.81471083660865,48.87115180181424,0.0
82.315,74.007,88.22373354750644,59.8781165522325,121.0227958526561,35.453,8163621000000.0,171.161,-0.011780519607679,0.00495634,-0.0108367962819667,0.00184755,683.7439181633982,7240630444828.214,1.754704773803357e+23,4.465,8927573164507.697,71.02475271469683,11.736,3367.679,26.141,42.58876032059957,-0.06638328,7.394985228809488e+21,59606450000000.0,31.452,-2.730784801728924,6.045421e+23,1588.074463,6.387387e+22,20590.14153428112,4913.405,29.99844163939536,39.09382382848701,0.0
91.286,81.375,83.9989026840031,61.00536704851972,97.90959010082236,55.956,24522890000000.0,645.507,-0.0120194963860576,-0.01576639,-0.0268106332773215,-0.00939917,1235.0136635467177,26129532063097.18,6.03119863063018e+23,4.999,16676465812075.44,259.3326540255789,55.376,3685.689,49.465,59.70002804108001,-0.00662643,1.447429155876677e+22,70083640000000.0,55.419,0.4503498227401917,1.63567e+24,1887.507202,4.983369e+22,20182.260065257466,17933.51,65.75415518620568,54.8134599339119,0.0
88.205,80.28,89.47890587069743,66.58088263879807,104.8549251368173,55.62,41404330000000.0,993.731,-0.0417957526709384,-0.02531326,-0.0897855585108447,-0.01412794,1330.0221278017932,24178191758775.94,4.648056990932511e+23,4.853,36720313845031.0,719.3049034668499,59.474,3606.601,52.253,60.05021349060794,0.04510463,1.1603978833206035e+22,72381200000000.0,58.574,0.0067131183043629,1.678469e+24,1851.254272,4.687279e+22,19398.76787751984,17967.17,64.81543066178916,54.80223850416723,0.0
105.914,101.914,96.55495731887848,58.78296623407218,110.38450019782174,45.745,17434000000000.0,266.804,0.0181089879427883,0.01020349,0.0304834591172722,0.00388768,500.2984402990658,8884228120394.67,1.3108315466763145e+23,4.403,7588396658147.066,155.86405922357932,15.109,2793.102,29.121,46.1930549093438,-0.04029662,7.290031737654609e+21,56194300000000.0,34.366,-0.7380003122503542,4.154296e+23,1576.120239,4.715761e+22,10918.570830923096,4558.03,35.15486725663717,40.53632899938261,0.0
99.798,94.899,92.2174384912243,57.08510013911917,107.12642284279056,42.028,20710660000000.0,394.71,0.0259326326628038,0.0142375,0.0346260064308274,0.00541991,592.3677518349336,9194561913005.98,1.6998057369620845e+23,4.393,12043381525216.678,261.7899267310047,13.428,2689.171,27.79,43.4497892837108,-0.05765543,9.68162759064901e+21,52846960000000.0,33.268,-0.9999271170758408,4.329432e+23,1515.214844,5.007869e+22,12091.935729053692,4476.369,31.64855928200284,38.122967364503936,0.0
