Unnamed: 0,USFLUX,MEANGBT,MEANJZH,MEANPOT,SHRGT45,TOTUSJH,MEANGBH,MEANALP,MEANGAM,MEANGBZ,MEANJZD,TOTUSJZ,SAVNCPP,TOTPOT,MEANSHR,AREA_ACR,R_VALUE,ABSNJZH,HARPNUM,NOAA,Class,Peak Time,USFLUX_PIL,MEANGAM_PIL,MEANGBT_PIL,MEANGBH_PIL,MEANGBZ_PIL,MEANJZD_PIL,TOTUSJZ_PIL,MEANALP_PIL,MEANJZH_PIL,TOTUSJH_PIL,ABSNJZH_PIL,SAVNCPP_PIL,MEANPOT_PIL,TOTPOT_PIL,MEANSHR_PIL,SHRGT45_PIL,DECAYINDX
0,2.416427e+22,93.429,0.0139435,15371.74,59.408,2940.413,68.471,0.03022219,60.629,101.466,0.05428162,51564980000000.0,9554389000000.0,8.171862e+23,52.303,1078.161865,4.829,558.116,377,11158,X2.2,2011-02-14 13:56:00,9.129197407485072e+21,61.29374303464406,103.37848988395015,83.66360215157641,123.97648141002108,-0.13381535009430037,24249583097214.547,0.07086561999747289,0.039422478843301405,1736.3069192565501,510.1662987111635,11087055545563.691,23064.327603576585,4.102948120391911e+23,54.05674756744311,61.000373273609554,42.0
1,2.316485e+22,96.645,-0.00533317,11578.92,48.318,1829.461,61.27,-0.01061526,53.676,101.45,0.1734377,37233650000000.0,9006182000000.0,5.367295e+23,45.522,946.170837,4.352,186.149,401,11166,M2.0,2011-03-07 02:30:00,3.1369819381645155e+21,58.30636986937719,101.43465957964544,72.49985684340784,117.82989983789007,0.5448435863759634,6927821932727.814,-0.0768037127438232,-0.034703430697436116,400.65601395679033,161.64858018865743,5147424325934.017,15625.577818915277,1.0116333656826584e+23,51.24476656576387,57.14871794871795,44.0
2,6.534931e+22,85.268,0.00282031,8713.998,24.84,4221.041,45.785,0.00602177,39.556,94.534,0.01900536,76527690000000.0,18570440000000.0,1.046693e+24,33.991,1927.615967,4.976,255.077,393,11164,M3.7,2011-03-07 08:12:00,2.294214640260647e+22,49.62271877729141,84.79428226653711,55.856795195955364,104.85028955387443,0.2725675450783077,29085280041657.844,0.013375397382928748,0.008317126334698045,1777.543051554617,227.85599306538765,16000642838866.48,16094.083511795583,6.024805597804343e+23,44.42435533890507,44.56861075635022,55.0
3,2.467217e+22,106.978,0.00883266,3060.831,9.296,1419.924,43.043,0.02821628,31.113,107.913,0.03075903,28870750000000.0,19611660000000.0,1.577271e+23,25.68,835.5047,3.859,342.725,637,11226,M2.5,2011-06-06 18:41:00,1.3591771725903865e+21,47.359407631703085,103.54348656225852,63.34386594677094,123.27686750550781,-1.582965402835566,2724885642265.576,0.1259655811125428,0.05176232973867328,162.01698912151895,99.12486144955933,5198649772149.181,9464.487325261283,2.60812200939318e+22,44.52440596446336,40.0,45.0
4,2.197264e+22,108.482,0.03107668,12412.3,43.839,2749.692,69.981,0.06843232,52.421,118.732,0.11320896,46264420000000.0,39793480000000.0,5.587943e+23,43.969,1273.788696,4.742,1053.375,750,11261,M6.0,2011-08-03 01:48:00,8.205840987935531e+21,58.166777457803356,108.97533849619546,82.28525124651507,132.59903357223192,1.0738766035729985,22519159842685.95,0.1722473557083936,0.08181255223887275,1536.017746981512,1000.2402636724582,40650003122336.84,18780.62728518252,3.150112487026696e+23,50.63556511180188,55.77988915281077,27.0
5,2.283505e+22,110.12,0.03297869,9905.426,36.273,2703.347,67.229,0.08787693,48.156,117.633,0.02316026,47244360000000.0,50423220000000.0,4.888735e+23,40.213,1261.0896,4.861,1225.521,750,11261,M9.3,2011-08-03 15:57:00,1.0088623192397973e+22,55.813922821973016,108.40859611416664,80.8609202265965,127.62362053299732,-0.30768099526102927,26855878815493.7,0.17806956977899696,0.0774576911394164,1780.9682166585842,1198.4253973090506,49221541765957.25,16566.40436551142,3.4750453456803516e+23,48.92561787226954,53.61190250079139,25.0
6,1.632159e+22,104.886,0.01167684,8778.207,35.67,1492.765,60.17,0.03394029,47.658,108.083,0.33540449,30222910000000.0,16567810000000.0,3.266647e+23,39.452,1167.043823,4.383,327.185,833,11283,X1.8,2011-09-07 10:38:00,2.563285825814319e+21,59.75456127032936,92.50075686917857,70.096283993535,115.64389453372426,1.883343066531059,7052264161016.513,0.2116801293154887,0.08352052182837812,444.1053471540379,341.8494958435516,15348967680856.805,21958.40463106209,1.2274176709286848e+23,55.69814992700279,66.09645996673794,24.0
7,6.250368e+22,75.819,-0.0081654,16540.93,40.594,5439.106,51.146,-0.01213819,47.388,91.237,0.08871168,80106830000000.0,12081800000000.0,1.715037e+24,42.304,1937.39917,4.895,637.489,892,11302,X1.9,2011-09-23 21:40:00,2.8887334266903776e+22,46.33874565121173,81.44132164475891,65.2628040503298,110.21198324838595,0.5810995581250012,31225862652923.168,-0.014052101674160997,-0.018458794707819796,2986.9260493067236,422.7248576037812,9271814816529.338,27186.836850459506,8.5533519655823e+23,42.065765847479966,40.75559307724778,55.0
8,4.101543e+22,75.157,-0.01887275,12523.12,38.655,2793.505,50.09,-0.03194191,47.913,89.461,0.0560889,48522250000000.0,42028440000000.0,8.683681e+23,42.604,1293.034424,4.669,985.384,1449,11429,X1.1,2012-03-04 16:09:00,1.741917158915366e+22,39.08575245992559,89.97680110771923,61.985432744714515,106.89654075700945,-0.22960921400179524,15659826202120.201,-0.04111891582690797,-0.042134855393217346,1214.3503499067592,610.7868637800786,21002765388203.973,15987.280443052172,3.218743436662115e+23,34.422703756640274,22.974934036939317,35.0
9,5.142906e+22,86.128,-0.02868787,16168.71,48.559,4822.117,58.945,-0.04929499,52.815,103.405,-0.02384534,80922120000000.0,71634430000000.0,1.475973e+24,47.182,1902.607544,5.199,1971.861,1449,11429,X5.4,2012-03-06 12:24:00,2.644062415786325e+22,51.47964918142943,89.8525578919299,64.82072101272172,116.42793666944988,-0.3523910355793343,38968719737847.12,-0.05706609038266032,-0.0411202401668048,2565.7803270654335,1216.6245458152537,46780104169361.66,20046.07946756055,8.135175235831658e+23,47.39000354867325,48.769552981216044,40.0
10,5.154811e+22,86.162,-0.02877818,15946.13,49.261,4822.241,59.068,-0.05006887,52.974,103.237,0.02282101,80891810000000.0,73744600000000.0,1.470754e+24,47.503,1893.843384,5.171,1998.616,1449,11430,X1.3,2012-03-06 13:14:00,2.543194201225116e+22,50.95762180220358,90.78487667074641,64.86392434302546,118.62896697963365,-0.6456543580719478,35949377073089.1,-0.05451685536634611,-0.040466875679951095,2416.1440492924744,1118.9091125506477,43964648618703.65,20850.394689386212,7.911656897690437e+23,47.00620181122134,48.26053478930422,39.0
11,5.166582e+22,93.89,-0.02665776,13997.29,50.739,4918.869,62.355,-0.05753326,54.069,102.314,-0.00307309,91886840000000.0,89948770000000.0,1.47251e+24,47.421,2400.012207,5.095,2111.454,1449,11429,M6.3,2012-03-08 15:53:00,1.4291337614442893e+22,57.203243402807125,96.30213620961575,73.02058561606754,121.33703939182847,-0.6018978943101578,32040193643734.895,-0.12897094845478843,-0.05829233979151567,1944.5868614732588,1176.1062476336201,56594169093011.97,22384.511028471494,6.193749262797853e+23,52.60382255554335,59.81761459083273,43.0
12,5.071251e+22,103.513,-0.02336034,12200.14,42.577,4126.583,61.763,-0.04698247,49.402,109.102,-0.05454718,77430020000000.0,74139530000000.0,1.173438e+24,42.369,2339.924072,4.794,1691.802,1449,11429,M8.4,2012-03-10 05:44:00,9.321726850603021e+21,57.843155099764886,92.20569257419164,65.81208696692285,112.45202742954649,-1.401915637065473,16674984913605.662,-0.12413199358899604,-0.05346538101242265,947.4585811067024,682.1647963375007,34216050836507.164,24180.460301938714,4.3506310775426205e+23,53.04938601192898,64.10540301151461,43.0
13,5.39468e+22,81.427,-0.01286097,8619.181,25.203,3065.809,42.448,-0.02749388,39.328,86.738,-0.19234873,56061400000000.0,43323710000000.0,8.577206e+23,33.008,1562.137939,4.529,963.66,1449,11429,M7.9,2012-03-13 05:41:00,1.048915597792965e+22,49.05240038282106,78.10613055349954,54.362787769525106,97.9809921976138,-0.9429169442647672,9943907131479.139,-0.04193924730757541,-0.04124428567482428,710.1319505942008,402.0905410438619,18095525016181.824,24844.224392312255,3.41226357636866e+23,44.25399868752062,47.408625024173276,61.0
14,4.364698e+22,69.035,-0.00258783,6383.25,17.497,1766.721,30.45,-0.0063542,33.594,71.853,-0.18564105,33514560000000.0,8610232000000.0,5.332863e+23,27.248,905.641174,4.182,162.788,1638,11476,M5.1,2012-05-16 13:47:00,5.42507450871269e+21,43.094200827932745,63.28514409435647,45.358455998044654,74.94856843228483,0.4522943714046812,1527894441934.7407,-0.0008373639938013337,-0.001739778316019374,202.6847610683145,5.342859208495498,754463556129.2177,39156.014990028525,1.6983505817258313e+23,37.75516777813237,32.05756276791182,
15,3.558129e+22,89.553,0.0102972,14954.93,56.086,2905.873,62.171,0.01961416,59.126,95.859,0.09843077,60826950000000.0,22284340000000.0,1.116734e+24,50.668,1548.759766,4.685,578.981,1750,11504,M1.9,2012-06-14 02:35:00,1.012990242042476e+22,58.8624642209397,97.48701631015875,69.89576383623331,113.2240008746688,-1.1640670204476649,19739521818742.152,0.032620386396404,0.01607496498800269,990.3195091825785,226.3676569610539,14928740038992.596,18692.68243257299,3.6628867535542893e+23,52.029052972775986,59.03083700440529,45.0
16,6.530352e+22,100.483,-0.01897451,13925.33,34.164,6659.341,61.419,-0.03183082,45.158,114.443,-0.14612126,103838500000000.0,57901260000000.0,1.555318e+24,38.757,2448.98291,5.243,1595.7,1807,11515,X1.1,2012-07-06 11:08:00,3.325469474723695e+22,52.77663932956796,100.12666395422127,76.35065695084467,128.04059390621416,-0.225014877940444,57289259712279.96,-0.046358665650566025,-0.040335381268628866,4315.120702909742,1421.2574943814068,54822419704374.41,24536.612702506067,1.1837413193933922e+24,46.53859723443076,48.03314339196741,71.0
17,7.974975e+22,78.73,-0.004212,11301.64,27.914,5960.305,45.24,-0.00767472,40.536,96.866,-0.09897059,88968150000000.0,13199380000000.0,1.535173e+24,34.844,2567.580566,4.765,430.816,1807,11515,M6.9,2012-07-08 04:32:00,2.7598943027525893e+22,40.54128932508814,93.71594091150422,62.447827307858304,125.9909423610456,-0.8477318172106607,24867562223105.22,-0.016441521322201245,-0.021661656814582108,2410.248182639377,431.82512859869433,15469662986162.602,23259.74541094519,6.50388567148567e+23,36.100967376660584,27.56589883638091,
18,8.833503e+22,96.767,0.0098319,12769.68,46.047,6992.043,57.683,0.02148572,52.525,101.385,0.23100102,139608400000000.0,61399160000000.0,2.398114e+24,45.202,4600.288574,5.063,1390.271,1834,11520,X1.4,2012-07-12 04:49:00,1.2496687034311327e+22,62.10757799065686,82.40442867160637,62.839646581009,106.12658839279247,-0.5894751080337602,24030499875842.375,0.07810341491554317,0.0356369811654404,1395.5272098781536,661.9569251480555,29520919766134.54,29230.12111826034,7.448959575118625e+23,56.983467695564094,69.64406691333576,41.0
19,8.269025e+22,90.035,-0.00238881,5983.467,19.259,4558.641,43.463,-0.0059844,36.983,92.55,0.05585344,89841090000000.0,7318382000000.0,9.657151e+23,30.575,2936.319824,4.615,290.31,1879,11532,M6.2,2012-07-28 08:56:00,1.535020978688074e+22,39.512546751126294,91.96577735899967,53.559731983717626,101.16177721885272,-0.48501751839106516,13057112768790.264,-0.02107203618412954,-0.01838507767158382,985.9664922752415,259.7627624218078,9807675074521.55,14270.970873426988,2.840029820284423e+23,35.05087638569132,23.41675008341675,72.0
20,1.854501e+22,110.082,-0.0138814,9797.734,45.697,2440.738,73.675,-0.03553057,55.627,117.252,0.44742441,45274690000000.0,15748440000000.0,4.204771e+23,45.332,1050.738525,4.678,448.55,2220,11618,M3.5,2012-11-21 03:30:00,7.687188651866817e+21,60.40049698850181,113.13508829630281,85.47587217843714,130.27139390181307,-0.20193870871347397,21744106029531.723,-0.09868521949677928,-0.044608348760466356,1330.1042320240472,546.2292305719105,18519139442077.14,15877.089713055528,2.6266179431042348e+23,51.424942828487914,57.54194428835193,38.0
21,1.608226e+22,100.722,-0.01200328,14441.86,39.114,1220.772,53.378,-0.02226558,48.062,104.061,0.6851781,24397440000000.0,8340939000000.0,4.491057e+23,40.898,990.177673,3.827,281.057,2546,11692,M1.2,2013-03-14 18:58:00,6.276539223264315e+20,70.0231011833514,86.83452408392351,71.07933276386532,93.69600240575818,-0.568983015237531,2381030047470.53,-0.235051895818323,-0.029339863708467362,77.20689802758551,47.677278526259464,3279441436555.372,20583.90974049346,4.824864511301795e+22,61.988995219783064,82.71954674220963,18.0
22,2.301042e+22,71.988,-0.00116977,2559.505,10.295,799.002,27.835,-0.004048,28.791,74.0,-0.05053949,17757070000000.0,1325405000000.0,1.266484e+23,22.259,437.418793,3.34,43.581,2739,11745,M5.0,2013-05-22 01:32:00,4.803947262666615e+20,27.627095540335915,65.75505728324951,51.835828076905116,78.8922615115274,0.5020576086743872,129414936085.24438,-0.00111178704288976,-0.0021606665685439106,17.093302690655396,0.4645433122369408,58187390589.98682,19170.775680573643,6.746805178683842e+21,24.849704584423808,2.6415094339622645,9.0
23,2.495368e+22,108.138,-0.00368417,10451.56,44.522,3123.525,71.683,-0.00996485,54.613,116.085,0.37232897,63587070000000.0,8542798000000.0,6.111978e+23,45.274,1615.690918,4.922,162.229,3291,11875,M4.3,2013-10-22 09:20:00,8.4730417480734e+21,64.60448341328922,104.64831051870036,82.87683522948616,121.22200447553433,0.1653338148288263,31358786740525.836,-0.015010361696911655,-0.005062926934554584,1635.6822661206236,86.06975788742793,3286685627085.6323,14184.62684564289,3.256869067795152e+23,55.43784880577572,62.432760714905434,61.0
24,3.19614e+22,99.836,0.01318006,12807.53,42.235,2604.844,58.584,0.0273202,50.256,103.218,0.15159541,54500290000000.0,28966160000000.0,8.321127e+23,43.266,1660.811401,4.58,644.795,3295,11877,M9.3,2013-10-23 12:30:00,8.071739766663953e+21,62.76002232362299,92.63967928903308,69.43235197792279,101.35138892199419,-0.6884009962569041,18116760634264.242,0.04734021160089719,0.020027039905717938,786.70950817783,261.5531411686763,14474265004610.176,19910.09355339922,3.5933978429448786e+23,56.14353121483411,66.53421633554085,29.0
25,5.792214e+22,85.184,-0.00905142,10415.35,28.226,3529.473,44.988,-0.01868676,41.669,93.217,0.05731665,67097580000000.0,35733570000000.0,1.121239e+24,35.77,1898.348022,4.61,733.699,3291,11875,X1.0,2013-10-27 14:03:00,1.341886924377217e+22,51.88034974353429,81.6567516191653,56.220364509058626,93.2141698690768,1.3568228662391297,12966859379418.545,-0.028091126866769227,-0.028577794090621025,946.0558120262182,363.6238520090619,15488705965211.885,28780.58276449535,5.111412620812982e+23,46.893077425984856,52.02273237119569,34.0
26,6.089516e+22,82.279,-0.00738425,10643.73,28.801,3643.007,43.757,-0.01510479,41.572,90.569,0.06010435,70415510000000.0,29025260000000.0,1.198182e+24,36.296,1907.378174,4.477,625.926,3291,11875,M5.1,2013-10-27 16:41:00,1.2450495296373164e+22,50.661068910326364,84.77954280013513,59.364786121955554,96.30455279528698,0.91828396811049,12303271338704.488,-0.010659127587862444,-0.012109457000344655,884.823015833741,133.08293243378776,5239557689217.42,29885.35998420862,4.634493339995892e+23,46.061419057826555,50.06422882589706,34.0
27,4.315973e+22,97.292,0.01236714,11892.52,48.264,4356.401,64.055,0.02978531,53.783,100.638,0.0682805,82360270000000.0,27084380000000.0,1.11967e+24,46.042,2341.69751,4.795,876.719,3341,11890,X1.1,2013-11-07 16:26:00,8.181270869386773e+21,52.64690688309868,118.21394945322696,94.79215595976369,137.8810304900506,-0.5089690369735586,21417342109119.5,0.151953382016525,0.0889221552435535,1617.4299789291656,916.9652648715237,29789614320171.85,20785.994608414072,2.9652984898176198e+23,45.110229870374646,47.39340904859431,
28,3.430797e+22,107.466,0.01597188,11672.66,44.529,3366.566,67.605,0.03438714,52.977,113.041,0.02684076,62452440000000.0,26620390000000.0,8.19704e+23,44.081,2176.266113,4.597,844.513,3341,11890,X1.1,2013-11-09 17:14:00,6.797862374186917e+21,58.73985345366663,107.84133315731681,81.05683779195965,124.84930760757209,-0.11230186013792903,17310710866654.6,0.1398282281995268,0.07227006719327324,1163.0571024979208,712.1492421225145,25499420025265.86,17468.59609204767,2.397391374250294e+23,50.6015129132017,55.7383394619702,76.0
29,5.820531e+22,78.534,0.01075658,7327.969,20.277,3397.571,42.115,0.02167431,36.968,87.135,-0.06261659,56377910000000.0,30064610000000.0,7.403712e+23,30.646,1569.609253,4.723,818.307,3364,11893,X1.0,2013-11-18 22:26:00,2.1709859052717722e+22,37.68811220787328,83.61647958757248,53.78552299116776,100.45542200633928,-0.5045258373656487,19055974581189.387,0.03602741766067301,0.03462020334580648,1522.1331619021303,642.6548347082057,22980601681356.797,13779.68490463475,3.563564672655282e+23,33.62044340347793,22.54917064653623,63.0
30,1.088652e+23,86.75,0.00770501,11740.82,36.278,7684.75,50.032,0.01470942,46.146,94.308,0.0900737,151747000000000.0,39936030000000.0,2.410371e+24,41.042,3859.927246,5.146,1191.056,3563,11943,M4.0,2014-01-04 07:46:00,3.3135913618284156e+22,50.752688076554186,87.16383790074252,55.02084126832175,101.58418593305849,-0.09152404661257438,45096629677616.734,-0.0008416128530728943,-0.0005100775576275036,2349.9185526260558,20.793311636685182,5760649756606.073,18180.958577626254,1.0162436287660571e+24,46.49777171782139,47.85573427736463,
31,8.481212e+22,93.341,0.01575716,17026.43,52.33,7353.627,58.81,0.0285049,55.923,99.508,0.21574619,144294600000000.0,71831630000000.0,2.927895e+24,49.107,4428.777832,4.989,2040.237,3563,11944,X1.2,2014-01-07 06:32:00,1.2420913617411806e+22,63.4838523305679,95.75908362756927,73.30907536311935,108.83330069788634,0.1603909865383711,36937846016182.81,0.10561024192901665,0.03416442091318772,1864.01830439058,788.583163518199,40991122280986.49,18040.699268891036,5.800435689039173e+23,56.71837033807807,65.46881453944651,65.0
32,9.317853e+22,86.884,-0.00235831,14015.5,30.122,8418.267,49.641,-0.00421504,42.092,97.334,0.02583843,125158700000000.0,1679052000000.0,2.281867e+24,37.145,2573.093994,0.0,289.11,3686,11967,M6.6,2014-01-30 04:11:00,4.219251231847177e+22,47.74502789831542,89.57042718268116,66.5151848202624,111.98459115685777,0.30354053837943273,57820919968447.69,-0.023009579447562916,-0.02344145574090075,5225.889626385285,916.1389732658831,23590729985374.133,29207.349238454906,1.5751683090524433e+24,43.43910196755889,42.5595311384176,
33,1.74467e+22,111.299,0.00475249,8501.58,38.973,1888.92,68.976,0.01255181,51.722,112.675,0.1589649,39812580000000.0,2482433000000.0,3.442805e+23,41.19,1166.299683,4.35,144.913,3721,11974,M1.7,2014-02-10 15:31:00,2.666101764594336e+21,54.995397931644774,119.50399813354579,91.96629936885552,128.96783507134788,0.4470595883959133,8937200145565.346,-0.0012847914293356993,-0.0005087768056619404,487.1585532639207,2.1388976910027977,4583555012115.266,10487.855137450253,6.212037038677503e+22,44.366282101627355,45.67264573991031,19.0
34,1.203509e+22,122.398,0.01505728,7554.957,25.653,1149.391,68.952,0.03917394,43.494,128.079,0.00606509,22175810000000.0,14028020000000.0,1.862084e+23,35.007,786.542969,4.328,279.448,3894,12017,X1.0,2014-03-29 05:48:00,2.3229897671997304e+21,57.142437033527074,109.11563598843146,82.40934811966406,138.5339900902102,0.2103808913928981,7617102449180.486,0.2126580255546037,0.0728432775401249,436.4478835973224,276.7316113749345,13863136700567.12,15358.983665107731,7.948872237981988e+22,50.62632556527238,55.60687708493713,40.0
36,2.838492e+22,99.294,0.0034363,8991.062,44.623,2323.878,60.869,0.00829479,52.625,102.257,0.2215661,49927810000000.0,5575967000000.0,5.667214e+23,44.382,1345.862915,4.335,163.087,3999,12036,M7.3,2014-04-18 01:03:00,1.7383161734556486e+21,55.74702636429722,117.59183425139094,85.3764951411723,133.5082285710409,-0.3521158816151426,4816879945598.941,-0.011564538658398316,-0.004109658194959269,224.89979539508798,10.833059001912632,1339011124013.2412,13298.324755741549,5.119855786179458e+22,46.71463127502562,49.154880993446014,39.0
37,7.704719e+22,70.071,0.00224317,11047.24,30.863,4339.617,38.225,0.00438628,42.773,79.176,-0.09163033,75733180000000.0,5165824000000.0,1.543985e+24,34.784,2286.690918,4.786,236.065,4097,12055,M1.2,2014-05-07 04:29:00,2.448711123755009e+22,47.57232815062986,72.43042749432335,49.953562269724145,97.59552653997748,-0.1707927683767476,18631497507492.027,0.004107010590383913,0.005279089893706191,1589.8346437734021,98.93542369794773,1714691175749.0396,28968.59123325593,7.600060438564796e+23,42.72018678280966,41.47304479878512,
38,8.869315e+22,89.343,0.00262079,10342.18,30.895,5738.103,48.18,0.00513279,43.405,97.512,-0.15943645,110194800000000.0,16444020000000.0,1.688209e+24,37.556,3238.94751,4.997,322.124,4197,12085,M3.1,2014-06-12 10:16:00,2.6279129690588605e+22,47.56102331169516,84.73113096019087,53.77090917207005,100.63302733981799,-0.28987274000764074,24566878390212.71,0.006451408135098088,0.006126512857254189,1661.9483776157585,154.52903379852242,7260520227170.42,20816.61912915355,7.304190778631319e+23,42.29080859035191,40.649483365504715,37.0
39,4.704285e+22,89.312,-0.00013865,2290.322,5.854,2454.255,38.511,-0.00041752,27.944,90.591,-0.065963,48074760000000.0,2498337000000.0,2.119361e+23,22.968,926.463013,4.129,9.661,4294,12106,M1.4,2014-06-30 23:23:00,3.116757142481403e+21,40.858903182382576,111.02940391290942,62.259998486777505,118.07315987728664,0.3166535534283094,3378867815912.134,-0.013186694720901811,-0.0078077902421164365,205.99172239479594,26.562102403680118,1514334008078.354,7719.221149791115,3.7663903397131613e+22,35.42253533992466,22.672836145890038,
40,1.242152e+22,100.331,0.0047631,4036.91,13.265,780.163,46.837,0.01098623,33.128,103.625,-0.3949171,13792640000000.0,3887111000000.0,9.105455e+22,26.393,292.073547,3.736,80.892,4344,12113,M6.5,2014-07-08 04:20:00,1.9830836390037307e+21,44.83651640164387,77.02084452093136,48.97216446093684,87.9394462935322,-0.7737514624734309,1167439074917.2097,0.018077175553554828,0.016899083607300653,90.73095438516582,30.02967157017326,747711641837.2592,13010.052502618944,3.2828061745173945e+22,38.25519462686838,33.68421052631579,27.0
41,1.44264e+23,95.082,-0.00297365,19015.39,51.909,12043.397,58.478,-0.00534174,54.256,106.344,0.09932285,227235700000000.0,10873870000000.0,5.312531e+24,48.676,6896.401855,5.442,625.561,4698,12192,M4.0,2014-10-23 19:48:00,3.7448450776923118e+22,65.21059337125665,90.3493513563199,66.83716847050559,113.21116018750159,-0.1456405753393882,74912131753725.16,-0.015829354635835673,-0.01128536372469563,4324.935587023278,603.699247088868,13228308937108.852,31318.834960883076,2.3021615024301025e+24,61.23153924213662,74.55826558265582,
42,4.793034e+22,77.38,0.01763674,6254.543,19.207,3493.666,43.036,0.03954731,35.692,88.454,-0.05392471,57106370000000.0,38414390000000.0,5.42078e+23,29.943,1251.64624,4.679,1150.903,4781,12205,M5.4,2014-11-05 15:46:00,1.8168581166546482e+22,42.10240786106841,85.74542958723723,62.79364270829994,114.9461688301231,0.35540537149648865,22480891129921.95,0.069842735432839,0.06235181279173055,1872.812751233106,1041.6493844986505,33931374679445.188,15100.278273397293,3.499795749940214e+23,37.598523522447216,29.81320192528077,
43,4.721326e+22,92.478,0.02181381,6495.034,22.157,4085.398,48.38,0.05750834,38.031,99.857,-0.03099165,73435430000000.0,49864730000000.0,6.156501e+23,32.8,1398.212891,4.799,1556.917,4781,12205,M2.0,2014-11-06 16:25:00,1.6406842287004244e+22,46.71470255718094,98.71759681198789,66.32169869646488,118.70222640049754,-0.010081545762974634,29290150400374.24,0.11122021246746741,0.06375437085629126,2108.092503140954,1274.8323996424,39132984838490.88,14397.068803240318,3.953239647134391e+23,42.06498937321131,39.838460050299865,68.0
44,4.079302e+22,103.132,0.02867682,7666.801,24.656,4052.933,53.545,0.07079376,39.57,110.392,0.09373035,66979720000000.0,56006340000000.0,6.185984e+23,33.944,1459.802612,4.876,1742.203,4781,12205,X1.6,2014-11-07 05:26:00,1.6769959210234036e+22,48.87767909468133,109.4868390016579,75.8721881650371,128.88131514362587,0.09713801277108852,32478911893699.12,0.13116122034348712,0.08056507622691557,2548.1933099071694,1637.2434790833781,51956918567510.39,15180.397835826185,4.204417965262829e+23,42.87647827456571,41.850875089906495,72.0
45,1.209543e+23,87.963,0.00390062,8214.26,19.308,7211.073,41.484,0.0088272,36.31,94.068,0.06099404,138256200000000.0,34911000000000.0,1.855571e+24,31.515,4141.656738,4.816,663.472,4817,12209,M3.7,2014-11-15 08:46:00,1.7741275578329714e+22,43.84974933356498,82.26962468960039,54.758597949245484,96.52910911335454,-0.6782053803434384,14780464357239.201,0.012864066996196282,0.014324949027518385,1105.7714836098908,210.40485131619005,7036716700196.906,21155.713450356136,4.4014754467697236e+23,38.87842699810308,33.14821907315205,
46,2.410096e+22,100.295,0.01093444,9305.09,41.354,1999.957,60.375,0.02489256,50.219,107.441,-0.03473854,42816180000000.0,15639060000000.0,4.568099e+23,42.975,995.785461,4.486,404.202,4941,12241,M1.1,2014-12-16 13:50:00,7.357606613164414e+21,54.04222153999732,103.28854363095888,67.6027351443019,122.544664320374,-0.15795112280298396,14094101061792.969,0.04409230670446885,0.022246383863768055,662.3271583960536,221.1068092219907,8864342956755.375,13893.644966768241,1.9204184948470777e+23,47.836646952082965,49.86548808608762,40.0
47,6.24179e+22,108.326,0.00530294,9735.874,36.151,5428.565,61.785,0.01400869,48.038,113.07,0.43425199,113046900000000.0,24753550000000.0,1.319796e+24,39.623,4765.849609,5.031,541.287,4920,12242,M8.7,2014-12-16 16:51:00,1.0884530846171799e+22,64.89783356495343,86.56779012503603,65.60557453602108,102.52482515623805,-0.05991873634183761,28797715340569.746,0.05485041864909923,0.01872452538664636,1268.1176182155632,389.8820676007505,14505221376387.84,18686.25309295465,5.324059178388193e+23,58.163040359313776,69.29710077374848,29.0
48,3.359346e+22,86.839,0.01614871,15934.94,56.974,3042.314,61.88,0.03316161,58.128,93.564,0.10952457,60588390000000.0,31735880000000.0,1.11684e+24,50.985,1499.283325,4.916,852.2,4941,12241,M6.9,2014-12-18 09:58:00,1.181237358053e+22,60.9587781128132,94.13493031723443,74.17998876938204,106.27403329765983,-0.12288287461552935,30492550538924.562,0.09691255016517981,0.037325753999647666,1528.0296898816418,733.7123463710742,29908971325302.297,17410.466113235452,4.692120442742051e+23,54.45343402369788,62.883753018282164,42.0
49,1.01006e+23,99.929,0.00512568,7645.303,29.15,7313.067,50.713,0.01419279,41.878,104.603,0.19403341,150238300000000.0,46272140000000.0,1.638377e+24,35.56,4337.577637,5.156,827.048,4920,12242,X1.8,2014-12-19 12:28:00,2.233234555344823e+22,56.334129466347385,97.14408343544605,70.24218114598068,114.4377207271433,0.25659862347965584,43161330574878.74,0.06117343974271163,0.03057115750157449,2381.6183760348886,967.2408521923153,44091311689037.76,17405.542326993585,7.537907163082407e+23,51.119642105388515,58.87764489420423,
50,2.752871e+22,85.634,0.01362347,14947.32,58.131,2207.823,59.354,0.02641616,58.751,91.077,-0.08499857,44592580000000.0,27525610000000.0,8.666417e+23,51.203,1258.255249,4.487,594.746,4941,12241,M1.0,2014-12-21 00:17:00,5.622125781951561e+21,47.915341075067886,122.36671305492088,89.21536508988633,146.6012470039983,-0.267798420371443,10315343737924.86,0.11100585875650079,0.07378961892540692,713.4579680697697,455.13436953190984,22033309890337.508,14493.783226527208,1.2392107408634037e+23,40.58452610892658,39.189189189189186,
51,3.088142e+22,80.138,-0.00156557,7961.969,25.363,1808.469,44.142,-0.00317649,39.839,87.977,-0.21644166,30548400000000.0,4965778000000.0,4.330731e+23,33.755,789.535034,4.289,64.12,5026,12257,M5.6,2015-01-12 16:24:00,7.610110169631156e+21,45.14489234616699,80.52050237582127,56.562119099156035,100.73945687072818,-0.4954311218080738,7717715486299.377,0.025408942770392986,0.0206525225135343,593.1927923653246,152.8699716451809,3639127311281.0195,17805.76021362908,1.853675225974247e+23,38.72671843959678,35.17030233448144,49.0
52,2.000769e+22,106.184,0.00746949,9380.722,36.778,1728.153,61.817,0.01774422,48.416,110.862,-0.09482419,34093390000000.0,9964058000000.0,3.883287e+23,40.46,909.398438,4.564,232.824,5144,12280,M2.4,2015-02-09 11:35:00,5.542710503912773e+21,56.16825642910168,107.99720009931845,75.48150414458162,121.28603438549314,0.22709886560154738,12428605631562.734,0.07813951709663647,0.033702467982540556,697.1650555875859,275.68618809718174,12543693218210.447,15032.33775868193,1.721461592967644e+23,48.619855932982176,53.40368781166648,71.0
53,2.819176e+22,97.006,0.02363142,8250.488,28.567,2382.99,50.265,0.0545909,42.034,105.635,-0.16551562,43970760000000.0,44082350000000.0,4.564363e+23,37.015,1069.615356,4.598,984.391,5298,12297,M5.8,2015-03-09 11:53:00,9.963049337477245e+21,53.730575361980236,95.01713994824748,66.0242980606863,118.63415849872399,0.10188283319161529,18571078986587.13,0.07241199133842229,0.048162666076213036,1151.6534707270969,603.2855552706445,25454416893757.188,17410.01184124399,2.985648693399046e+23,48.73294238754532,51.10353906915511,20.0
54,2.911022e+22,100.104,0.0249596,7931.327,27.984,2421.621,51.606,0.05862321,41.932,106.373,0.00202053,45454980000000.0,47527220000000.0,4.586871e+23,36.589,1098.332764,4.715,1086.891,5298,12297,M5.1,2015-03-09 15:24:00,1.0223102757161572e+22,54.70504425792291,95.93347723492191,66.13974247898405,114.64624201702654,0.2122056547812715,17719876038075.086,0.07732473063674791,0.05548417127532957,1119.8692199263496,699.0450738978773,28183251877927.633,17973.019833187594,3.09437223875808e+23,48.29196234970721,52.59950632520827,22.0
55,2.47023e+22,103.407,0.04049462,13525.38,40.637,2958.618,64.263,0.085379,50.145,113.869,0.20989631,49783180000000.0,59451080000000.0,6.829269e+23,42.81,1295.738281,5.015,1539.565,5298,12297,X2.2,2015-03-11 04:22:00,1.3733476760281462e+22,55.14597677423134,107.19546014613384,79.64188281477009,131.70577545598167,0.37498080840392334,29965173401778.48,0.11121928162052118,0.07624228433114447,2117.164542701498,1306.7927534358162,49166794777705.53,21529.880931602056,5.0088572111027335e+23,48.038667519503775,51.35289416600068,45.0
56,3.400129e+22,91.087,0.01726162,7511.911,17.859,2344.243,40.402,0.03948063,34.1,95.49,-0.01851576,37369240000000.0,25154330000000.0,4.838034e+23,28.115,998.304443,4.569,837.119,5298,12297,M1.0,2015-03-17 11:34:00,1.0201987072962192e+22,52.99540616190816,82.09912941789213,60.27665240496039,103.77461100884149,0.7770269977086615,12091198004077.668,0.08095464904078914,0.0944273502549287,1182.569369934899,862.4049898782638,24738832494957.332,29613.342382531635,3.733784409428266e+23,48.013648686631946,54.8767642721719,66.0
57,5.206558e+22,83.668,-0.00762318,13312.56,43.006,3721.231,52.587,-0.01272817,49.369,93.195,0.11710393,65479370000000.0,20459370000000.0,1.205948e+24,43.249,1759.650513,4.897,519.985,5692,12371,M3.0,2015-06-18 05:36:00,2.6346515851223033e+22,47.63960470639482,90.63476611047417,55.957003822070796,104.598929028761,0.44974350458116336,28957381293140.113,-0.016612508202470615,-0.012126319199405813,1711.0513177583719,344.01154936794353,16243645884268.645,14166.262745577771,5.54506966816307e+23,41.74606167187864,38.949582683042685,51.0
58,4.699559e+22,80.933,-0.01452743,18105.08,59.06,3607.832,55.769,-0.02573528,58.334,88.948,0.0510951,71861350000000.0,41786940000000.0,1.679979e+24,51.96,1845.334839,4.849,1014.988,5692,12371,M2.0,2015-06-20 13:42:00,1.0699870554205706e+22,60.04932973908246,93.9509868219691,69.55960439579852,111.43304986961434,0.04326230029107309,23357110447015.562,-0.09801066399318244,-0.044899408205753104,1304.3870202071605,707.1656792406114,34771544420046.816,20544.298376456387,4.517096656940862e+23,54.762072928216504,64.65329789804301,53.0
59,4.687279e+22,80.28,-0.01412794,17967.17,59.474,3606.601,55.62,-0.02531326,58.574,88.205,0.04510463,72381200000000.0,41404330000000.0,1.678469e+24,52.253,1851.254272,4.853,993.731,5692,12371,M2.6,2015-06-20 14:36:00,1.1603978833206035e+22,60.05021349060794,89.47890587069743,66.58088263879807,104.8549251368173,0.00671311830436293,24178191758775.94,-0.0897855585108447,-0.0417957526709384,1330.0221278017932,719.3049034668499,36720313845031.0,19398.767877519836,4.648056990932511e+23,54.80223850416723,64.81543066178916,54.0
60,4.069844e+22,80.478,-0.01471566,17926.16,61.9,3178.383,56.095,-0.02734385,60.706,87.032,-0.17617549,63963700000000.0,29111260000000.0,1.53125e+24,54.097,1767.166016,4.734,946.497,5692,12371,M6.5,2015-06-22 06:23:00,5.818578037620727e+21,63.977187453763,87.33524475126988,67.29304151611619,107.69473218844885,1.7490248794513514,14627348562921.725,-0.11834695961955978,-0.04328697689830269,770.9227629237229,428.3246364087051,16038889651077.71,22065.593114121548,3.023889335934577e+23,58.76539533062754,70.52039926349453,65.0
61,4.155322e+22,91.696,-0.00796053,12284.18,43.045,3016.469,52.527,-0.01630857,49.882,96.514,-0.15088004,60116040000000.0,15203440000000.0,1.026408e+24,43.784,1651.694336,4.636,500.82,5692,12371,M7.9,2015-06-24 20:16:00,9.19984950992358e+21,55.39775610315328,83.45247668145966,54.741283006135085,98.93982100792643,-0.78249079133264,12793601119228.875,-0.022443016739607247,-0.013140563135511476,658.9711609832895,153.52119911218057,6095441817757.928,20635.28392306274,3.358431647535068e+23,50.6365677931233,57.88657690738474,63.0
0,8.218006e+21,104.576,-0.02858981,6956.294,17.711,804.506,57.682,-0.06215115,37.419,113.83,0.01561382,12583300000000.0,11804430000000.0,1.062031e+23,30.822,221.451202,4.197,328.64,8,11069,M1.2,2010-05-05 05:19:00,3.414550112649602e+21,44.150604478950406,110.62335371379585,80.9250135045984,134.0391865727548,0.38928405445073117,6650735526241.804,-0.13498476833133027,-0.08582118020685912,513.2379625722309,339.7660524389553,12609345517454.227,14206.602059094155,7.690187768789699e+22,36.15975331208293,27.036310107948967,50.0
1,2.492258e+21,136.018,-0.01067006,3867.412,26.318,266.345,73.914,-0.02801483,45.745,143.165,-0.51339287,5566317000000.0,2072907000000.0,2.074468e+22,35.722,91.149933,3.231,43.086,54,11081,M2.0,2010-06-11 12:57:00,2.114529027052482e+20,51.151036673898275,145.45869221386812,86.75100508798516,171.22704748342542,0.3016033481150705,1160179064218.72,-0.03472057603438172,-0.010786698692525742,47.26155758458935,4.444119861320606,67549955185.91377,4431.345003567989,2.5482147627989923e+21,47.10669146381651,43.648960739030024,19.0
2,1.291028e+22,96.459,-0.00584239,8250.659,24.915,869.41,42.809,-0.0143567,39.289,96.397,-0.1721857,16864430000000.0,1866188000000.0,2.194078e+23,34.03,510.853424,3.739,116.988,115,11093,M1.0,2010-08-07 06:24:00,2.3090227281168585e+21,46.880934015794544,75.28433965248783,49.420326072549294,100.77090461602604,2.93225470230491,1353063692875.8694,-0.04117979256398729,-0.08463365105996228,196.8735719178542,111.80105305021016,2096583092267.9714,38157.19232749944,7.302188171493208e+22,40.44715875877684,39.90284524635669,14.0
3,1.18678e+22,131.391,0.00288457,3811.955,16.53,993.808,63.644,0.00821481,37.853,132.928,0.37282902,19683660000000.0,6300825000000.0,9.150875e+22,29.788,696.704041,4.0,52.141,211,11112,M2.9,2010-10-16 07:12:00,1.0215040372215204e+21,46.73955940159668,129.58840090672052,75.77103158054076,134.8474697752821,-0.39668505725110514,2489897857843.1245,0.17997717243045133,0.06007678100905784,129.29733873836793,95.4620050233929,5230999460396.19,7503.2334671087465,1.6541277707723516e+22,38.653432965536766,33.734939759036145,8.0
4,2.598392e+22,88.15,0.00072538,2347.871,7.347,1336.263,37.386,0.00207232,27.64,92.776,0.0967373,26080910000000.0,1877915000000.0,1.160735e+23,22.769,548.855286,4.046,27.002,245,11121,M5.4,2010-11-06 03:36:00,3.1476693925693185e+21,30.97331109159175,105.52096238614443,53.25302218487366,122.62080337764966,0.30380615041711867,3811774676013.9443,-0.0847391604872172,-0.04716784415443969,243.29473356856505,157.16325672259305,7303589166191.845,5369.5822816033715,2.5686013299524385e+22,28.383749533112816,15.519156024430872,
5,1.250015e+22,112.35,0.02521585,9586.912,50.103,1814.469,83.279,0.06796505,59.725,118.404,0.13935535,34425680000000.0,22501870000000.0,2.97645e+23,48.945,574.865662,4.656,589.496,377,11158,M6.6,2011-02-13 05:38:00,5.712681492132984e+21,61.55346814807921,116.6600273937378,93.24632064897438,131.68835115738372,0.7541950662992676,18161174240706.63,0.13047441292614845,0.05581419067354792,1056.6371522733875,536.3185581821219,19291050406123.766,13739.012576062358,1.8019765120989047e+23,52.480620304298,55.386796273795056,34.0
6,2.31322e+22,98.992,0.02189833,15359.87,57.868,2858.902,73.307,0.04572924,60.477,108.353,0.09070126,49966090000000.0,17156630000000.0,7.623972e+23,51.407,1008.172302,4.967,818.45,377,11158,M2.2,2011-02-14 05:26:00,1.1828049380072885e+22,62.08450111750177,101.83067825133102,79.95236084252535,122.28011423282224,-0.14886068125632126,30093676592068.22,0.08129163067556006,0.04014541248867806,1935.8964832323156,721.0918991216354,15992379653841.77,20291.892888877166,4.969308739791458e+23,53.66822063424035,60.835140997830806,39.0
7,1.583015e+22,111.274,-0.01404452,7778.299,24.627,1428.679,61.943,-0.02776583,42.338,118.889,-0.14175706,24263720000000.0,6742030000000.0,2.202133e+23,35.49,584.009949,4.488,299.387,384,11161,M1.1,2011-02-15 19:44:00,4.95525604626425e+21,51.108936966996815,111.90421656265157,72.4199411565603,124.57834400352617,0.8210599684421098,8574272300715.12,-0.035568853627784204,-0.019985200004322887,495.83199313906596,128.66471762783075,2711788544927.287,10755.05670074876,9.56116682950053e+22,44.344300713002674,40.00597550044816,41.0
8,2.769748e+22,98.424,0.02600396,14370.5,53.262,3196.524,68.185,0.05061166,55.707,109.978,0.32540411,55416610000000.0,34606690000000.0,8.018418e+23,48.878,1082.296997,4.763,1092.505,377,11158,M1.6,2011-02-16 02:25:00,9.086935712325194e+21,56.47825998926087,112.91590228946767,92.22742241400242,146.505236129183,-0.5496299686802151,25326023781034.28,0.12668141190993598,0.07690786526665688,1731.0203027349878,892.977223611153,30365031326257.906,22931.685699248726,3.6688280051574854e+23,50.74472425699728,55.96414044990454,43.0
10,1.537188e+22,110.641,-0.00433871,8400.286,40.993,1316.236,65.845,-0.01049289,52.291,111.389,0.36190766,28280020000000.0,4778088000000.0,2.868641e+23,42.546,766.605164,3.813,111.566,384,11162,M1.0,2011-02-17 22:26:00,1.122040588273597e+20,70.57442319186698,84.48953209782954,68.84598667950029,78.5764954118746,-2.3499827851489883,698593163452.7454,0.4301498489719877,0.019679250062307398,16.005616089359417,9.623153280468317,1139961950464.0894,8392.191753471847,6.163295463236363e+21,64.7939971470002,79.38517179023508,20.0
11,3.56562e+22,93.166,0.01378401,11007.56,35.594,3196.389,57.492,0.02673303,46.345,103.785,0.10323603,52167990000000.0,21191720000000.0,7.332359e+23,39.953,1086.963867,4.694,691.365,377,11158,M1.4,2011-02-18 01:03:00,1.5099789637814573e+22,46.49424463053142,104.14901643051218,72.12479246867701,122.09678535296055,-0.2688347455594289,21861497469960.273,0.03996454506320278,0.032627830010600545,1587.4724050393374,510.95181796600457,13752904739509.727,16969.02628784804,3.679389813955973e+23,40.82309759870105,37.17768114166718,59.0
12,1.652256e+22,122.553,-0.00368401,9011.525,39.148,1651.352,74.748,-0.00802347,52.177,124.486,0.23725843,33247010000000.0,3148573000000.0,3.091617e+23,41.722,833.450867,4.131,95.169,384,11162,M1.0,2011-02-18 02:08:00,1.545640210966671e+21,62.04371024566213,127.08200200847817,95.34338154823776,131.71210861388934,-0.9530041824978236,4659102129414.714,-0.0035740246047679175,-0.001481336694639972,201.36337585137875,3.5774281175555322,3555976431679.326,21905.38053842744,7.380465331110316e+22,52.06041449758185,58.84903429247142,17.0
13,1.790478e+22,125.943,-0.00460121,10096.78,37.442,1981.996,80.688,-0.00978379,52.245,130.429,-0.09749422,38530290000000.0,1370602000000.0,3.667621e+23,41.675,966.516907,4.7,125.852,384,11162,M1.3,2011-02-18 09:04:00,5.860872736448182e+21,60.02711955191685,116.30197495781256,86.09105577253655,129.46866705340656,-0.11982644021031313,16452427485564.242,-0.03125042334181452,-0.01661302199826734,879.5952135311438,148.4207385325204,3819183332094.2373,15706.816654691625,1.9226059034692006e+23,49.4888695618893,51.69794944124987,17.0
14,2.654716e+22,86.012,0.01303523,4671.463,14.508,1638.363,40.812,0.03455432,33.327,90.906,-0.11865541,29715860000000.0,24207810000000.0,2.396756e+23,27.371,649.92334,4.408,503.59,393,11164,M1.1,2011-02-28 00:52:00,8.455398600193337e+21,43.86112363303485,98.25731144480415,64.45025977740035,117.97639699896669,-1.0103329653055633,10375623285304.668,0.058964877528312906,0.04575730329475083,762.7119672321462,390.5385836206983,15014852292843.926,12546.866199363505,1.4769898710176531e+23,38.00507905082947,30.155685920577618,58.0
15,5.823021e+22,92.109,0.0078392,10847.7,31.711,4381.292,51.904,0.01519661,42.46,101.005,-0.04817521,78162580000000.0,36534200000000.0,1.127777e+24,37.447,2057.387207,4.992,613.668,393,11164,M1.2,2011-03-06 17:13:00,2.0018665620806738e+22,53.17547910448425,83.53247191008029,59.38323861760296,103.1834679635853,0.35257778140593043,29479398381886.99,0.034047025706182,0.020148848680495633,1751.0716771483421,501.80707638774373,26299799561081.605,19050.30958994571,6.514915378417804e+23,48.41609564128669,53.66005203681411,49.0
16,3.97685e+22,92.887,0.00132083,7084.676,24.165,2867.463,51.331,0.00270749,40.001,104.286,-0.0911365,48329440000000.0,2485057000000.0,4.957572e+23,33.337,1225.181641,4.63,69.594,394,11165,M1.5,2011-03-06 19:54:00,1.4694761133942692e+22,45.02561008772088,102.92980951751409,64.14861002130877,124.3607221809197,0.2742025681898306,19476976449784.207,0.01164405661705839,0.007845940576555492,1351.2055062835784,125.45658981912231,2268963592406.882,12658.683437241762,2.8095032440396658e+23,39.90079760099619,33.748204882719,40.0
17,6.039302e+22,91.233,0.00753529,9912.353,29.044,4229.148,49.56,0.01502758,41.15,100.01,-0.13113055,76312050000000.0,34306470000000.0,1.074422e+24,35.873,1934.446167,4.865,615.008,393,11164,M1.4,2011-03-06 20:07:00,1.4205807885125922e+22,51.57815324180295,86.22178022083187,60.058025035258424,110.50622917417721,0.006981470815432821,20914015975465.434,0.03857465875362976,0.024033212350565533,1297.4572900023004,395.514575653257,18898518628416.273,19711.822523873263,4.5112838304793756e+23,47.20642164220578,50.06092961179133,47.0
18,5.996005e+22,92.847,0.00691168,9939.246,29.818,4239.906,51.101,0.01356215,41.442,100.953,-0.08311784,77803460000000.0,31736720000000.0,1.060336e+24,36.634,1892.476929,4.738,555.209,393,11164,M1.8,2011-03-06 21:20:00,1.235117042461383e+22,54.20533911513223,82.23837090639695,59.38629944011389,106.05776283234792,0.6408546178614373,19016290631903.688,0.03437143862548071,0.019011432099170625,1076.617342851983,294.1068545741696,15892538509374.441,20359.14285524409,4.331191530164701e+23,49.7943218773122,55.55902365940446,44.0
19,3.071002e+22,103.083,-0.00362123,15411.53,55.66,3133.608,72.767,-0.00711158,58.046,111.2,0.39676261,62324420000000.0,10215920000000.0,9.641278e+23,50.115,1395.516113,4.872,170.571,401,11166,M1.7,2011-03-08 23:07:00,8.415083258346945e+21,63.3086913916692,104.37521296573277,82.54010255366427,122.54156107725633,0.03460642100146484,27158106590123.11,-0.03517592099653908,-0.011879360818208125,1321.8748266402267,185.95951424823,8894432016640.617,16616.655874847693,3.5553196728756205e+23,56.06016914540118,65.72528086400597,45.0
20,3.066753e+22,100.955,-0.00428977,15020.08,54.627,2978.096,70.651,-0.00859534,57.291,107.962,0.4327195,59730730000000.0,10669640000000.0,9.487152e+23,49.518,1407.28833,4.653,204.017,401,11166,M1.7,2011-03-09 02:02:00,6.651342715278562e+21,62.385111859000936,103.18358645936938,79.46774747399077,118.30243420379026,0.5720057684135794,20365048066620.305,-0.04983274306007447,-0.017189242111133027,1025.5403516911024,214.24671367316205,9505643270273.393,15297.66015630735,2.6221825421028056e+23,54.752021274493124,61.65646548384598,48.0
21,3.065026e+22,90.741,-0.00160394,14802.93,56.945,2828.638,65.85,-0.00358439,58.805,96.263,0.26484868,56688560000000.0,6934896000000.0,9.925606e+23,50.66,1469.394653,4.786,80.973,401,11166,X1.5,2011-03-09 11:23:00,6.401223963362791e+21,64.80778930079777,91.32642143037654,75.76214454937237,105.70963636234792,0.7744342955492136,20527513128147.594,-0.034493788848998355,-0.010230195493555567,1050.7978085888933,131.38640072373414,5158580886311.315,17713.965715597376,3.1346970098661287e+23,57.66881423278067,67.43714821763602,44.0
22,3.956915e+22,93.93,-0.00330862,13069.59,47.018,3317.194,60.452,-0.00657882,51.859,102.632,0.08431865,63936710000000.0,13579670000000.0,9.943994e+23,45.567,1654.125244,4.97,189.551,401,11166,M1.3,2011-03-11 16:43:00,1.1801919136970173e+22,58.59600039981499,92.43675071596138,66.06459708607473,103.41850207158836,0.0020030014991798887,24807249876983.62,-0.00734213760928654,-0.00287511015501465,1186.9829399537264,53.965817609624985,7674598594601.372,17767.79618029324,4.610503762865711e+23,52.46371627086044,60.320384871283075,41.0
23,2.478371e+22,100.09,-0.02369218,9194.56,27.794,2042.784,53.428,-0.05117927,41.476,108.865,0.13247843,36139800000000.0,36459890000000.0,4.280366e+23,35.29,945.073914,4.699,830.482,407,11169,M1.0,2011-03-14 12:22:00,1.0758297225511125e+22,52.09731487956809,93.16435505795477,70.84935170991487,115.73285916862616,1.0259504164496804,19058761405058.418,-0.08412553773037043,-0.056233458096565256,1212.227397318983,715.6269877368894,32899403593116.473,17805.896639553313,3.089719068283362e+23,46.58053233460697,48.78310117863156,23.0
24,4.864728e+22,101.06,0.00724897,6574.052,24.625,3350.061,50.416,0.0185283,40.548,105.675,-0.04905383,70041490000000.0,13699620000000.0,6.442683e+23,34.432,1830.37439,4.605,534.902,437,11176,M1.0,2011-03-25 11:22:00,6.748729464843717e+21,55.45409589728989,104.39241988466186,67.67661404802921,118.83616096112061,0.2767437711881489,13491490319818.79,0.009564229486299912,0.0044514658616659365,637.324164846795,44.634848194924345,2920662693444.7246,11621.743192318514,1.635097909800955e+23,48.41276835779651,51.83122522182367,
25,2.850978e+22,119.07,-0.00860409,8175.205,32.275,2807.157,70.624,-0.02222077,47.098,124.991,0.13113409,52941260000000.0,18790020000000.0,4.91031e+23,38.669,1639.39917,4.694,389.129,495,11190,M1.3,2011-04-15 05:12:00,6.574406027254862e+21,58.009022379074395,109.07048806972729,85.04144347352707,135.19097794250246,1.0793054213701725,16147986543122.93,-0.09727543990773746,-0.0466619534307711,976.0672374356694,448.1880627025564,17977762074355.97,18394.22746448162,2.4337965271429614e+23,49.81842288209321,53.467830974606045,62.0
26,5.477785e+22,96.0,0.00810985,4608.788,17.39,3618.39,46.416,0.02303285,36.454,100.45,0.07907138,71347480000000.0,28135390000000.0,5.179498e+23,29.96,1768.728638,4.805,686.264,514,11195,M1.2,2011-04-22 03:53:00,1.2183761885686055e+22,50.983857815684324,107.91187546996338,76.187791410575,126.65757524282131,-0.050601335940260554,23869683295637.15,0.06415723241269608,0.03990753985031337,1405.5205868148973,602.7235743592828,23846286227204.184,12396.467517172317,2.5725176252064734e+23,44.24349489620311,42.44208370664278,
27,1.558585e+22,112.714,0.00284324,5556.046,24.841,1352.317,59.224,0.00708437,42.203,118.652,-0.14179525,26864080000000.0,4127704000000.0,1.752805e+23,35.311,532.580811,4.429,67.541,746,11260,M1.1,2011-07-27 04:07:00,5.472671930897011e+21,51.05705922091336,116.6380722026896,70.83284541475935,131.67094876203439,-0.3340811478050522,13252179222443.996,0.021462483173799275,0.008871009381030987,692.7115537429094,74.70276999766195,2525891839989.241,7620.9897843422405,8.8073070197717e+22,43.393343483824594,40.80671110089635,51.0
28,2.14285e+22,103.242,-0.00046443,8019.248,33.826,1861.362,59.497,-0.00116435,45.387,109.812,0.2150507,37100620000000.0,3793783000000.0,3.464524e+23,38.977,907.447388,4.591,15.109,750,11261,M9.3,2011-07-29 14:09:00,6.319300310720968e+21,55.20820591802219,97.46306636405463,67.27560058893894,109.77504118256672,-0.5986025446583632,13932651072736.338,-0.01868016520775045,-0.0073138445127088995,645.2063941119362,72.66304523376292,4907007426328.701,12191.433369677878,1.6587438868716663e+23,49.458803292572,54.56320156173743,30.0
29,2.120434e+22,112.895,0.02524593,13880.3,46.312,2824.598,81.481,0.05630407,55.845,121.208,0.25642496,48195690000000.0,39043610000000.0,6.095827e+23,45.535,1340.325439,4.878,834.858,750,11261,M1.4,2011-08-01 18:19:00,9.570720327645054e+21,60.76947970178667,113.16945196617303,92.14273106557839,131.61758153753655,0.4845816072315853,27655876905649.984,0.11883169063682744,0.052385802258477915,1759.977282827602,771.1713950470534,34429071352253.383,20941.193640340374,4.198880239720161e+23,51.90883863976658,58.782620214597955,24.0
30,1.981957e+22,107.81,0.03129284,11711.63,45.191,2525.548,72.164,0.07881213,53.743,112.823,0.21188952,43243810000000.0,39056610000000.0,5.212467e+23,44.676,1247.984375,4.739,1048.654,750,11261,M1.1,2011-08-02 15:37:00,8.31521655111823e+21,59.110755795592986,108.41120668107054,84.28352001044583,121.82371336665591,0.30920694825239864,22189841062272.06,0.1729199701828398,0.07652997549245244,1540.1944251191778,1002.3130890246497,37200883494033.24,18419.11381045155,3.304246425101244e+23,51.7530077820492,57.26976606455434,23.0
31,2.640943e+22,82.173,0.02484502,22015.64,63.683,2555.805,61.932,0.04004237,61.389,89.85,0.08633567,45221660000000.0,33382720000000.0,1.128314e+24,54.151,1068.443359,4.731,958.745,753,11263,M1.7,2011-08-02 16:32:00,7.663146463748465e+21,63.65024612729632,96.73727384967353,77.46333846569401,106.66657000018516,-0.09214763153362202,23582011571902.39,0.16183247499682965,0.05406895076413767,1360.4090197316907,758.5873792208515,34978815850361.45,21591.467578970573,4.146035662374358e+23,56.304960133587414,67.61878414828135,31.0
32,3.591983e+22,74.577,0.01684665,10185.39,32.024,2210.121,42.078,0.03481908,43.831,80.984,0.04081957,37964020000000.0,35165660000000.0,6.823387e+23,37.933,1008.711609,4.587,849.796,753,11263,M2.5,2011-08-08 15:54:00,1.0310770497747673e+22,50.164029878246964,77.81496716829321,55.98618239206473,94.60037887015105,-1.4497287134336858,9597129373526.783,0.05580706396677777,0.05837855623470173,788.0575419861365,544.0881441074201,21251469069380.54,25932.91385782575,3.3809820735295363e+23,45.23711244768766,46.40929000713049,12.0
33,3.772933e+22,71.669,0.01956487,10182.72,31.226,2405.088,41.598,0.04062031,42.81,79.488,-0.10156899,39397110000000.0,44039140000000.0,7.179145e+23,37.239,957.939941,4.639,1038.621,753,11263,X6.9,2011-08-08 20:05:00,1.0815596064626696e+22,47.028498619980574,85.22269310917103,62.984710040148606,108.26519001814732,-1.2469777056746127,12866726739407.1,0.07683156259261749,0.07925401211054862,1067.317309113314,779.8594791677984,29652175527083.188,24798.22674532056,3.367084570025744e+23,42.375363296428226,39.45618153364632,12.0
34,1.953899e+22,103.689,-0.00305349,4304.507,14.551,1017.979,44.429,-0.00839835,33.811,104.358,0.01932961,21715560000000.0,1554056000000.0,1.70657e+23,27.898,662.3703,3.893,91.156,814,11286,M3.2,2011-09-03 23:45:00,2.3364804910585922e+21,44.1894108876541,100.36257338378213,56.332358148206964,106.77330375861665,-0.6408915013061021,1642736580485.1277,0.0020906778793446045,0.0016891470064346872,109.93970922052647,3.8799706737804764,787712911980.3184,14824.866174168508,4.923989462453848e+22,37.07150908477775,32.826869252299076,
35,1.814562e+22,91.404,-0.00251948,3992.969,11.859,800.539,37.238,-0.00714191,31.692,91.469,-0.13110913,16297250000000.0,3001346000000.0,1.451069e+23,25.453,502.472382,3.865,68.943,814,11286,M1.6,2011-09-04 16:28:00,1.9334883968731872e+21,50.20240072665447,78.30156157918648,49.8172770557398,83.695199641386,-1.10579482070455,730767798071.4565,0.005706867929281606,0.007899937689408753,75.8401332419115,11.375910272748605,851558168817.4171,24906.118313002287,5.179769236403825e+22,42.13317572972828,45.146871008939975,54.0
36,1.89696e+22,84.999,-0.00207516,3590.4,10.369,756.344,34.518,-0.00612227,30.724,85.494,-0.14484017,15324100000000.0,2241349000000.0,1.380015e+23,24.132,454.123993,3.789,60.057,814,11286,M1.2,2011-09-04 19:58:00,1.87862609792699e+21,47.36890286392642,77.57673017295697,46.681338775793066,84.8331085185632,-0.9442547323539492,662644701472.2584,0.004597705995691395,0.006805028865100962,75.37726451696811,8.83973249576615,655828468992.8859,25049.395852966347,4.720545969526111e+22,39.76085101370243,36.081747709654685,44.0
37,1.620617e+22,107.372,0.00065093,8481.039,41.027,1566.51,66.616,0.00189394,53.448,109.993,0.42924172,32861640000000.0,6618207000000.0,3.247743e+23,43.242,1431.097046,4.364,18.77,833,11283,M5.3,2011-09-05 13:50:00,2.8006146747796984e+21,63.86977874166431,96.34729344277099,74.12596351197293,105.36878815106088,0.9397278955215377,9220820167690.762,0.09272421707006959,0.024729104624076875,453.1465542049989,147.90477475660379,5563937516543.002,12991.02913302393,1.0810519386593303e+23,53.809231221303875,60.820300031918286,26.0
38,1.59971e+22,107.64,0.00791873,9167.477,39.819,1628.084,67.972,0.02312224,51.705,109.05,0.33255035,33635100000000.0,12293570000000.0,3.476153e+23,41.977,1298.519531,4.362,226.096,833,1283,X2.1,2011-09-06 10:20:00,3.794427628271871e+21,62.04185130949218,97.79231143091641,76.02487540483631,106.70949015471535,1.1472921068423925,11515645871830.031,0.1147566425676099,0.03653649941845843,608.9656383007197,268.1413692320664,8723219594350.321,15553.17019376585,1.552245857320683e+23,55.34328618704935,63.07385229540918,34.0
39,1.59971e+22,107.64,0.00791873,9167.477,39.819,1628.084,67.972,0.02312224,51.705,109.05,0.33255035,33635100000000.0,12293570000000.0,3.476153e+23,41.977,1298.519531,4.362,226.096,833,11283,X2.1,2011-09-06 10:20:00,3.794427628271871e+21,62.04185130949218,97.79231143091641,76.02487540483631,106.70949015471535,1.1472921068423925,11515645871830.031,0.1147566425676099,0.03653649941845843,608.9656383007197,268.1413692320664,8723219594350.321,15553.17019376585,1.552245857320683e+23,55.34328618704935,63.07385229540918,34.0
41,2.45396e+22,103.417,0.00815828,7142.262,24.7,1954.583,52.2,0.02159191,40.362,110.534,0.15856837,40295860000000.0,16084580000000.0,3.690044e+23,34.621,1041.127319,4.442,317.357,833,11283,M1.2,2011-09-09 00:49:00,3.926487936375266e+21,54.32819949961963,101.12684127689411,71.35986824485082,123.20542063002041,2.2119832990055923,10155392230229.896,0.10065555409187324,0.040990224156763316,520.0953922074892,253.03265371969994,13624613575743.805,12348.274108411135,1.0474079665924463e+23,48.6753391795493,50.96289337717238,74.0
42,3.138762e+22,89.584,0.00531157,5175.724,16.67,1830.056,41.275,0.01464663,35.215,95.48,0.04040084,37157770000000.0,15239430000000.0,3.309772e+23,29.804,984.936829,4.414,255.763,833,11283,M1.1,2011-09-09 19:40:00,6.615171987895303e+21,47.16645209637814,94.7894281782047,58.4270610282762,115.77227663916844,1.184915811488252,10553944157558.117,0.04390006171046048,0.02510016010160199,614.8510764371122,201.47898513555918,8683242854113.825,11470.174037365223,1.2684435803639486e+23,41.38876172407124,37.972859373123576,73.0
43,4.35243e+22,84.32,-0.00052136,2939.014,10.754,2080.479,35.888,-0.00164391,31.463,85.534,-0.01711262,42580710000000.0,1493833000000.0,2.667641e+23,26.733,1019.584473,3.964,35.632,878,11301,M1.8,2011-09-21 00:23:00,1.1843613129643936e+21,47.93071076009196,98.99899953323865,61.108552509271675,106.73520182469449,0.15170470516269105,1249865179665.1985,-0.016502313209065287,-0.014339136705597687,80.53928772128822,16.1171896570918,433483479151.06586,11649.463055114513,1.9570819875190094e+22,40.428183423339306,29.64426877470356,
44,5.681383e+22,93.364,0.00506271,4993.04,16.971,3315.176,43.778,0.01412852,35.802,98.188,0.08040935,67109330000000.0,18628130000000.0,5.794812e+23,30.37,1929.019287,4.68,442.42,856,11295,M1.6,2011-09-22 13:59:00,1.1356111471431752e+22,47.42595214562462,96.1076354788454,61.27244055433688,114.4602609777806,-0.22402675243858597,15312969818459.973,0.024813214702680622,0.014263544462879375,864.8947612462337,197.60714498873085,8464113121545.05,11626.898665001834,2.236943415508813e+23,42.029006970931796,38.68985987437013,
45,6.053153e+22,71.619,-0.00516587,14834.09,38.291,4752.685,46.159,-0.00897735,46.707,88.625,0.03604385,75810770000000.0,16424880000000.0,1.570136e+24,41.163,1926.80957,4.721,411.72,892,11302,M1.9,2011-09-23 11:56:00,2.4352668578344295e+22,43.771623929123045,85.72898563232668,59.74071142686859,119.6848790899826,0.07357411533981763,27751556351877.746,-0.004834276685167828,-0.005322931914239674,2217.965172302734,107.89050696972396,5795929419153.369,24719.54830127154,6.918639337968213e+23,40.46296972784172,36.44602609727165,57.0
46,6.197299e+22,77.288,-0.01358973,17670.87,41.827,5310.813,50.481,-0.02148725,48.321,92.711,0.13844246,83595910000000.0,21805360000000.0,1.899428e+24,42.666,1929.302734,4.919,1099.817,892,11302,M7.1,2011-09-24 01:20:00,3.013940253852412e+22,50.341268214227014,81.52160564029775,64.69300091990257,109.63311694866812,0.4004326984062914,37801692102201.016,-0.031710460580715326,-0.03480129428683967,3036.7841584139055,936.1200150217003,20052585918964.367,30930.501947240224,1.141490859294254e+24,45.63201011046382,49.148943826694016,63.0
47,5.812067e+22,79.76,-0.01214083,18572.23,42.626,5090.996,52.608,-0.01854495,49.205,95.744,0.15858908,80040700000000.0,20364590000000.0,1.841618e+24,43.204,1934.630981,4.971,906.495,892,11302,M3.1,2011-09-24 05:25:00,3.0101575223020433e+22,48.68960013824068,84.88597077193961,65.52137887661857,113.11531538414943,0.3219415962384203,36972116482543.945,-0.02376321742740951,-0.02735681087231485,3002.1530536295027,718.4445671287326,17883271696468.664,29458.979110114116,1.0608938600426576e+24,43.914041390801536,44.79477818342737,59.0
48,5.513707e+22,77.785,-0.00406306,18323.5,44.953,5191.117,51.364,-0.00662395,50.171,92.943,0.05761178,79208680000000.0,5961534000000.0,1.785417e+24,44.464,1920.28418,4.882,298.094,892,11302,M4.4,2011-09-24 14:33:00,2.621873258772307e+22,49.21897135751673,82.34736807840072,63.18462449644759,110.6783404589161,0.40748883919512124,33115719442435.57,-0.003021890551009827,-0.0033837305955104076,2912.6346540012655,76.15762451315274,4854331252946.898,31826.277392908145,9.86124812102067e+23,44.754569029977546,46.127469889846125,59.0
49,5.395762e+22,78.479,-0.00600082,19499.36,46.685,4951.424,51.775,-0.00933244,51.065,93.459,0.07147294,78518540000000.0,11342380000000.0,1.840869e+24,45.582,1923.979126,4.966,426.544,892,11302,M7.4,2011-09-24 16:50:00,2.7741496915314403e+22,51.70036048312705,79.52344433575999,60.80525083258517,107.45025067561302,0.6002635060386062,35179239233416.785,-0.007685181056384243,-0.008356317018069511,2908.276892321923,209.9441087619784,7979724131238.795,31657.39356198328,1.0932710374148096e+24,47.00466893495478,50.02691893554838,58.0
50,5.478159e+22,83.615,-0.00480048,20931.86,47.377,5443.981,54.391,-0.00690147,51.103,99.041,0.0927915,81638530000000.0,9056230000000.0,1.935799e+24,45.694,1881.598999,5.039,334.286,892,11302,M3.1,2011-09-24 20:49:00,2.72976569229848e+22,51.432079206548295,84.03018366803701,63.41035591564717,111.72142550329255,0.5192217526650853,38015237161563.45,0.00026658992335140853,0.00027385506502188966,3228.8333811506636,6.971254535197223,6993354787754.512,31225.269547831947,1.0917007558551714e+24,46.85670223459786,50.05317936640583,54.0
51,1.088718e+22,78.759,-0.0187603,7315.565,29.464,781.38,49.915,-0.04152176,46.47,88.227,-0.2224609,13556730000000.0,11033560000000.0,1.584387e+23,38.441,252.522797,4.101,305.943,899,11303,M1.5,2011-09-24 21:35:00,2.8412413736450345e+21,54.28615122036758,85.37421397409251,64.5128401148787,104.62186632598878,3.42975775237521,3640223058051.404,-0.06249672293531314,-0.04687099590708578,257.1413529147173,150.08092889448866,6455696967646.736,17787.531990931224,8.0057100975767e+22,48.20642486893062,47.270581292416644,23.0
52,5.584249e+22,85.181,-0.00808732,19788.86,46.701,5940.21,55.625,-0.01188721,50.981,100.163,0.21486849,84852140000000.0,18530940000000.0,1.916478e+24,45.506,1815.984619,5.12,589.736,892,11302,M3.7,2011-09-25 03:33:00,3.0778669537297944e+22,52.2140914302026,85.1336247946811,64.98399942592813,112.01630985403378,0.8037699095873159,43106652788311.94,-0.011531404149035423,-0.011965838397817322,3950.693101246588,358.6161767825851,12754173761289.338,27612.349297383113,1.1309525013677094e+24,47.32415362091559,51.09108005576992,54.0
53,1.538011e+22,82.343,-0.01200575,9085.387,29.428,1199.115,49.105,-0.02285934,43.061,101.007,-0.19041444,18975940000000.0,6900799000000.0,2.460457e+23,37.41,469.991608,4.301,244.821,899,11303,M2.2,2011-09-25 04:58:00,7.395960609584806e+21,47.13095035988543,105.70347324693599,66.72236873443491,140.8984780781955,0.13940652407413257,10168706284912.56,-0.02429776399456045,-0.02237537650687177,779.2157859368713,157.47789985536352,4897945957141.942,16524.96470369276,1.631895981670187e+23,43.047687925577044,39.591178052716515,32.0
54,4.89805e+22,85.163,-0.00621805,19336.87,51.049,5212.196,58.73,-0.01003602,53.831,97.419,0.20539251,82122690000000.0,13023970000000.0,1.754729e+24,48.048,1809.167603,5.162,424.879,892,11302,M4.0,2011-09-25 17:08:00,2.743346187221782e+22,57.465006639180324,86.69870079938941,71.13523802382959,108.55708569994813,0.3329284304625219,48419927342589.32,-0.015782828919829177,-0.013123969932433073,3823.988934446945,415.0717970530608,17242872857926.865,28352.333338237382,1.2190586520492706e+24,52.46069220405677,60.013590313812706,45.0
55,4.963725e+22,87.977,-0.00452871,19284.75,51.269,5367.209,58.347,-0.00724499,54.264,101.635,0.22325255,82525240000000.0,8334488000000.0,1.806959e+24,48.21,1808.910034,5.115,319.509,892,11302,M2.6,2011-09-26 02:46:00,2.6345236877965756e+22,58.02357929388354,91.36071663576783,71.90641910185579,119.29674641236603,0.4794875094638448,45662832660417.56,-0.008239652207211635,-0.007461916419033211,3857.9601612677407,218.7013083254444,7436503700164.368,30290.114052696823,1.2154472340016603e+24,52.80490855739772,61.74085719013734,46.0
56,3.827054e+22,83.839,-0.00750699,20245.08,63.099,3731.021,62.339,-0.01280127,61.301,92.74,0.26641655,65312920000000.0,17165260000000.0,1.559382e+24,53.943,1907.421387,4.86,435.383,892,11302,M1.2,2011-09-28 01:28:00,1.0017153508944686e+22,65.1390945939532,93.99565138752206,81.35717715525162,108.50457562635242,-0.6206494874612033,26945348554578.957,-0.03624763070624627,-0.01961802496890982,1698.1299155040665,313.94725357746387,10444314580066.988,24914.99060556933,5.484040101459507e+23,57.892343722103185,69.69952938337156,40.0
57,9.833137e+21,97.943,-0.02893613,15571.95,56.65,1000.797,66.603,-0.05679813,61.625,99.356,0.44764984,19592900000000.0,19110510000000.0,3.571685e+23,51.053,575.217712,4.228,499.756,902,11305,M1.2,2011-09-30 21:59:00,1.405345881721284e+21,70.28327720226609,92.13192743142464,72.25037692678222,97.13201028727754,-0.32370715158413554,5669214863855.456,-0.25041931605309375,-0.036220915171142336,206.40635251604564,144.55767244802905,9459536426945.248,17093.68272004973,9.52541095813288e+22,60.91293753676205,74.4280266920877,21.0
58,4.025164e+22,90.644,-0.01141324,10208.67,34.664,2740.222,49.24,-0.02364604,44.92,95.369,0.1723754,51579150000000.0,32988140000000.0,8.065527e+23,38.757,1458.802124,4.515,678.973,892,11302,M1.3,2011-10-02 05:23:00,6.731524495897588e+21,56.62549427413129,85.61116702337314,63.32213292181059,94.31028224859479,0.5285165467306312,7894031930055.762,-0.05927382561805627,-0.05114281783139834,605.5142023051749,367.25657484727145,15489144285789.088,29378.069121803735,2.984285841729782e+23,52.23622181569515,64.50516407373513,28.0
59,7.180561e+22,72.4,-0.00230623,5940.107,18.049,3182.861,33.235,-0.00603102,35.289,75.988,0.02528761,63031790000000.0,10033420000000.0,8.64328e+23,29.102,1870.300781,4.476,252.673,940,11319,M1.3,2011-10-21 01:00:00,1.170009128370474e+22,41.67161051296123,78.31746826080794,47.78311083595651,93.42303022960945,1.21276708646372,5789214713881.199,-0.00471347965548823,-0.007783454876189629,603.9447157280032,57.85442009471751,4701379302581.204,27663.479933177437,2.9563324272954992e+23,36.790661892516106,26.966571393065742,
60,7.885535e+22,76.713,0.00013432,12551.19,37.28,5532.999,47.286,0.00025186,45.428,88.228,-0.04872875,95299280000000.0,6417981000000.0,1.753196e+24,40.42,2696.245117,5.034,14.128,1028,11339,M1.0,2011-11-04 08:40:00,2.6328596735858924e+22,50.30074183758941,84.16352111180396,59.65948744161796,107.76982481873905,0.4782756170310532,34810911700062.605,0.018813142786206334,0.013871873657754372,2362.4090945717758,392.90694948223484,19646310244090.895,20710.934470368724,8.047699003351378e+23,46.12710991265614,46.54636180320585,
61,7.977289e+22,80.928,-0.00112198,12103.7,36.702,5654.478,48.551,-0.00218545,45.472,91.148,-0.02839296,102372900000000.0,5418775000000.0,1.756916e+24,40.371,2756.121582,5.077,122.629,1028,11339,M3.7,2011-11-04 15:35:00,2.7945968408936002e+22,50.91758887088328,85.052847147724,59.04307846991048,106.89720694614266,0.5031677079151462,37204707843726.06,0.011190690682056064,0.007640154914058819,2389.5320738927103,240.61903886336844,13540287029440.305,19856.82000515697,8.568908693991499e+23,46.39974703319695,48.05810303440635,77.0
62,8.300669e+22,83.26,-0.00158373,12012.23,37.474,5866.541,49.159,-0.00312,46.032,92.814,0.02133017,107280400000000.0,2027710000000.0,1.854526e+24,40.728,2839.324951,5.091,184.101,1028,11339,M1.1,2011-11-04 23:21:00,2.7398600081865422e+22,51.469795890567184,87.09556430404182,61.301377688188346,109.06121428069372,0.22650984333462362,39659921228935.59,0.009585040889258684,0.0060390707169090995,2530.9909024964627,194.17424076077828,10489636039047.96,20300.247017029433,8.94062086987453e+23,46.84977532039288,50.2819407170642,75.0
63,7.195872e+22,86.571,-0.00072605,13123.42,40.062,5577.134,52.917,-0.00140984,47.561,97.597,0.0301095,103565800000000.0,12890240000000.0,1.745253e+24,42.276,2860.797852,5.124,72.703,1028,11339,M1.8,2011-11-05 08:38:00,2.4363309046073597e+22,54.16708132127184,86.4413371715842,62.57757780040832,109.01933658505001,0.36506633865757526,38280843597848.27,0.011179802912656377,0.006793554760463237,2334.463376893348,202.0335250214162,17649703388286.223,21310.5604660636,8.695311023564079e+23,49.19632760996231,54.45580002603828,73.0
64,6.90588e+22,86.249,-0.00145444,13295.32,41.159,5411.628,53.17,-0.00288392,48.106,96.661,0.02240988,99921400000000.0,13634530000000.0,1.712565e+24,42.557,2869.840088,5.127,141.063,1028,11339,M1.2,2011-11-05 13:03:00,2.2857276139789206e+22,55.18299671305966,85.07600075505482,62.33208188277846,106.77857877384356,0.2496488448389533,38593927148258.125,0.008512549469777038,0.00459314246062632,2219.3348268606505,137.0455915977075,16059218599927.393,20163.40998857041,8.261516598032781e+23,49.9442602257672,56.712692856216776,73.0
65,6.977505e+22,90.218,-0.00291241,13588.6,42.036,5580.005,54.94,-0.00562242,48.65,99.787,0.08822022,102909500000000.0,9442253000000.0,1.767884e+24,42.875,2887.595215,5.151,285.308,1028,11339,M1.4,2011-11-05 18:35:00,2.282627538373952e+22,54.33423985597897,88.0846482252108,64.57250614746312,111.213283736759,-0.07696602968208642,38348648074670.1,0.001218066490431048,0.0007234124973487038,2331.3906409325186,20.344529662937596,9743158100822.389,21456.008521506115,8.259423330958618e+23,49.126798003403835,56.10639619126475,72.0
66,3.974401e+22,99.082,0.00104907,5645.184,23.584,2502.532,45.398,0.00316804,39.794,100.274,0.11043846,58811750000000.0,4816313000000.0,5.006082e+23,34.324,1479.557251,4.183,70.05,1041,11342,M1.1,2011-11-09 01:35:00,3.5492822276018846e+21,55.96685205724734,86.72581255515752,51.098765103540174,92.01985695948059,-0.7073818671903225,5418843091283.647,0.019215403756485457,0.006801532120003523,242.73369658953322,38.00015995445968,2040587467378.1714,12625.85055770159,9.97844987914212e+22,51.38810873707451,58.427155099983196,
67,2.546065e+22,100.616,-0.00449099,4725.64,14.022,1528.014,43.724,-0.01333528,33.582,103.325,0.10228283,31644740000000.0,8397972000000.0,2.483608e+23,28.067,764.156372,4.316,177.713,1066,11346,M1.9,2011-11-15 00:43:00,4.786181736198415e+21,50.53915271315556,102.8549777723123,71.84451926945897,119.80271007754186,-0.0974232759069994,7627403439618.674,-0.06963351324493287,-0.05181083225653332,474.70228513584505,281.5918733142586,13714619920762.896,16518.17366544801,1.2374585298721876e+23,44.91900321341396,48.253855699344086,
69,1.139457e+22,116.429,0.00782273,8722.445,40.296,1578.887,73.87,0.01780517,51.326,124.125,-0.07431028,26052960000000.0,7847519000000.0,2.0896e+23,43.019,426.048615,4.56,141.099,1209,11387,M2.3,2011-12-26 08:30:00,7.502775879584555e+21,53.3163239287297,117.24576379912618,79.31735990337097,128.92036080583435,0.1867783056989095,16977924565934.531,0.029375007091336013,0.015388481304884662,1121.1028412110413,162.74857828046018,6846309989137.266,11153.992351967605,1.621578589100037e+23,45.10333623114447,43.829359641911026,41.0
70,6.508758e+22,74.318,0.00251321,5486.493,17.2,3089.768,33.602,0.00636257,33.885,80.14,-0.11975224,57212340000000.0,7505483000000.0,6.880311e+23,28.093,1687.723145,4.493,237.305,1256,11389,M1.9,2011-12-29 01:50:00,1.05011668334718e+22,42.94173389812188,68.0643808589694,47.19901070499835,85.97664307999983,0.225906620483655,5390142312221.083,0.00514868509819254,0.009117464456815742,683.9958135992017,59.73762712105675,791861787507.9689,24610.273954113007,2.287519510050051e+23,36.115826327902475,27.48964137733962,
71,6.857879e+22,80.298,0.00381587,5666.498,17.258,3739.118,37.532,0.01000485,34.595,87.502,-0.05947163,70992260000000.0,13647950000000.0,7.701527e+23,29.221,1823.345093,4.498,390.501,1256,11389,M2.0,2011-12-29 09:51:00,1.0857878352458607e+22,42.33580711005951,80.53093564470731,51.98041776370221,98.04553526677189,0.3084000590579523,6641117112925.716,0.009462143236681741,0.015727415554581355,744.6524215986145,110.43791202427026,1324371518968.5493,23732.241440207275,2.3921753373803415e+23,35.82659379887221,26.337285902503293,
72,6.770121e+22,83.415,0.00384009,5995.515,17.524,3912.919,39.586,0.00955812,34.976,90.488,-0.14114176,74307210000000.0,13665220000000.0,7.80744e+23,29.655,1960.435669,4.405,376.529,1256,11389,M1.2,2011-12-29 15:09:00,1.2227728811260503e+22,41.77927594013685,90.35837921039756,58.001621470277776,117.58954516173364,0.12379489966173438,10627129944129.15,0.008941268524427512,0.011569567593788629,901.9365038581066,107.35401770276468,1146449139662.4004,18455.552901091643,2.455880412258223e+23,36.667744439120106,28.263473053892213,
73,5.925484e+22,94.459,0.00265995,6453.317,21.99,3670.846,45.643,0.00691064,38.384,98.163,0.07554129,75511490000000.0,11681670000000.0,7.791164e+23,32.729,2176.756836,4.584,241.803,1256,11389,M2.4,2011-12-31 01:15:00,9.938670399965203e+21,43.525470699228194,102.19484665845137,66.57389329161944,122.55199645261953,1.174846202209644,12269366141601.965,-0.006395553516127058,-0.005354755049632257,852.5067838629404,52.144604673318916,5819844856992.533,14675.084331607908,2.0009518101189435e+23,37.45630890759413,30.03798577968248,60.0
74,5.59161e+22,97.437,0.00183485,6850.069,23.469,3744.66,48.12,0.00466688,39.223,101.813,0.03638162,77500540000000.0,7085048000000.0,7.707414e+23,33.499,2205.374756,4.582,155.447,1256,11389,M1.5,2011-12-31 04:26:00,9.936519832737705e+21,44.622911913958376,104.12371393184512,67.66747403968179,124.81555598146137,1.229359461514144,13166777590983.37,-0.014575964511069505,-0.011621577566919098,899.5612394853299,117.00604294374148,6297292085289.649,15762.94078177875,2.2068491511631466e+23,38.58517357581708,33.45664959210776,60.0
75,8.581293e+22,67.656,-0.00473219,8277.087,26.774,4524.48,39.993,-0.01025747,41.186,73.855,0.0286776,83097160000000.0,21322690000000.0,1.324269e+24,34.235,2263.836914,4.691,570.073,1321,11401,M1.0,2012-01-16 16:53:00,2.0064780186345875e+22,41.916760395517386,76.3532827222116,50.03834049745282,88.48221523929287,0.574523840033661,13892432818435.879,-0.015327662489033191,-0.01706314729012331,1178.613012431968,286.33667467555927,10452568150177.242,17686.485274303493,4.1598016823455175e+23,36.95271815358424,29.412761151891587,
76,7.733243e+22,90.716,-0.00566229,9118.739,30.769,5068.723,47.455,-0.01216916,42.769,96.015,0.03993082,99442900000000.0,15305070000000.0,1.338104e+24,37.156,2566.586914,4.909,625.615,1321,11401,M1.7,2012-01-18 07:12:00,2.0422957913673407e+22,51.728193809831495,82.06672906335139,51.82251708209866,94.94252718507131,0.39094715805744545,21613311742762.67,-0.02169421072828427,-0.01687255557096089,1298.8362221584723,377.81026434495624,14976281862468.168,18617.85237636456,5.763472733212154e+23,47.146324690117,50.763620763620764,74.0
77,7.426626e+22,92.08,-0.00735461,9266.781,33.759,4967.382,48.701,-0.01702338,44.724,97.199,0.1140632,101329700000000.0,19000690000000.0,1.392859e+24,38.795,2834.736816,4.821,832.372,1321,11402,M3.2,2012-01-19 04:05:00,1.4103079261398672e+22,54.27634781308405,88.9256073563277,57.686866282094385,101.82676539006242,0.23947876074367277,19865158473412.414,-0.028886098608112414,-0.019145340374144268,1047.215884659875,327.787372545724,11795514130568.686,20202.85683304502,4.794034656064618e+23,49.40572428595837,55.40071636445042,69.0
78,3.431096e+22,80.905,0.00351438,6304.239,19.998,2057.423,39.535,0.00852726,37.398,88.491,-0.01330117,37695400000000.0,8539543000000.0,4.221736e+23,30.318,833.048279,4.465,177.202,1350,11410,M1.0,2012-02-06 08:00:00,1.1345815975227103e+22,43.2380385808127,92.89653296412281,57.48409154288263,112.32258326050713,0.33908659481909437,13144965398540.354,0.0256408498194207,0.018916666937775155,879.5880374800087,222.4789198551736,9606042049057.344,12963.093961533907,2.1213013399534726e+23,35.952656705530124,28.566791105340045,
79,3.715684e+22,59.384,-0.0199208,16490.87,45.741,2349.281,40.41,-0.02950799,50.606,77.264,-0.04961572,33394960000000.0,31052370000000.0,9.7081e+23,44.911,1170.866821,4.41,883.049,1449,11429,M2.0,2012-03-03 22:52:00,1.1097922996170463e+22,34.20847987550631,76.11316913992958,54.18368190993396,96.49977187120085,-1.9418024294987655,7424383906471.257,-0.0446556664996916,-0.06842634260170348,846.712921761711,480.21607237875503,14937513860363.531,20444.530021545135,2.0097346654604984e+23,31.12358529658686,21.02134558227506,
80,4.815552e+22,86.236,-0.02816812,15656.94,40.919,4210.199,58.702,-0.04280419,49.471,104.377,0.00716961,66109160000000.0,57786740000000.0,1.230495e+24,43.855,1555.469116,5.009,1666.905,1449,11429,M2.1,2012-03-05 07:16:00,2.4434733480148745e+22,47.960314808363016,87.06145155364875,60.537926001922095,108.70541929966414,-1.2195332228691393,26487513253981.03,-0.04189140955934709,-0.037908124435494274,1981.298718590621,899.63560910315,27951453168646.9,20287.309916044665,6.664212422340167e+23,43.63749926481709,40.113199919142914,38.0
82,4.890292e+22,85.895,-0.02680347,15552.78,40.211,4363.006,59.617,-0.04054694,48.949,102.85,-0.02082465,67380030000000.0,54604500000000.0,1.233442e+24,43.623,1551.799316,5.003,1600.542,1449,11429,M1.3,2012-03-05 10:34:00,2.5190901437243157e+22,48.163934935176876,87.10814640783688,61.96544056162739,109.0633746771676,-1.0876009228713226,28756399613734.445,-0.04178995557736443,-0.03611191614441457,2060.8297665731225,916.1954244999421,31180877708580.902,19286.98253110244,6.71085935727584e+23,43.86200606245197,40.86641221374046,37.0
83,4.770267e+22,84.271,-0.0265606,16026.35,41.305,4224.59,58.89,-0.03984113,49.304,101.535,0.03793158,64337900000000.0,52827950000000.0,1.232454e+24,43.868,1552.376343,4.95,1538.018,1449,11429,M1.3,2012-03-05 12:28:00,2.3471759335144563e+22,47.52266694637723,85.52140954715404,62.85946932032795,109.25099551616836,-1.3577814013147997,25801748205914.496,-0.0401211808176662,-0.03698968876823927,1942.8423225269821,831.1583066223363,26834979862994.812,20803.432368674807,6.430939970136562e+23,43.28711120649839,40.7097134510461,38.0
84,4.793795e+22,84.777,-0.02759572,16396.56,40.984,4298.235,59.197,-0.04087413,49.076,103.491,0.0237418,64392330000000.0,54369570000000.0,1.257614e+24,43.721,1560.28479,5.018,1593.735,1449,11429,M1.2,2012-03-05 13:44:00,2.2180667779372278e+22,46.97454194426293,85.02421745488893,62.122108207934986,111.45028391497942,-1.4084769552647558,23217824068517.6,-0.038920562549350286,-0.03824246493738746,1798.0288645339228,782.8997421981961,23202824790250.406,22031.94580689127,6.191581369753452e+23,43.00910135583265,40.15405699163556,39.0
85,4.966634e+22,85.64,-0.02767089,16395.32,42.421,4580.104,59.745,-0.0428723,49.593,103.584,0.05057903,70773230000000.0,56178560000000.0,1.351472e+24,44.342,1590.116943,4.996,1717.422,1449,11429,M1.0,2012-03-05 16:05:00,2.2231567971887662e+22,48.78386002295673,85.5627118647116,62.26686148565836,111.9584793872508,-1.5948345264663442,25191645720527.62,-0.040460306314041634,-0.03681993877762456,1837.577438363761,801.238687739888,23111507274907.61,22480.76980044041,6.745242436647357e+23,45.14070595343953,44.92984552737573,40.0
86,5.084845e+22,88.648,-0.03136307,17726.8,43.857,4834.649,60.714,-0.04563841,50.2,107.985,0.04998997,72706020000000.0,66727270000000.0,1.447714e+24,44.868,1681.319946,5.068,1928.64,1449,11429,M1.0,2012-03-05 19:55:00,2.2983014864374406e+22,50.1020259891479,86.83952519725617,60.29627136449433,114.4945387070859,-1.7369667245429752,26388064089312.977,-0.045632383600689046,-0.04101276467883392,1961.2181744136576,933.6145751489753,31538377810058.766,24072.060953975462,7.584907816258836e+23,46.190771031584454,47.03279103093653,42.0
87,5.329697e+22,89.422,-0.03267248,18275.72,46.562,5097.09,60.302,-0.04914615,51.43,107.345,0.00024238,78174860000000.0,79366590000000.0,1.610961e+24,46.155,1724.518799,5.157,2168.538,1449,11429,M2.1,2012-03-06 00:41:00,2.4622876839016254e+22,51.42721282250193,93.71073124918139,66.13633145538475,121.3058337564421,-1.587160987081894,34814352177106.35,-0.056178340459734626,-0.046835989924743415,2434.3868152050063,1207.7128361994337,47819292193713.27,23771.66841642951,8.467342320120114e+23,47.17013228178594,49.472428321091684,42.0
88,5.286783e+22,86.81,-0.02759962,15905.08,47.548,4856.216,58.515,-0.04759058,52.316,102.729,0.02682013,81060490000000.0,74243100000000.0,1.495632e+24,46.806,1875.58252,5.191,1954.108,1449,11429,M1.0,2012-03-06 10:53:00,2.7682738172660667e+22,52.73897200015353,87.87212133688705,63.03464666011809,114.90209354907923,-0.3013716223377232,40039060928206.36,-0.05849710977469689,-0.0417750564593932,2664.3264549189275,1311.6532227120279,51488488368362.3,21535.210258291634,9.256298179432763e+23,48.64385683287243,51.60821875482775,43.0
89,9.859527e+21,136.77,0.00634578,3741.506,23.133,927.928,72.521,0.01787041,43.178,136.153,0.16857219,18374890000000.0,3919890000000.0,7.779785e+22,33.688,660.686829,3.569,99.356,1461,11432,M2.8,2012-03-14 03:21:00,1.589136694287397e+20,59.487180658850136,113.5563796088258,67.99303203367559,122.61256606241598,2.049986867746658,487899290971.4544,0.07358633412330114,0.013191634823320217,16.441866015543983,4.683030362278677,378539258528.3207,4663.529715256883,2.564056774316371e+21,52.62058716223626,53.62318840579711,32.0
90,9.716646e+21,122.795,0.00330118,3346.718,22.896,815.027,63.143,0.01181498,42.53,122.017,0.14402713,18070310000000.0,2240131000000.0,7.708695e+22,33.8,694.006958,3.479,57.256,1461,11432,M1.8,2012-03-14 19:52:00,3.2439126917978705e+20,55.606807352839176,116.45368718335149,65.16054770751366,118.8701391779548,-1.011849714770156,896482972427.0983,-0.08489656591356345,-0.016344625341287843,34.26963336702891,12.438259884720049,797449695741.3816,3144.735820960689,3.3703128912329945e+21,44.47269430460159,37.67038413878562,35.0
91,1.134867e+22,116.345,-0.00350234,7255.905,36.47,904.86,70.17,-0.00780942,49.197,117.151,0.01513933,18158620000000.0,2395689000000.0,1.651639e+23,38.823,654.789062,3.779,60.027,1603,11466,M1.0,2012-04-26 20:24:00,6.784807841194025e+20,50.01034424024902,113.8145442588023,67.71566675592081,120.97478817690369,0.022438196711631123,1414946841186.5117,-0.09906137466169951,-0.02468466000373371,59.3942667955683,29.251322104424442,1286305793083.4692,6164.959098463029,1.0447045574941043e+22,42.72910854533633,40.51724137931034,35.0
92,2.117832e+22,105.94,0.00666278,6777.072,24.351,1348.352,50.483,0.01602793,40.883,108.706,0.26481798,29157740000000.0,6305897000000.0,2.935792e+23,34.127,911.784912,3.762,217.327,1621,11471,M1.9,2012-05-07 02:31:00,1.1771203276315238e+20,60.136942476201334,102.12543125195862,72.28342713538248,113.40499250314053,-1.6709805650488059,379781193616.5763,0.12145275558221763,0.019638599299944794,10.066884075033219,5.302421810985095,665074921982.3473,4985.429505951016,2.0988164701037988e+21,46.404195117014744,52.6813880126183,64.0
93,5.878567e+22,85.881,-0.01057009,11925.9,35.897,4353.292,51.903,-0.0205514,45.694,95.975,-0.04468232,76924840000000.0,30243500000000.0,1.274795e+24,39.238,2010.307373,4.882,850.734,1638,11476,M1.4,2012-05-08 01:08:00,1.978394421248003e+22,47.453146122695024,95.55487230532819,61.548561266810935,113.00398726804588,0.011769427353619816,27395097653086.625,-0.04744578433113074,-0.030143334013655983,1858.94155447368,677.3207152868499,24077945898157.46,17971.31363042584,5.628247288556774e+23,42.04737234564669,39.65312526503265,64.0
94,5.672141e+22,96.522,-0.0194589,15506.74,40.886,5195.595,59.738,-0.03481773,48.556,106.658,-0.04577537,86879850000000.0,58413640000000.0,1.582271e+24,41.729,2236.360352,4.984,1495.047,1638,11476,M4.7,2012-05-09 00:32:00,1.831964676546016e+22,53.33911313304632,97.18344207526906,72.2942141834168,119.87879776823401,0.23413248788481225,32835771408298.49,-0.08674346908043998,-0.06149853809556802,2478.7185154789586,1282.2445192925932,46627875840208.16,29223.72146877057,8.369074629490447e+23,47.403014780648654,51.60452606195511,54.0
95,5.734266e+22,97.373,-0.019014,15562.48,39.968,5446.053,60.308,-0.03399853,48.248,107.474,0.0289375,89751150000000.0,52263540000000.0,1.608461e+24,41.562,2237.651611,4.975,1479.764,1638,11476,M1.8,2012-05-09 02:08:00,1.954368614204611e+22,55.660477630258356,93.61475880457326,69.32730433116342,114.52090685988954,0.3311801757078994,37378349893472.05,-0.08837730270925122,-0.05510468013838829,2686.527464819946,1348.4115229863614,45680604072240.875,27361.230470510982,9.206324879754859e+23,49.67441912810808,55.18629617934955,52.0
96,5.406444e+22,97.688,-0.01704088,16257.15,42.445,5233.018,62.471,-0.03175762,50.214,106.476,-0.0012172,89681110000000.0,52999120000000.0,1.648996e+24,43.435,2227.790771,5.027,1301.48,1638,11476,M4.1,2012-05-09 09:05:00,1.7457115393272784e+22,58.186748834615514,89.32492940487853,71.01547547344414,113.32158017613379,0.07391736761661238,34152651379047.344,-0.08126842827676653,-0.051029431975242796,2360.376585635308,1132.649272122489,46657703353014.94,31972.260490341752,9.72389811843541e+23,52.253609724126164,61.137068250294746,51.0
97,5.125587e+22,100.264,-0.02248379,17717.22,44.783,5409.814,65.808,-0.04019161,51.162,108.598,0.04546699,89322950000000.0,65690350000000.0,1.685754e+24,44.361,2267.464355,5.112,1610.806,1638,11476,M5.7,2012-05-09 16:18:00,1.7745810144490322e+22,58.53656661512001,97.00156937126347,78.88401038847343,119.69396826977588,0.06430618412979694,38346454300572.516,-0.0945725193730757,-0.06254553079069272,2812.8142951064133,1389.4489665152387,58852789044745.516,34157.9339382208,1.0374122394854863e+24,53.096672515225734,61.712361712361705,49.0
98,4.851735e+22,103.464,-0.03005893,18275.27,46.972,5860.072,70.532,-0.05423877,53.316,111.304,0.15316865,95633440000000.0,87656490000000.0,1.674583e+24,46.01,2292.166504,5.129,2073.916,1638,11476,M1.7,2012-05-10 08:26:00,2.005496176978237e+22,59.54056475094119,102.35342542548182,82.4571315595225,119.90322457978205,-0.025304794034806587,52318809372928.35,-0.11859947218700925,-0.06884452038520773,3586.976120228822,1890.332840737034,85761857617101.0,29764.97127458681,1.1143283603169359e+24,53.22711874565766,60.36537779354381,46.0
99,1.011327e+22,95.676,-0.01541009,13763.06,51.493,786.36,61.425,-0.03119181,55.604,99.335,-0.08989801,16662900000000.0,14684130000000.0,2.90784e+23,47.341,565.518372,3.879,245.159,1724,11494,M2.1,2012-06-06 08:06:00,1.111641758747622e+21,64.1996937087718,95.83956542809663,73.21738459930236,97.27546643859758,0.9555315728517668,4457184049394.336,-0.287375459550128,-0.04641007008750934,180.94935533286844,141.45789362672846,9642676145236.59,8043.603077801799,3.3681181086153127e+22,58.6868275960203,67.0789724072312,23.0
100,1.578352e+22,100.113,-0.00983017,6768.447,22.617,1053.794,49.876,-0.02091552,38.859,105.374,0.24938487,19821190000000.0,9149329000000.0,1.95857e+23,33.197,387.043304,4.253,214.18,1806,11513,M2.4,2012-06-28 04:12:00,6.33361264320611e+21,46.36623701621903,96.37703020417567,58.39706188818545,107.80787372414319,1.2977099992729906,6986679202876.782,-0.029611888273569677,-0.0235648169032805,434.71090175225555,158.59121775907778,6004630984302.871,12277.047950049859,1.1458779310088233e+23,40.07685262959209,35.42970973249858,
101,2.217766e+22,98.907,-0.00968148,5315.605,17.302,1356.382,46.426,-0.02286969,35.366,102.678,0.03934722,25942040000000.0,15685000000000.0,2.192214e+23,29.105,615.556091,4.298,300.639,1806,11513,M2.2,2012-06-28 21:20:00,7.604409295964619e+21,47.71972317017569,101.73668839861388,61.53025638957708,111.06010780297481,0.43087329455012224,9333855679629.535,-0.032473280740356554,-0.022124390668552974,519.6483609996104,193.7432890845184,10882126604158.787,11788.058984773457,1.4343173160451605e+23,41.30904662519152,39.35821872953504,20.0
102,2.552975e+22,102.0,-0.00779037,5363.909,20.839,1752.051,48.408,-0.0219813,38.088,104.677,0.09830353,36785640000000.0,15015660000000.0,2.905253e+23,32.293,845.415649,4.304,317.715,1806,11513,M1.0,2012-06-30 00:52:00,2.7433054495228795e+21,50.40001329432051,118.13742040458406,83.29508509590376,133.99861851706203,-0.39772592620265834,4967839091626.38,-0.05928247893377526,-0.039662578875364216,316.820781084089,118.86874888946654,7303135431003.487,14597.545491277158,6.339284642494836e+22,41.74161668350933,39.44954128440367,17.0
103,2.089834e+22,108.095,-0.00923549,6549.19,20.007,1525.713,51.772,-0.02268534,37.355,109.82,0.17973121,29875240000000.0,12151700000000.0,2.666167e+23,31.587,889.98114,4.299,283.105,1806,11513,M1.6,2012-06-30 06:32:00,2.0914973644009004e+21,53.702957718395304,115.94493199474779,78.83710778138493,124.71564458027038,0.829874066450194,5735669355668.815,-0.1215219984199909,-0.045426255192484326,299.3751542411752,144.41006525690767,8975347667982.547,14335.08217058035,6.377604537058811e+22,47.25759559718351,49.40298507462686,18.0
104,2.355702e+22,117.168,-0.0085249,7814.666,30.18,2033.222,67.149,-0.01999645,46.132,119.04,0.35661578,41913780000000.0,11064110000000.0,3.777467e+23,37.641,1363.69104,4.564,310.289,1806,11513,M2.8,2012-07-01 07:18:00,4.432159223457629e+21,54.10588727579926,123.39391708597992,83.03680003738779,132.02613291425453,0.13019970716892654,11756403302422.268,-0.030826702053589634,-0.012845027875669041,577.2384271664863,92.44566562119009,3295725643962.325,10133.883006273585,9.924114339630984e+22,46.66862229965659,43.84323298074315,28.0
105,2.580771e+22,110.429,-0.0079136,7353.902,33.137,2356.663,64.917,-0.02137364,48.048,112.69,0.1879168,51152240000000.0,8483240000000.0,4.308017e+23,38.947,1456.49292,4.562,349.069,1806,11513,M1.1,2012-07-01 12:35:00,5.546727474910656e+21,58.06988276597699,112.41434716272288,78.6065274638498,121.80462404234196,0.08763360646155828,13815023972750.326,-0.03555251540989699,-0.014456827600954816,696.7391853273306,133.7111984812311,3645389386596.7656,11510.342497193757,1.4801673023591939e+23,50.077427674459585,53.031085407415055,27.0
106,3.298261e+22,98.554,-0.00914403,12241.82,48.013,2937.327,65.834,-0.01962657,54.201,107.037,-0.07747116,60276400000000.0,18979660000000.0,8.50082e+23,46.387,1552.982056,4.894,478.114,1807,11515,M5.6,2012-07-01 22:52:00,5.88633524878415e+21,63.62262050261966,99.5779602590826,73.65292379849787,117.44821703887504,-0.5755368486869629,19357622726417.582,-0.05488370455764331,-0.014037621282399252,815.7929107707928,174.5718582679171,7450669712949.741,14805.63452564405,2.5215247480687557e+23,56.98260162258883,66.36774797255146,39.0
107,3.284544e+22,102.055,-0.01077805,12592.07,50.319,3082.88,70.012,-0.02286215,55.328,109.493,-0.11383969,63585660000000.0,26902360000000.0,8.583331e+23,47.299,1674.901489,4.802,553.183,1807,11515,M3.8,2012-07-02 08:07:00,6.270034401430323e+21,64.72534807467547,102.85339228543198,78.91182664780754,118.11733820677888,-0.1004380795350797,22464215542800.758,-0.06077043286067669,-0.015563638704009114,929.4054841386054,212.61486833546851,15099347510688.164,13761.845921372958,2.5921345650721095e+23,56.764216520001085,65.37403934287528,39.0
108,3.348244e+22,97.03,-0.00990202,11363.65,51.02,3058.894,67.071,-0.02431172,56.297,103.819,-0.08041385,68390070000000.0,26434350000000.0,8.708815e+23,48.304,1716.662964,4.858,571.406,1807,11515,M2.0,2012-07-02 11:56:00,6.592943746342165e+21,65.79371608989358,93.70979534957226,73.32568335425441,108.30096495599292,-0.15106985930612354,25120665275524.8,-0.085592794129727,-0.017645892964615502,951.9750175259487,282.98718547353883,19134849865267.3,13519.539303967536,2.979557506898245e+23,58.256285459879784,68.87616752033745,38.0
109,3.890291e+22,103.802,-0.0089691,13192.73,50.583,4272.81,72.015,-0.01953502,56.912,110.559,-0.08370759,83121530000000.0,30734960000000.0,1.102603e+24,48.157,1878.231567,5.116,564.425,1807,11515,M2.3,2012-07-03 16:37:00,1.5525502370634566e+22,63.9977466886289,100.607733628125,79.6764024057142,113.91425218847891,-0.3584127355659941,44878178422123.54,-0.03801758967988219,-0.017518075830613815,2380.030272779437,461.81151504664143,29938920122719.36,19015.707755918767,6.835674185417207e+23,55.48911129415057,63.96482931875277,47.0
110,4.108252e+22,101.356,-0.00737931,12146.0,51.104,4306.735,69.057,-0.01680748,56.672,107.122,-0.10185965,85636970000000.0,22203700000000.0,1.107015e+24,48.363,1883.018311,4.994,506.42,1807,11515,M5.3,2012-07-03 21:55:00,1.4452647783103124e+22,63.691529014844974,98.14507788817019,75.67543965834624,109.51062891144824,-0.07154032342863349,39817841826435.47,-0.027506272449318594,-0.010841467517205453,2029.3868293630342,280.42539880003625,15843756628956.328,16941.846113642125,6.0255994116077154e+23,55.75675024299896,64.03420335312349,52.0
111,4.144466e+22,106.967,-0.00826046,12505.02,50.199,4525.17,72.796,-0.01728173,56.183,114.026,-0.12472215,87794200000000.0,17946450000000.0,1.086793e+24,47.562,1881.599854,5.02,540.556,1807,11515,M2.3,2012-07-04 00:24:00,1.3514321383927667e+22,62.68606828314263,103.62657501162788,79.0345574606634,116.72283749712525,-0.4164721640988935,38115551046859.586,-0.03749985916244803,-0.015549289133688946,2009.6948675657165,352.9533140456054,16610290651251.473,17795.182829184538,5.563633215158729e+23,54.30474730150883,62.54778693399031,52.0
112,4.167307e+22,106.278,-0.00787013,12723.08,49.708,4606.371,72.861,-0.0163909,56.097,113.653,-0.11132183,88238210000000.0,19256900000000.0,1.10637e+24,47.318,1879.303955,5.037,515.312,1807,11515,M1.3,2012-07-04 02:40:00,1.282329888634668e+22,62.368329289407264,103.45333517137342,82.72280982765628,119.51013631054572,0.24833344082104405,36244107337670.93,-0.026238048982032174,-0.011603356880895,2019.6085426086054,241.26859962444973,9629328177243.303,17942.532054755615,5.158866963507995e+23,54.05571454194957,62.74826789838337,53.0
113,2.215166e+22,107.62,-0.01036758,9946.506,36.995,1624.087,61.265,-0.02375357,49.116,108.971,0.3075214,35040190000000.0,15572020000000.0,4.677846e+23,39.874,1564.449219,4.047,367.137,1806,11513,M1.8,2012-07-04 04:39:00,8.06533379561711e+20,70.62842885475143,79.02088180414965,58.11746800977434,80.54145053667507,-1.5065592199314115,3155584207722.0645,-0.14020322685158587,-0.015452154687997844,90.8731515346016,39.99017633253842,2121277168346.8945,11635.70652524302,4.291225309239083e+22,61.31302797538237,72.66834713719842,24.0
114,4.184709e+22,107.321,-0.00775326,13173.99,49.034,4747.457,72.601,-0.01600587,55.037,116.849,-0.10203066,89499190000000.0,13920030000000.0,1.13447e+24,47.043,1963.915894,5.156,502.745,1807,11515,M4.6,2012-07-04 10:09:00,2.005624135237934e+22,60.999788886712615,103.62982191962385,79.55813360221781,121.83146251193313,-0.32922625840748765,51745231874894.875,-0.01942821112837838,-0.010353961459657467,2911.991147428208,312.23406177743055,10164979014718.895,18854.374258669213,7.78225976060802e+23,53.70786013021864,61.219433719433724,57.0
115,4.259127e+22,104.449,-0.00945421,12788.24,48.76,4796.851,71.448,-0.02066484,55.134,113.018,-0.14381938,92048820000000.0,21903020000000.0,1.159929e+24,47.288,1971.27832,5.151,645.675,1807,11515,M1.2,2012-07-04 11:55:00,1.9369553367323055e+22,61.34349227919418,103.10885169463378,79.01704862207363,120.50718417510437,-0.5589749788649201,51254632537724.22,-0.03640246258072042,-0.017933775036065927,2840.720628649191,543.4113173678337,19983124038140.57,19296.737600346572,7.982018148289858e+23,53.95030637158257,60.95932192506501,57.0
116,4.343955e+22,105.926,-0.00917977,12897.88,47.804,4928.137,72.508,-0.01997023,54.513,115.53,-0.12866941,92784510000000.0,21660410000000.0,1.179106e+24,46.66,2009.301025,5.181,631.899,1807,11515,M2.4,2012-07-04 13:10:00,1.7158534535156062e+22,60.26322359025665,109.5707230633517,85.95095432949823,131.47601024816862,-0.14984218854017986,48354948853784.33,-0.03729727246377528,-0.01741072054047323,2792.6545117709616,464.0305238446925,16929841567935.898,19008.55363789297,6.911106516213051e+23,52.73976101784439,59.1883697994667,61.0
117,4.380816e+22,106.341,-0.00863505,13309.27,47.978,5089.545,73.497,-0.01835329,54.383,116.937,-0.09337652,93652170000000.0,21747140000000.0,1.210511e+24,46.477,2048.683105,5.193,591.337,1807,11515,M2.2,2012-07-04 14:42:00,1.9542758020980155e+22,59.69474763285393,107.56474084413856,86.19326528770029,131.53946535172747,-0.11320431324617529,52337457777622.414,-0.023394723162913602,-0.01228816711910701,3121.7074177299905,350.3725090670982,10011253539119.182,20269.71863401941,7.885139854432306e+23,52.39619098759815,59.2141198962174,60.0
118,4.455367e+22,107.552,-0.01078836,13360.67,47.702,5178.473,73.662,-0.02209803,54.02,119.279,-0.11826533,93469070000000.0,23885890000000.0,1.205835e+24,46.196,2057.694824,5.204,733.134,1807,11515,M4.7,2012-07-04 15:36:00,2.0710460280987628e+22,58.77767536439236,107.61012013247519,84.16574057578123,134.0366673970325,-0.2647656067072736,51449119732908.86,-0.032769367600782,-0.019028807618590292,3209.5194206906262,543.6720624707432,14666296316363.549,20590.47551443576,8.03070141095847e+23,51.432740975441554,57.852083900844455,61.0
119,4.857642e+22,109.148,-0.00684937,14242.88,45.39,5898.691,73.103,-0.01295253,52.441,123.297,-0.14237846,99109730000000.0,24348360000000.0,1.327202e+24,44.832,2072.147705,5.197,480.586,1807,11515,M1.8,2012-07-04 22:48:00,2.1342018151114122e+22,56.694002496481374,114.84761468122679,89.9666938544454,148.3777962179559,0.12750542739975027,54251934291964.14,-0.01156044813936508,-0.007439385871621384,3756.27517960507,201.2577059849733,11396835375054.543,22447.601976889728,8.253589706537252e+23,49.79938522451142,54.54381275735029,64.0
120,4.861456e+22,110.999,-0.00551066,14385.15,45.547,6007.64,74.051,-0.01012217,52.369,125.898,-0.13528194,100883800000000.0,16348030000000.0,1.318337e+24,44.944,2065.029541,5.208,380.274,1807,11515,M6.1,2012-07-04 23:44:00,2.271091401166996e+22,56.8669894548736,113.85812301019655,88.67597148643841,146.06913510672155,-0.15823008163850172,56856489975512.71,-0.007666406137592528,-0.005064001622525873,3890.444522269986,143.57457400185356,8042102083117.238,22424.781359275592,8.673747384438426e+23,50.26873841564502,55.59828326180257,63.0
121,4.90972e+22,110.732,-0.00860055,14227.94,45.25,6014.858,73.273,-0.01581728,51.999,125.708,-0.15720709,101489200000000.0,19121270000000.0,1.317836e+24,44.639,2056.655762,5.175,599.828,1807,11515,M1.2,2012-07-05 01:18:00,2.2338960231943276e+22,56.76467213690058,115.51087905521746,89.28625410442861,147.03198503322378,0.056397753308797434,58677705292267.62,-0.016898936559770112,-0.010707608183440347,3926.6660657262473,311.31300032534466,10735478346066.75,20382.001405096347,8.046836504461545e+23,49.74412338817707,54.75645855758881,65.0
122,5.192536e+22,109.61,-0.01081868,13455.03,41.256,5809.293,69.65,-0.02043482,50.135,123.462,-0.09332125,98876250000000.0,23357830000000.0,1.324656e+24,42.87,2159.442871,5.205,801.967,1807,11515,M1.6,2012-07-05 08:14:00,2.5346627275425726e+22,55.62914499029279,111.41706093668799,84.66193677302292,139.7559360334343,-0.3250303671067405,58174421224203.086,-0.02791924429079888,-0.018654984289857696,3887.5405138580572,596.9035323225767,18046265679386.42,21272.345981949362,9.241061641830502e+23,48.47955356534013,52.61227110146434,65.0
123,5.068073e+22,111.555,-0.01343584,13964.47,41.217,5792.164,71.882,-0.02411419,49.975,125.132,-0.11716355,96805580000000.0,23201440000000.0,1.294675e+24,42.74,2155.580811,5.195,937.929,1807,11515,M1.6,2012-07-05 09:45:00,2.606788554840026e+22,55.415115915646226,112.52346559741564,85.91370445307892,139.56994107683863,-0.3004308700379977,58921517895470.5,-0.031099907494203976,-0.02216310574934469,3973.472339217984,702.7920833117201,17322284715529.363,21787.46339695521,9.39452557911958e+23,48.50740017015933,52.49476407539731,65.0
124,5.255163e+22,110.324,-0.01463567,13422.19,38.981,6006.415,70.241,-0.02722453,48.807,123.354,-0.12662914,99343390000000.0,35151470000000.0,1.307056e+24,41.578,2223.464355,5.193,1073.16,1807,11515,M2.9,2012-07-05 13:40:00,2.7134430109216465e+22,54.57906947738526,112.00848206155517,84.44332004303095,138.61879809874836,-0.25773076128753875,60217906127893.01,-0.03665780620991928,-0.025264443056199865,4162.8912323710565,836.3288584893842,29405004040731.45,21409.0797556222,9.680599711776763e+23,47.69329446638268,50.54335056390977,66.0
125,5.350885e+22,110.087,-0.01377565,13611.33,38.219,6118.878,69.973,-0.02533027,48.494,123.383,-0.14233518,100922500000000.0,35345910000000.0,1.337423e+24,41.171,2231.97998,5.204,1019.164,1807,11515,M1.0,2012-07-05 14:51:00,2.674907449295336e+22,54.2088731954483,113.59983701381262,85.84044222168228,141.4454941531548,-0.19519331155403927,60272584100050.9,-0.03493775252732403,-0.02442444827893614,4151.2339616284535,793.4037778929616,30773466913846.875,22134.540777010112,9.783169989027451e+23,47.10671627929159,49.60187494366155,63.0
126,5.93113e+22,108.142,-0.01588301,13256.24,35.181,6750.665,67.199,-0.02931051,46.435,122.053,-0.0176078,108870800000000.0,39328460000000.0,1.437139e+24,39.795,2215.652344,5.24,1296.53,1807,11515,M1.5,2012-07-05 20:23:00,2.988612450132146e+22,52.23157172468301,114.08416267614072,87.00312008884097,144.38127390947494,-0.08880883958007027,63990276470068.234,-0.0408101948972135,-0.030796591186202628,4676.020409096619,1051.9807583294955,32933155638635.57,22775.41847295214,1.0604215675743885e+24,45.43283439112186,46.03097635414587,66.0
127,5.86786e+22,109.426,-0.02012111,14359.35,35.482,6778.303,68.983,-0.03364165,46.417,123.24,-0.19695182,104516400000000.0,49787800000000.0,1.456556e+24,39.653,2205.603271,5.18,1536.83,1807,11515,M1.8,2012-07-05 22:29:00,2.8419493367133793e+22,52.138272788279245,113.09942858499376,87.18045931335443,142.7293578512495,-0.3985938450874796,58529785688117.95,-0.05602527295827455,-0.04649994901804484,4458.103324413869,1436.4299251164232,52869700495971.445,24733.488417936984,1.039514596684029e+24,45.478100456152326,46.693209466932096,66.0
128,6.524454e+22,100.149,-0.01696691,13409.96,34.223,6748.178,61.674,-0.03094746,45.82,114.388,0.00386908,109596700000000.0,55370310000000.0,1.585146e+24,39.283,2362.930664,5.246,1510.191,1807,11515,M1.3,2012-07-06 06:55:00,3.544693963069937e+22,52.45587870608344,102.56677820528893,77.72134613938516,129.72957264550863,-0.29308123234156497,66147083240401.195,-0.04385814849816667,-0.034608572858920314,4731.902041382598,1383.5123086081985,53230117709459.09,22405.92911238446,1.22193304252091e+24,46.23597755408682,46.49701692438816,70.0
129,6.683233e+22,98.228,-0.0212134,13506.87,34.0,6651.842,60.912,-0.0356337,45.343,113.113,-0.19656193,103575000000000.0,62468970000000.0,1.540043e+24,38.722,2517.042725,5.174,1821.234,1807,11515,M1.2,2012-07-06 15:15:00,3.6284585419024265e+22,51.100966546506505,97.69070776137805,73.53395227214241,124.60886892307404,-0.16641813562402097,58785944331860.29,-0.04847848670319072,-0.041301842262569825,4459.348603577544,1581.8192568141617,55230971240954.09,22493.347238732727,1.1783670504003407e+24,45.053078684542584,45.43057773721703,73.0
130,9.202321e+22,70.155,0.00612435,9072.933,27.771,4921.782,36.666,0.01244452,40.476,85.116,0.1291476,81420810000000.0,38916300000000.0,1.48342e+24,34.834,3171.179199,4.586,753.956,1834,11520,M1.0,2012-07-06 20:28:00,1.793679855567861e+22,42.755811180952,70.93579071635496,49.7197116945744,86.63498277738395,0.22627570964579977,11262083832355.371,0.011957357976690057,0.016495937148441737,1122.8482083013366,215.3709554100553,2923361133509.0854,19015.900196855888,3.525200467507578e+23,37.47998734835045,31.721470019342355,
131,7.336883e+22,97.645,-0.01623591,13118.77,30.675,7015.689,59.69,-0.0260667,43.163,113.086,-0.1583522,106954400000000.0,46748340000000.0,1.570761e+24,37.13,2541.760254,5.046,1463.764,1807,11515,M2.6,2012-07-06 23:03:00,3.4481419240076718e+22,47.89542939954159,102.11520514355121,76.06189375492117,134.4965545692449,-0.05835493115143399,52200490594479.586,-0.03468957212022282,-0.03523087089852073,4263.498520894123,1120.4826180565533,36081685933059.58,23727.76088479948,1.0389664533494535e+24,42.404281664172856,40.98450153164902,77.0
132,8.11923e+22,81.367,-0.01262006,11338.49,27.593,6334.906,48.228,-0.0222762,40.848,96.42,-0.08369665,94985060000000.0,43991940000000.0,1.541068e+24,35.022,2569.530762,4.947,1291.474,1807,11515,M1.3,2012-07-07 17:46:00,2.6608732510052745e+22,43.99189469781296,85.85516631212023,61.25421778838928,111.75422783099835,-0.849827374232499,25967266809112.05,-0.022756420867114574,-0.02635408320967784,2241.9047529761333,553.9891831506379,22312773703697.082,23234.96560282156,6.825892993058487e+23,39.78708180151793,34.758826454500245,
133,8.040493e+22,81.462,-0.01188318,11599.94,26.983,6241.948,48.046,-0.01987954,40.27,97.604,-0.06399122,90029510000000.0,33242600000000.0,1.509451e+24,34.706,2583.272949,4.865,1164.302,1807,11515,M1.1,2012-07-07 21:53:00,2.609211954044843e+22,41.92870932506773,87.110796132345,58.732867657656534,114.4587172789229,-0.873283197985946,23663170837025.02,-0.020323007043385428,-0.025163218893217838,2142.5086209787864,491.56348107901044,17640516941625.54,23069.79835296523,6.31259708398687e+23,37.34296604764432,29.3777907202485,
134,8.31066e+22,77.893,-0.00980589,10710.56,27.212,6292.372,45.916,-0.01839291,40.819,94.484,-0.08411255,96538500000000.0,31318360000000.0,1.557525e+24,34.955,2556.08252,4.766,1073.716,1807,11515,M1.4,2012-07-08 00:10:00,2.508393248622714e+22,42.29995511229455,88.08135424536368,60.69083520257948,114.8135497322164,-0.32964801322708875,23600552510473.72,-0.01876678862183903,-0.022015637553084635,2013.6171672061546,427.0153059796296,15557131169882.293,22672.503506958954,6.159321977381594e+23,37.88325931909288,30.0254204145483,
135,1.09606e+23,94.561,0.01194655,11688.89,38.329,8820.455,55.329,0.02522465,48.162,102.894,0.12003312,171170100000000.0,87777850000000.0,2.544387e+24,41.842,4587.434082,5.247,1958.052,1834,11520,M1.1,2012-07-09 11:07:00,3.2586325838528172e+22,55.73029861586959,93.66816812350267,65.21746413808482,115.11746293107645,-0.3436896254394946,55242547458304.47,0.0381028315738203,0.02401881024138843,3302.8585077122607,984.1227120204082,39610378770052.15,20915.433939344344,1.1737290030059553e+24,50.085641787605425,52.84219992427111,45.0
136,1.086874e+23,94.516,0.01190948,11683.23,39.555,8721.604,55.551,0.02601282,48.822,102.271,0.20959145,171474400000000.0,95138870000000.0,2.57875e+24,42.421,4729.290527,5.258,1979.297,1834,11520,M1.7,2012-07-09 17:14:00,3.38029715590986e+22,55.957198811481575,94.12254041758327,65.64028871467019,114.17433121315379,-0.17289326000835836,58975756334024.35,0.04262290776386162,0.0246942831719034,3372.648844993638,1089.9068820751284,55563106618172.44,20323.53420399113,1.2278004987212257e+24,50.00367513079447,53.07320290173665,46.0
137,1.060996e+23,95.538,0.01230073,12137.08,40.319,8660.93,56.427,0.02583379,49.098,103.396,0.23927353,165091300000000.0,93993920000000.0,2.554554e+24,42.668,4754.266113,5.279,1949.42,1834,11520,M2.0,2012-07-09 18:27:00,3.254512268774214e+22,57.08592802175917,91.79518696315854,65.09670302011808,111.02291893545811,0.002669563648218704,57543781804146.14,0.04050434709711118,0.023813817767185923,3303.563186748136,1025.6373174149305,52712396323380.414,21039.163943462678,1.243679672958358e+24,51.55462331807152,56.20183774797242,44.0
138,9.262632e+22,96.688,0.00805793,12649.19,42.143,6928.125,55.934,0.01641202,49.922,101.931,0.09620649,139660400000000.0,58630600000000.0,2.355495e+24,43.25,4368.350586,5.148,1129.859,1834,11521,M1.0,2012-07-13 16:58:00,1.7323093611838496e+22,62.46469419301239,88.32614220929834,65.09687082018496,102.90279164904554,-0.1260842291039084,30146247883916.152,0.03369287876216061,0.01867936048930831,1500.4126527040055,456.9345162894599,28785805971371.48,25633.374540863733,8.706990370804812e+23,56.90057332938433,68.33092231301559,39.0
139,8.12035e+22,81.254,-0.00091677,5847.363,17.559,4078.25,38.678,-0.0020828,34.733,86.152,-0.04324419,73548610000000.0,5685131000000.0,8.604549e+23,28.718,2338.526855,4.365,101.578,1879,11532,M2.7,2012-07-27 05:26:00,1.0567116767262314e+22,39.92435291480639,72.77088371043087,48.621380601760826,86.00700212443323,-0.6257470121178459,5966331419024.3125,-0.016531055967135524,-0.025441363994901448,690.506845232964,179.69235389598893,6473619269141.971,23499.010188963533,2.3680427511246263e+23,34.32127278451673,26.238798102266735,
140,7.826201e+22,93.795,-0.00238074,6268.291,20.882,4498.689,45.619,-0.00610412,37.981,96.658,0.05231367,91325880000000.0,8517504000000.0,9.763473e+23,31.42,3023.708984,4.684,279.215,1879,11532,M2.3,2012-07-28 18:22:00,1.6970355560373295e+22,42.91739748846063,89.34783238919059,54.6047102086015,106.3001555774808,-0.18845469501711185,15253744315433.22,-0.01682060925806596,-0.015231723700271167,1068.8451890047058,233.89834914136404,9825788390123.865,16548.873470650415,3.578619366082356e+23,38.115080576633126,32.524719032119386,68.0
141,7.230032e+22,102.328,-0.00296078,8072.104,26.694,4901.275,52.151,-0.00727128,41.344,105.007,0.03900877,99767220000000.0,16298260000000.0,1.173713e+24,35.055,3440.303711,4.729,324.155,1879,11536,M1.1,2012-07-30 03:48:00,1.2835907878688624e+22,53.38293941216276,92.77459239203345,61.79204007101611,105.32123870831897,-0.31173787402391506,21111971644430.59,0.002328343957439075,0.0010533485432194425,1076.9933464098765,18.70431008194764,4605521230704.998,17986.30315423478,4.420696154276827e+23,48.38753657386006,52.03436537526341,70.0
142,4.335354e+22,103.448,-0.0018836,3329.091,11.461,2494.048,42.472,-0.00569133,31.94,104.725,-0.0901578,51241220000000.0,3280811000000.0,2.978107e+23,25.682,1494.029419,4.163,126.874,1907,11540,M1.0,2012-08-11 00:20:00,4.765147778723449e+21,47.44253334924064,88.75484195470071,58.76334097855806,95.31201285275812,0.6665368635778334,3216207618441.1934,0.005085473707579994,0.00560543573450897,305.2481800645189,22.130260279841412,1421599001372.1418,16200.935850275113,9.303329986875337e+22,38.99925909320494,35.59204440333025,
143,2.028834e+22,98.179,-0.01097032,4784.29,19.821,1276.943,47.779,-0.02747087,37.39,102.831,-0.25748268,24929120000000.0,14524250000000.0,1.879058e+23,30.746,589.74408,4.214,324.425,1993,11560,M1.6,2012-09-05 16:13:00,4.3816684994317113e+21,48.212678262370915,99.70732322732457,59.56194953983527,113.42450125386249,-0.6144899129193941,6542009860626.67,-0.05983336133327948,-0.03225511953709871,372.1836413854959,178.40306615969297,8609614734007.1875,10739.35014060325,8.36628646575747e+22,42.21008814779756,38.8510057961132,49.0
144,4.137513e+22,90.994,-0.00367102,4829.742,15.763,2336.943,41.157,-0.0090731,34.009,95.345,-0.30968788,42818630000000.0,9615191000000.0,3.776501e+23,28.594,1190.541626,4.407,216.131,2040,11583,M1.3,2012-09-29 16:33:00,7.799857814643426e+21,40.62081544369532,95.72936564078202,56.41950655728185,113.40461291204527,-0.015636033298652204,6772357451000.225,-0.008436415657840675,-0.008452879021801148,548.366514904091,55.197300012361495,2156465143809.9648,13485.233330830315,1.269210006619257e+23,35.5173971996893,25.89247918724425,55.0
145,1.427301e+22,94.101,0.01362745,7286.97,21.856,992.139,44.794,0.0291061,36.378,101.334,0.31696144,16728660000000.0,8529627000000.0,1.879161e+23,29.42,404.548553,4.087,264.604,2191,11613,M2.0,2012-11-12 11:28:00,5.294467286529456e+21,41.55428204670399,103.49148154238148,64.85713739757247,123.47320742858835,0.7485878494288856,5580572263465.839,0.04839094943480398,0.056422229528288986,476.43722279848225,240.92292008579398,8312694754988.574,18615.947620905295,1.1162345238434165e+23,35.28829063723384,26.622369878183832,
146,1.554052e+22,95.242,0.01476977,6783.273,19.61,1085.809,44.009,0.03200909,35.213,99.737,0.23271367,18051090000000.0,11192070000000.0,1.901421e+23,28.38,439.039307,4.256,311.731,2191,11613,M6.0,2012-11-12 14:04:00,5.630635165685559e+21,43.460298443655546,101.31901890003913,61.11386456989603,116.33077273874733,0.774534897913729,5837493811793.236,0.05491628938044044,0.058662131149127765,502.2677885205229,284.9806331224627,9464161239659.438,18046.523568526904,1.2316426606800206e+23,36.589749162495536,30.025296750340537,
147,1.823575e+22,94.759,0.01986759,6285.909,19.838,1406.597,44.949,0.04894546,36.326,101.792,0.19025338,23823270000000.0,20077040000000.0,2.261797e+23,29.004,488.517944,4.317,538.273,2191,11613,M2.5,2012-11-12 17:50:00,6.477666092486618e+21,49.06072325579526,98.86611645914029,64.82099821312465,113.99773624573942,0.7551104748986074,8544260066571.422,0.07667258574149562,0.06724456830450772,719.3720731817186,445.6297541539726,14175352510543.559,17513.69909137719,1.6076594480044464e+23,41.105975880057876,40.769675925925924,
148,2.00618e+22,100.519,0.02605504,6526.503,20.392,1575.039,46.48,0.06460392,36.032,105.917,0.03318009,27779620000000.0,29049260000000.0,2.543907e+23,29.884,618.868835,4.362,764.715,2191,11613,M2.8,2012-11-13 08:54:00,6.81521938191355e+21,45.746037694069564,120.38619169611589,73.82807353052748,142.82872127739856,0.7237937243636766,11051654899859.342,0.1102796406709745,0.0957217329075867,862.5655645543433,653.3965488271868,22677777192102.176,16386.846077176593,1.552751225939504e+23,39.832211313151355,35.27680448493343,
149,2.275709e+22,98.6,0.01870987,5523.738,19.963,1654.349,44.701,0.05316687,36.52,101.773,0.19457294,31931650000000.0,29162310000000.0,2.638822e+23,30.42,668.059509,4.21,673.031,2191,11613,M1.1,2012-11-13 16:04:00,3.329329207202644e+21,47.44570365362672,125.46835011598034,84.39296162389141,148.07419301389245,-0.11801460583233463,6890081157592.812,0.1615183568671188,0.1310234140409721,556.3732745181993,451.5066847851898,16464051525672.443,15181.349246235592,7.356931398526271e+22,39.919936468438344,35.18772266374349,44.0
150,1.616012e+22,118.089,-0.01305122,6932.86,34.907,2054.578,76.976,-0.03778832,50.673,120.587,0.14313437,38841410000000.0,11042630000000.0,2.596967e+23,39.975,891.664062,4.62,368.123,2220,11618,M1.6,2012-11-20 07:28:00,5.799731928224125e+21,55.678107104746736,127.74239196223768,94.60783876496329,136.8948886067914,-0.11846203471796364,17635484428129.94,-0.10365785638422455,-0.041985955380119656,1090.8299991844503,396.72529238675065,13653499075991.648,11439.892140880103,1.4670052642471384e+23,45.09554366080493,44.15907207953604,40.0
151,1.59709e+22,124.55,-0.01776893,9127.534,37.856,2190.069,82.874,-0.03883509,52.19,131.611,0.14421524,37392600000000.0,15274170000000.0,2.933104e+23,41.357,940.439392,4.664,429.955,2220,11618,M1.4,2012-11-20 18:56:00,5.726078550422055e+21,60.364863168855386,115.36735025525509,86.31882381162555,129.1088444647308,0.15338224963172117,17190641522388.723,-0.09888487116597941,-0.04413586932851504,1047.3607999116466,413.55309560818597,14835742853542.312,13272.467000790673,1.6919603389508008e+23,51.004320747572024,56.09959370767788,38.0
152,2.522502e+22,110.086,0.0009429,10144.22,40.253,2263.348,68.915,0.0019202,50.222,118.47,-0.14785932,43138910000000.0,5459166000000.0,4.943947e+23,42.185,1052.057373,4.81,34.601,2227,11620,M1.0,2012-11-27 09:26:00,8.20344783649198e+21,56.89169926604078,108.87726514485499,74.03226622773707,126.70588650259742,-0.6385759923220663,18055279938989.426,0.0018724033804743048,0.0008471125279473973,916.3133806571934,10.598224837149887,4277963668139.2104,13532.781616485674,2.3211003034492786e+23,49.596477433238704,53.7979094076655,37.0
153,3.055346e+22,99.677,0.00364106,8945.237,33.288,2339.642,58.076,0.0072603,45.507,107.827,-0.08424195,41838080000000.0,9282557000000.0,4.995162e+23,38.39,1109.454956,4.791,153.099,2227,11620,M2.2,2012-11-28 09:36:00,1.1792888992427068e+22,50.887897007963915,99.70039005994076,66.20498282932148,118.54091759045996,-0.32988484653802946,17987167656746.258,0.0327078975443197,0.019204985933326688,1051.4012734474854,281.41065888103594,12555575290039.945,13612.831340321885,2.747742192198712e+23,43.92893341648103,43.50944141061912,40.0
154,5.627853e+22,88.202,-0.0019341,13164.17,41.955,4431.288,54.699,-0.00344695,48.564,100.113,-0.08569328,81611840000000.0,20100180000000.0,1.340303e+24,42.451,1883.841553,5.177,148.274,2372,11654,M1.2,2013-01-10 21:11:00,3.11210784820266e+22,52.12817728872185,93.66497220252697,65.62242165555564,115.27082992154055,-0.2960554596267103,41762660828574.05,-0.004204619287232598,-0.00347789871430744,2629.0983349010244,117.8938106175936,16424667241946.875,18518.85180563592,8.573906177981347e+23,46.5948925153876,48.8296712753141,
155,5.955999e+22,87.505,-0.00336931,13024.67,42.679,4703.373,54.844,-0.00635187,49.489,98.943,-0.03228408,90435440000000.0,27087310000000.0,1.473525e+24,43.516,1970.944336,5.213,287.018,2372,11654,M1.0,2013-01-11 03:07:00,3.2605643131216042e+22,54.67721155283834,92.85737941233866,69.28640060869009,113.6612674064545,-0.08817459827317713,51669785682563.52,-0.015486451366735828,-0.011642132059362209,3017.220966750528,448.53642185104786,32480446973754.945,18504.1350087555,9.718891628107651e+23,48.62950324609317,52.246580191660975,
156,2.096497e+22,118.886,-0.01107501,4978.348,22.27,1823.232,62.202,-0.03535512,41.034,119.039,0.27538189,38806590000000.0,12408440000000.0,2.308261e+23,32.723,1545.452881,4.334,386.662,2362,11652,M1.0,2013-01-12 12:50:00,8.334483430674412e+20,60.66703573073194,110.10124092935294,80.8428487039308,112.24779636224991,-0.7825975004942171,3718034901278.529,-0.44483613166990094,-0.08382650143845374,184.2515985782152,153.57015063524724,8042660784549.503,11470.365601085443,3.0786199560855484e+22,52.101754926436726,59.673428995546764,
157,2.27031e+22,117.901,-0.00897301,4515.545,21.778,1888.449,56.637,-0.03015542,39.421,119.524,0.29527491,40788100000000.0,8152412000000.0,2.324016e+23,32.502,1469.558228,4.256,347.731,2362,11652,M1.7,2013-01-12 20:38:00,2.5255196351198255e+21,52.96688941297352,120.41658747451646,80.05360869700331,127.66699284147732,0.22444307994864218,7447596726483.015,-0.1670202011813922,-0.054522610540080146,396.22325345503305,230.03089386859813,9106122883540.46,10811.012137912658,6.400573364014754e+22,46.20536630030681,45.042620008972634,
158,4.772543e+21,138.965,0.01327533,7747.396,28.611,626.951,90.745,0.02649042,48.472,148.213,-0.23943606,10561260000000.0,3200159000000.0,6.972777e+22,37.179,187.250214,4.161,89.967,2491,11675,M1.9,2013-02-17 03:50:00,2.4294547659781356e+21,54.27898750934413,129.3525967807457,96.22249012895468,148.37476468510587,-0.5290282125804789,6443058550521.664,0.040946760442549544,0.019977507289982776,390.058752682069,70.9800834013088,2889279679439.2827,10057.944325158935,4.859419720664254e+22,42.74761648249354,39.30731170973062,32.0
159,7.618261e+21,110.237,0.0024092,5813.055,26.921,628.174,63.021,0.00542632,44.732,115.505,0.55379355,12287840000000.0,5008355000000.0,8.668783e+22,36.094,277.2341,3.587,27.053,2519,11686,M1.2,2013-03-04 19:54:00,1.7584562454312832e+20,67.95705048754303,88.34580959846147,56.83057000437059,92.93152331434578,-6.324344865670504,610651785160.7322,0.20915842741684287,0.03936270205353876,23.824382056974336,18.264293752841986,1517498805302.4482,9726.43177909233,6.58773731191877e+21,61.22541920040059,73.33333333333333,26.0
160,2.6315e+22,93.206,-0.00162118,9527.079,36.581,1931.992,55.213,-0.00347485,45.827,102.1,0.09521049,36756850000000.0,1870098000000.0,4.698715e+23,40.406,1001.655701,4.658,60.204,2636,11718,M3.3,2013-04-12 08:38:00,9.807625215455474e+21,52.58578306230437,87.38581047857883,59.73867043846286,103.66869721322081,-0.884373652889178,13696973662493.29,-0.007761823997365971,-0.004441073237752824,787.9866765596056,54.89610629186266,5781789693289.958,15700.201805339371,2.6830500115305145e+23,47.51974144839951,53.559216661485856,40.0
161,2.796169e+22,108.18,0.02394736,15043.48,50.893,3392.63,77.519,0.04268418,56.643,117.502,0.1049366,58810920000000.0,26593980000000.0,8.29583e+23,47.805,1070.855713,4.881,994.366,2673,11726,M1.0,2013-04-21 22:29:00,1.2189245617453228e+22,60.3219227467663,111.60163130880575,89.97585274742296,126.38568726441007,0.5075371702500945,32179397793914.938,0.08013356737337493,0.04937623039321892,2073.839385684363,877.5143665482867,22214756692755.49,20260.56603785434,4.905401967055227e+23,51.87123716674991,57.70939608359388,49.0
162,2.37509e+22,117.058,0.00940132,7113.366,35.006,2731.555,71.372,0.026651,49.49,123.769,0.23879129,54800670000000.0,19069360000000.0,3.805575e+23,39.605,1851.857178,4.758,378.723,2693,11731,M1.1,2013-05-01 17:10:00,7.457764767263458e+21,60.41204305609183,105.81257089374364,81.09381752694316,120.73372522385539,0.008004479524171234,24870533634277.836,0.09424631472259337,0.030390798445171847,1286.4947269464294,422.28014439566283,20312926726337.17,12595.285355732665,2.3693931672987365e+23,51.57738128055183,56.39251676667843,
163,2.816692e+22,120.755,0.00340675,4388.131,20.11,2219.535,60.112,0.01050891,39.121,122.879,-0.01343616,47136940000000.0,8872294000000.0,2.633333e+23,32.141,1563.505737,4.438,153.941,2693,11731,M1.3,2013-05-03 04:55:00,4.3057369185427275e+21,55.02010905169117,107.42543099207583,72.44542702312381,117.2930637847314,0.24203914960431902,11198355083711.633,0.07830772357435445,0.022228420974229855,509.52133399266904,171.00324255475027,9658053664982.254,10216.250255834448,1.0943654746702264e+23,48.8822085703571,51.996032729977685,
164,2.523853e+22,95.234,-0.01338126,6001.645,24.028,1881.49,50.427,-0.0346004,39.778,99.377,-0.18016927,37059300000000.0,23736160000000.0,3.047104e+23,33.282,808.952942,4.488,511.525,2748,11748,M1.3,2013-05-16 09:53:00,8.224432763116637e+21,48.12920299234147,95.13644819363745,65.84761786382836,108.82549560731604,0.5153104958536019,12844067453228.178,-0.06970173597451428,-0.0438760284188621,799.2218881095752,422.3945255883855,18799897797809.84,13184.302928959707,1.753210166916131e+23,40.703762720395375,38.62978128433037,26.0
165,2.240039e+22,104.993,-0.01779235,6138.305,22.367,1738.798,54.05,-0.04490716,38.722,109.407,-0.01991956,33139380000000.0,27549370000000.0,2.694135e+23,32.675,812.596741,4.473,587.984,2748,11748,M3.2,2013-05-16 20:57:00,5.988177841273274e+21,46.548753933725486,107.4505416408642,75.92417166287287,125.81717352649417,0.874264064959588,10947746416327.031,-0.10592859356380664,-0.0638423706280999,683.4211932015954,451.17403322878204,22736892948738.78,13960.28055345452,1.3684280336269466e+23,40.21476876351534,37.217179244004875,21.0
166,6.766173e+21,103.129,-0.0071959,2222.496,4.913,413.34,39.544,-0.02845861,28.265,106.082,-0.29603493,8918097000000.0,4923648000000.0,3.346199e+22,24.105,187.304504,3.593,81.58,2809,11760,M1.0,2013-05-31 08:00:00,9.600402179255096e+20,39.50759673891475,115.39693498279449,67.66400763658503,139.26360771100198,-0.2383655831679406,2035910806803.115,-0.18450384138595763,-0.07708592131018033,121.18404592034796,96.20322979510505,5943965715739.863,8203.371742836445,1.4435139150881757e+22,33.01524585418951,22.566037735849058,18.0
167,3.227974e+22,101.04,0.01449736,7904.258,24.811,2495.077,50.288,0.0313664,39.387,108.563,-0.17085305,44514200000000.0,27562320000000.0,4.773604e+23,33.482,1043.071411,4.538,659.224,2790,11762,M1.3,2013-06-04 20:57:00,1.0589182717389311e+22,50.41052039597332,97.41047546740958,67.30250759910182,120.85679953108593,-0.46029026134430306,15291958156455.19,0.0741708428717413,0.06353378658154522,1107.3517713073998,684.7671517758945,26176366750503.008,19598.25327071775,2.9226115373708504e+23,44.28499464389303,45.60512957520705,28.0
168,1.664233e+22,111.072,-0.01766239,7014.445,29.842,1621.771,64.134,-0.04223258,45.23,117.534,0.23904666,29385340000000.0,18257320000000.0,2.375824e+23,37.223,672.203308,4.412,450.409,3048,11817,M1.5,2013-08-11 22:41:00,5.454485410161912e+21,52.184638649664635,113.78393876815277,80.5428012465327,135.4430887716697,-0.8092733122889166,10604815911828.273,-0.11062240241137096,-0.06716818772427399,722.5926409663554,454.258453579265,17404719459745.96,12528.69455324253,1.1850057128212438e+23,44.13157507359299,44.229149115417016,24.0
169,1.496145e+22,94.849,0.03643962,14731.79,48.951,1622.295,60.332,0.06939032,54.02,102.101,0.14373729,26808510000000.0,25405340000000.0,4.448374e+23,46.524,772.613647,4.559,828.528,3056,11818,M3.3,2013-08-17 06:24:00,3.536093611943347e+21,61.458815942604325,96.51094007041289,75.0785910486954,111.72998455603708,-1.1667699063377035,10926201361738.09,0.2624681095098749,0.10092356331436417,763.0195674659108,626.1297868023153,21763569624376.727,19665.954240870913,1.6884809873502362e+23,53.86721099693801,61.79427687548337,30.0
170,1.47524e+22,95.281,0.03925568,15280.99,48.558,1625.18,60.117,0.06998851,53.434,104.536,0.14882182,26338870000000.0,28276300000000.0,4.343082e+23,45.832,779.022949,4.527,840.111,3056,11818,M1.4,2013-08-17 07:33:00,3.438681218308462e+21,61.821229969858386,90.22772327094198,72.28292737867626,111.93036771184008,-0.702545931001501,9275316431777.86,0.253411284446786,0.12425121613835599,724.651611116035,635.0479656831375,23262631698566.203,25148.89110066216,1.8078794797149813e+23,54.74686730302491,65.04710881211896,26.0
172,1.596092e+22,123.758,0.02140293,6615.357,24.253,1618.09,64.034,0.05837423,42.303,126.103,0.25869918,27976940000000.0,16775830000000.0,2.259715e+23,33.382,897.378052,4.274,550.483,3263,11865,M1.8,2013-10-14 20:38:00,3.219457975022323e+21,55.263343203315216,118.71437122786394,93.7803074753236,145.31832897148504,0.6125387925138914,7618412967124.622,0.21518308575893563,0.15863379671615171,702.6684954182201,611.5332863407649,19239480057291.63,21505.86370678727,1.124150643666918e+23,45.323216106005866,46.95121951219512,
174,2.308751e+22,110.926,-0.01204182,7554.126,33.141,2356.336,66.364,-0.0336576,47.617,114.954,0.08057196,47481200000000.0,17253400000000.0,3.817258e+23,39.361,1419.850098,4.611,458.179,3291,11875,M1.0,2013-10-21 12:22:00,5.95290376563981e+21,59.1166164939133,106.25917955871196,83.43598185340679,121.1083505726643,0.17680462523566035,16349048729934.785,-0.12521103242934964,-0.05453634562032558,913.4959279260419,522.3491183514784,23566412807753.18,13398.763592897882,1.752723953573017e+23,49.27087074781361,53.7258883248731,67.0
175,2.642946e+22,108.135,-0.00807088,8795.969,40.955,2934.62,68.79,-0.02248776,52.279,114.248,0.36234778,60276430000000.0,8993617000000.0,5.407337e+23,42.969,1591.139526,4.848,373.585,3291,11875,M1.0,2013-10-22 03:20:00,7.744082654176067e+21,60.97683264842508,104.9298164361014,82.05484378674043,122.93304952912692,0.48488982913956413,23093302802651.152,-0.08398988700488559,-0.032927613498372234,1290.4506105335608,443.37031575558217,15790889399437.97,14164.471132706016,2.5957362499747826e+23,51.96388988203906,57.83752445829408,66.0
176,3.41078e+22,102.49,-0.00481928,14728.33,51.638,4015.882,71.969,-0.01023357,57.804,111.598,0.29125357,72207150000000.0,22829870000000.0,1.086257e+24,48.573,1989.956787,4.89,267.634,3291,11875,M2.7,2013-10-23 08:53:00,1.1095882963088438e+22,64.16511788428822,105.03314088920385,86.29579470334421,122.20886050041635,0.18426695279940866,34570928638951.812,-0.012846322856530486,-0.005170102719414917,2152.5309076276762,100.35686388656295,15389247656143.031,18509.91840742533,4.900174268126688e+23,55.46617602469316,63.073141366509475,58.0
177,3.400427e+22,106.081,-0.00392048,16152.32,51.163,4176.291,74.261,-0.00764474,56.929,115.225,0.33174741,75383050000000.0,17809530000000.0,1.120921e+24,47.856,2054.68042,4.944,204.857,3291,11875,M1.4,2013-10-23 11:43:00,9.99904156045578e+21,63.993572624097354,110.57499818076256,90.29597112762542,127.40219932759713,0.8373762772524846,35762814435471.41,0.021396757508722955,0.00792228448889328,2181.9108097145136,143.22698127470161,7881682539909.935,19065.329869568723,4.705900828554539e+23,55.09848882454151,62.977509953728614,57.0
178,3.395433e+22,106.031,-0.00371267,16068.24,51.498,4144.563,73.946,-0.00727406,57.253,114.784,0.48145643,75020390000000.0,16812480000000.0,1.122363e+24,48.18,2049.421875,4.965,195.268,3291,11875,M3.1,2013-10-23 12:08:00,9.052694802120763e+21,64.61238790594672,112.83902126629715,91.97628729384947,127.37116731388812,0.6731698164238802,34783024485546.863,0.040542835158818534,0.014263023057425139,2076.2711267392447,247.52050213855586,6081317906963.988,17350.042865344083,4.1168467414868746e+23,55.4551923191193,62.34398611966194,59.0
179,3.399639e+22,101.633,-0.00613011,14354.91,53.199,3630.395,71.342,-0.01297179,58.625,106.842,0.22430921,70552660000000.0,18025890000000.0,1.06455e+24,48.94,2017.417969,4.95,342.299,3291,11875,M2.5,2013-10-23 22:09:00,9.509035203641207e+21,64.28802366369142,107.61826610760603,85.81400914529263,118.14590720643206,-0.02066318930318893,33117318009056.668,-0.0013597031546660509,-0.00045420968529824953,1827.9345257273517,8.430131759135511,7622190758967.984,15987.15262030795,4.02679408145957e+23,55.08207286280979,62.833491511125175,65.0
180,3.398772e+22,101.78,-0.00742084,14526.24,53.329,3631.224,71.236,-0.01554268,58.653,107.115,0.26594669,69989420000000.0,18788440000000.0,1.069713e+24,49.158,2016.002319,4.954,411.471,3291,11875,M3.5,2013-10-23 22:33:00,9.634699146267359e+21,64.1808726884908,107.3765323774093,85.76735683117906,118.53966549575894,-0.07231515516316185,32531514058391.68,-0.01561452399835089,-0.005472323340785383,1813.5977098796714,100.0340706695568,10376080859081.938,16324.340302835944,4.0540557391997776e+23,54.94317596080249,62.89839572192514,66.0
181,1.945027e+22,89.21,-0.01191306,13854.61,35.603,2440.974,56.782,-0.02143528,44.819,111.325,-0.15698239,34755970000000.0,4952550000000.0,4.759223e+23,39.099,528.944153,4.512,308.143,3311,11882,M1.5,2013-10-25 21:37:00,9.354986033554337e+21,48.271139563332156,109.64198628125851,84.79632635005841,154.7741400508093,0.023079127782702567,22351296343480.18,-0.03589648501099529,-0.03306204527582048,1839.8703810086479,312.23795558484863,4903064477183.846,25616.592547635304,3.321708999712868e+23,44.490433673740824,42.90249897582958,35.0
182,2.041199e+22,87.868,-0.01564616,13680.11,35.068,2379.407,54.697,-0.02777734,45.331,108.702,-0.1166665,31959130000000.0,15935070000000.0,4.962169e+23,38.826,544.345825,4.538,427.344,3311,11882,M1.8,2013-10-25 23:17:00,8.359665774283698e+21,51.367012525072376,104.93749955015203,81.33037911994678,149.7815273864564,-0.8217823402041698,16792112946420.336,-0.05186374791848077,-0.05133464060824692,1632.644842146656,432.1863392808308,17022747404006.453,27490.793577113578,3.1872344827957396e+23,44.945856214859496,46.32302405498282,35.0
183,1.870607e+22,87.891,-0.02358954,10886.49,35.844,1828.524,54.844,-0.04427021,47.022,103.237,-0.11420985,28909650000000.0,21150800000000.0,3.73906e+23,40.11,552.36969,4.632,610.073,3311,11882,M1.0,2013-10-26 07:53:00,1.071017814460453e+22,49.47196809211205,96.69001894075392,70.03608191065278,126.49595835559599,0.10946032861392992,16854365252448.883,-0.06024749785114922,-0.053796945698610425,1350.7793651850388,589.6683218024689,17942986314899.055,17432.240637669285,2.6049262792930347e+23,42.539534437917126,40.88162104514753,33.0
184,5.208042e+22,91.927,-0.01054591,10337.02,31.436,3645.558,50.476,-0.02169213,43.077,99.923,0.14236808,71238890000000.0,35859840000000.0,1.02503e+24,37.431,1924.517822,4.572,787.41,3291,11875,M3.5,2013-10-27 00:48:00,1.1255101978622378e+22,53.79568503998463,89.90972733837074,63.748294949898565,104.00754946095206,0.7305181341460456,14374592541691.12,-0.03761410931740647,-0.033394916549333374,894.3190427399592,407.71853615081113,18747969786888.918,24413.05263927813,4.187250938933014e+23,48.208166149412705,54.494773519163765,
185,3.619596e+22,99.287,0.00966162,8247.544,29.204,2311.539,49.308,0.02238975,42.536,102.106,0.09600623,48513450000000.0,22220040000000.0,6.009529e+23,37.015,1574.191772,4.431,530.094,3295,11877,M1.4,2013-10-27 23:53:00,7.177243730126474e+21,51.74895041142449,99.29405108497258,62.78676553934003,111.05922507165313,0.5666147154669219,9550939679355.33,0.04382543679349046,0.030509539825230865,526.3550817839067,257.56153520459895,11060816135074.355,15676.560547140392,1.8606086203751288e+23,45.944724574266665,48.26004251986125,
186,6.49275e+22,73.816,-0.00856635,10513.39,28.003,3637.781,39.96,-0.01812395,40.91,83.149,0.05775903,69596900000000.0,41688100000000.0,1.288059e+24,35.832,1942.544678,4.268,790.237,3291,11875,M2.8,2013-10-28 02:05:00,7.513991537935334e+21,38.341674052049136,92.21886203722963,61.48041595510367,101.26062425267577,0.3368271764692247,4866983714437.144,0.0027713615018429612,0.00557934635170574,496.6352210252822,24.61049675737402,2673121890171.7837,40781.05989329968,2.593676964358291e+23,34.33593871303756,23.97160158697014,
187,2.086651e+22,90.464,-0.01667421,14151.31,53.909,2316.558,64.099,-0.03253202,55.476,102.418,0.0041346,41278520000000.0,16320110000000.0,5.907007e+23,48.889,783.104919,4.722,524.087,3311,11882,M2.7,2013-10-28 03:01:00,9.55988492856532e+21,58.41443331270267,92.83984085726816,75.26366072174332,115.73276460705048,-0.22167340165048507,19781021193357.297,-0.06563349619976454,-0.04368220897019887,1293.8777303765942,532.8355850184859,16404355022706.58,19241.08073981604,3.226066802381325e+23,51.1084483168302,60.54653465346534,34.0
188,2.066821e+22,90.164,-0.01628366,14198.46,53.84,2280.064,64.048,-0.03144309,55.658,102.829,-0.04216063,40338150000000.0,16129800000000.0,5.838254e+23,48.909,777.813416,4.688,504.159,3311,11882,M4.4,2013-10-28 03:15:00,1.0191431315451323e+22,57.51013535684749,94.31392528743235,76.83663577735004,118.22130111789595,-0.4592497849884002,21154166975780.273,-0.06370077761699741,-0.0431980309742528,1395.4446522986839,553.1507866253071,18631863911376.168,18536.78381341937,3.245347436887677e+23,50.118150747939154,58.461655161951,34.0
189,6.354886e+22,71.496,-0.01244999,11389.1,29.414,3432.888,38.055,-0.02446153,41.613,82.058,0.01597014,59764540000000.0,53308610000000.0,1.297956e+24,35.609,2001.695312,4.52,1068.346,3291,11875,M1.5,2013-10-28 08:57:00,1.2495413670964569e+22,46.8115726525293,76.92708955265253,55.71479907939464,100.4721021632029,0.9155673641581175,9536224084342.783,-0.03136560111625955,-0.044620458385101015,890.355036850163,405.4661053454129,15659919915410.115,36724.1093017522,4.7122774609160165e+23,43.192188736783855,42.13413371972676,31.0
190,3.060243e+22,96.306,0.00548948,9904.365,45.435,2709.197,58.889,0.01437141,52.886,98.197,0.14415479,55255640000000.0,13531490000000.0,6.929756e+23,44.548,1734.726074,4.56,289.202,3321,11884,M6.3,2013-11-01 07:53:00,4.986609731595985e+21,60.50845326605663,99.91901491894917,77.92681889359625,108.61410806339256,-0.6063758533583311,15627096536721.186,0.10313265780655417,0.030502822985278948,831.9044906089542,281.8460843839775,13840905560559.09,13356.335151702575,1.6978625102229784e+23,51.35703705225365,57.866694525699955,69.0
191,2.546657e+22,104.319,0.00887811,9454.356,41.788,2187.338,62.131,0.02266322,51.388,106.175,0.30639312,46843250000000.0,16874110000000.0,5.441433e+23,42.703,1591.503906,4.463,384.75,3321,11884,M1.6,2013-11-02 10:21:00,3.123961951890178e+21,58.407860360354086,109.7696239088811,83.295694672401,122.45854722700898,-1.4515585785591048,9551833494985.56,0.17680727497338838,0.06874862597871499,535.8798704817526,349.5867631017657,16925330565545.777,13762.44239345198,9.820301729122994e+22,49.20836181895584,51.23766983063466,72.0
192,2.448997e+22,107.357,0.00906671,9905.681,40.504,2048.167,63.119,0.02064607,50.668,109.137,0.06327888,41207750000000.0,15668780000000.0,5.056984e+23,41.657,1546.179932,4.27,348.515,3321,11884,M5.0,2013-11-02 17:22:00,2.639362813107871e+21,57.54428347494687,108.36873605921843,80.88239467529098,118.1302077334459,-1.1156325578298893,7121018564451.095,0.17716134645419787,0.07369870439172908,438.5758404630572,309.60825714965387,14887631361935.574,13583.333577082994,7.848886342991254e+22,49.734956424199126,52.286830613652036,67.0
193,6.812365e+22,84.747,0.01179918,11418.89,32.891,5109.451,49.464,0.02227459,43.56,95.06,-0.12326556,87296830000000.0,35769400000000.0,1.376463e+24,38.147,2310.526855,5.036,1070.964,3341,11890,M2.5,2013-11-04 20:18:00,2.8414813848842613e+22,48.695256334396575,81.6795959041935,60.2539169269418,101.9298182846866,-0.19680523730141494,31767719113307.09,0.03142565638186977,0.026306282199017234,2421.9923611644126,748.0980531756521,24552456877390.344,20694.78912223522,8.082100516611903e+23,43.73156614891435,44.24456761995443,
194,6.261956e+22,90.432,0.01450903,11625.76,35.002,5338.963,53.716,0.02924642,45.059,98.704,-0.23258528,92522230000000.0,44987790000000.0,1.343332e+24,39.587,2495.5,4.993,1262.344,3341,11890,X3.3,2013-11-05 10:12:00,2.5322727975574867e+22,49.62459032413682,92.051034773267,66.91856685395423,110.08192915761262,-0.5128977592472401,36338811743786.27,0.05174486151986854,0.03959928248632149,2710.695203419878,1060.9439763735254,35534527157801.984,21209.711562161283,7.826603606652411e+23,44.7127403480281,45.63809112502699,
195,6.03102e+22,97.532,0.01074447,12339.08,37.403,5407.469,57.876,0.02117697,46.685,106.675,-0.02386012,94461160000000.0,16090250000000.0,1.38518e+24,40.691,2472.610107,5.044,908.208,3341,11890,M3.8,2013-11-06 01:46:00,2.006514514181893e+22,52.493730888997874,98.93683612218771,72.76078721971977,118.92884181888537,-0.42847901104598873,36420424784437.81,0.051878114328043505,0.033181496536752716,2557.7531048729847,794.4313900829335,13330386891358.613,20616.86968480377,6.797387860533614e+23,46.87309383909926,50.93450414887618,72.0
196,5.282262e+22,96.672,0.00950071,11384.66,42.139,4754.785,58.771,0.02179018,49.878,102.559,-0.00452604,92830230000000.0,19030900000000.0,1.244125e+24,43.376,2411.215332,4.949,781.766,3341,11890,M2.3,2013-11-06 15:40:00,1.4682368113877918e+22,56.55125471877956,96.53578943426227,69.05871176169283,108.99518470848327,-0.561980885582276,32973283237049.71,0.07346900559955526,0.03072760090159142,1923.9515824174462,705.3213510951294,19811448841314.324,15857.908590426008,5.020704781809408e+23,51.127453016814464,57.357382550335565,70.0
197,5.012922e+22,99.126,0.00615576,11827.7,44.918,4469.927,61.873,0.01358695,51.396,104.977,0.04735232,86386300000000.0,7960198000000.0,1.214755e+24,44.414,2397.383545,4.911,476.049,3341,11890,M2.4,2013-11-07 02:25:00,1.1990940548611833e+22,56.73099221034253,99.37877822124553,72.88052100600494,111.89878367135546,-0.49165050114394376,25778231841367.33,0.0677756401301669,0.029488713239922287,1570.2080609016225,546.042503063641,15369204169866.273,15183.19631668563,3.887206615889285e+23,50.25890407510049,57.63045959124391,72.0
198,7.354149e+21,115.705,0.0310364,9464.844,40.31,891.162,78.317,0.06708985,50.569,124.198,0.16743992,14816830000000.0,12226380000000.0,1.377014e+23,41.12,334.457428,4.135,340.004,3344,11891,M2.3,2013-11-07 21:28:00,2.1370114718363424e+21,56.53674130726825,126.31993818232272,101.12942351224319,147.81220074816545,0.4721202156335993,5983384781360.054,0.20044008430231428,0.10790032672034487,455.3894293422502,330.49870074441634,12837653006363.434,13044.40359774398,5.427466869259652e+22,46.12706487728819,47.27098627513565,27.0
199,6.800626e+22,94.599,0.01063088,7325.079,25.159,4205.372,49.526,0.0234771,40.134,101.809,-0.06945262,80763980000000.0,44585580000000.0,9.037824e+23,34.504,2325.502686,4.813,987.63,3366,11897,M1.4,2013-11-13 03:20:00,2.1063101329580866e+22,44.89040064641755,91.80489581939112,58.032925820014086,107.00538981423372,-0.12571370046023977,21987873114565.043,0.033852094446989466,0.023878807905795777,1350.5110390441291,530.1572931244779,27736715442783.97,13396.446908416776,4.13855937654977e+23,40.02847217770004,34.47253030693835,
200,4.75888e+22,73.802,-0.00344325,13879.09,31.247,2985.752,39.665,-0.00677817,42.86,78.377,-0.0338047,53640370000000.0,11225830000000.0,1.244402e+24,37.97,1295.758057,4.474,232.457,3376,11899,M1.0,2013-11-14 14:29:00,1.3221556554237982e+22,53.18330879033998,67.28718885127851,44.249397291731896,78.06799460977345,0.7605924338941635,11520419564932.729,-0.00601670151731131,-0.005564217266611726,711.9617477230956,73.73144299987199,5216706348588.286,27932.399636894002,5.088754181824004e+23,49.51307516115093,50.78728677649803,67.0
201,2.124208e+22,118.605,0.00264617,10822.97,40.214,2168.694,70.949,0.00530699,50.649,123.787,0.06776046,38589360000000.0,4175143000000.0,4.494558e+23,41.466,1078.886597,4.532,82.746,3364,11900,M1.2,2013-11-15 16:53:00,5.419073822141195e+21,55.286026920042815,121.01910530537496,82.62327592149511,135.28917648118386,-1.0940907045867865,13363494986973.777,-0.031672270601536656,-0.013898529272382913,742.7038940023873,112.84215916247688,4568589917091.431,14366.684396627805,1.5994420257605946e+23,48.39562950437657,51.07956578790409,31.0
202,2.289123e+22,114.676,0.00302054,10145.34,38.567,2237.18,69.06,0.00669932,49.882,118.584,0.05143031,40399950000000.0,3625972000000.0,4.777014e+23,40.87,1069.658936,4.625,107.093,3364,11900,M1.6,2013-11-15 19:49:00,5.153529284692506e+21,54.483512017688405,117.09684097885008,84.99939331215857,132.48494047274215,-1.6573765446244901,11888958054039.451,-0.023524943049485325,-0.010212640989336427,711.4051720496138,76.39055460023647,6375801412928.7295,15817.405197237618,1.654238876558781e+23,47.07414496879652,49.48571428571429,32.0
203,3.460742e+22,115.912,0.00415025,9947.533,34.512,3381.679,66.078,0.00832795,46.69,124.349,-0.00739162,59883680000000.0,9475982000000.0,6.463367e+23,39.043,1416.452637,4.939,203.038,3364,11900,M1.0,2013-11-16 17:10:00,1.4585569466501202e+22,53.98901936407813,113.83608402458388,73.8413306290803,130.1867368387686,-0.09017370647585413,30677520997630.574,0.0008498598018705843,0.00044744439642618346,1787.96704041347,9.035244697033923,936115384511.3094,14666.296886822907,4.040800159607625e+23,46.94923081878326,49.14200327774029,43.0
204,5.843134e+22,84.807,-0.00510219,12931.96,25.544,3500.467,41.994,-0.00925706,39.638,89.779,-0.13581882,65183600000000.0,10277950000000.0,1.372701e+24,34.909,1843.572021,4.281,407.803,3376,11904,M1.0,2013-11-23 00:57:00,8.765875933649195e+21,45.288823877768344,88.27122690605562,49.48395324576659,104.58393279206479,0.2748300065982564,5963869063063.84,-0.006989370645761281,-0.011354953730374042,455.77382871320435,72.44460479978639,1997862891373.785,40968.85425019998,3.669849676631935e+23,39.98014047711252,39.59970348406227,
205,1.584608e+22,104.907,-0.0012075,4628.795,15.565,870.396,44.584,-0.00342744,34.817,104.826,-0.04040652,17903470000000.0,3493421000000.0,1.52175e+23,28.926,598.593811,3.72,29.891,3437,11909,M1.2,2013-12-06 19:29:00,1.3476909522961634e+21,56.08525992860248,77.61841813341893,51.386932416118356,78.6229938343535,0.09909736232407279,602168956683.9285,0.006032575524066393,0.006232104770641785,41.058579469684695,7.752738334678381,62925744938.22873,26727.98148089251,4.745806435358998e+22,48.8743451736089,64.02393418100225,20.0
206,4.37449e+22,99.43,-0.00201186,8503.596,27.835,3251.237,53.596,-0.00415497,42.082,105.857,-0.04229635,58500480000000.0,5066908000000.0,6.933653e+23,34.802,1490.151855,4.835,123.52,3497,11928,M1.9,2013-12-21 20:11:00,1.5317688183756853e+22,46.735991004061994,109.8318016504354,72.04607711359654,126.62849415006326,-0.15809483656805845,22063893464800.83,-0.023315674250766243,-0.017019062821281506,1421.6869141760194,283.23124347176685,9351423734136.871,15237.630361249985,3.4854904367565794e+23,39.94815133292701,36.64653971202972,
207,4.36838e+22,100.732,-0.00212868,8578.585,28.419,3329.916,54.415,-0.00431839,42.176,107.454,-0.05431243,59279370000000.0,3313910000000.0,6.910037e+23,34.897,1486.400513,4.844,129.111,3497,11928,M1.1,2013-12-21 20:37:00,1.5358723694294087e+22,46.119191158956305,111.99431688483942,73.39727372770751,128.7712744098373,-0.279056147770893,22296156516613.6,-0.027204684047048667,-0.020428507869722775,1473.574648730031,334.21038874866457,10764704080439.156,15286.089708445146,3.428162307920552e+23,39.18005174396991,35.89151418250726,
208,4.68627e+22,92.646,-0.00107516,7391.963,21.127,2799.127,44.387,-0.00247898,37.254,96.987,0.08908893,55764090000000.0,3540663000000.0,6.60036e+23,32.221,1525.538452,4.242,72.286,3520,11934,M1.6,2013-12-22 02:38:00,5.631623899156929e+21,42.37813319545632,104.28693359249395,60.64656775056745,117.97635043888171,-0.09650332686854189,7013946354341.881,-0.04229581958790059,-0.02665660788904987,439.83468118816535,163.9381385176567,8129503700507.924,10961.938001112296,9.384044515338209e+22,37.53949896508046,29.304995345950978,
209,4.41223e+22,101.098,-0.00419637,8612.616,25.582,3402.249,54.503,-0.00808731,40.604,108.117,-0.18167126,57569300000000.0,9796006000000.0,6.695879e+23,33.654,1422.005371,4.797,245.66,3497,11928,M3.3,2013-12-22 03:12:00,1.6180820070244171e+22,43.62842509869417,115.65831067098027,76.00073355401472,134.050966749354,-0.4352088608724582,23394461238245.395,-0.02579926172821907,-0.02224389827875989,1673.4350082840085,352.8104705994106,12083663689062.64,15940.990006177159,3.460925885414407e+23,37.054061066000706,31.649131392219232,
210,4.435822e+22,95.397,-0.00784186,9282.595,24.466,3507.474,51.807,-0.01501096,39.421,104.274,-0.24337816,55909330000000.0,10883790000000.0,7.106176e+23,32.901,1418.634155,4.851,452.029,3497,11928,M1.6,2013-12-22 10:08:00,1.8752615677471509e+22,44.9387124440028,108.05620981371231,73.21990561436105,130.2629305314713,-0.28855438280275636,27378342719910.164,-0.03429926104311135,-0.029285586730571547,2069.9772922605703,546.5861907393873,13082753035147.27,18548.7857611217,4.739258115413108e+23,39.169645618304806,35.027808098134,
211,4.290829e+22,96.836,-0.00552346,9539.0,24.516,3371.298,52.496,-0.01055309,39.427,106.291,-0.27375427,54641430000000.0,7734192000000.0,7.031111e+23,32.931,1407.642944,4.87,306.563,3497,11928,M1.3,2013-12-22 12:03:00,1.9824788125139237e+22,43.18455039415253,108.97585173017671,73.1031719084584,130.45217261451114,-0.14677423291332484,28806754424357.68,-0.024682013413881567,-0.020862923439438415,2108.864257477351,409.0384769536295,9136119239703.62,17869.67398112885,4.789060348006989e+23,37.63776331332782,31.724479682854312,
212,4.490829e+22,94.551,-0.00789428,10173.93,25.356,3816.438,53.316,-0.01423807,39.73,107.14,-0.06974606,56057410000000.0,8437123000000.0,7.671651e+23,33.322,1412.060791,4.798,448.221,3497,11928,M1.6,2013-12-22 21:06:00,1.8256513217099062e+22,41.67899749133499,117.21878345647929,79.90996385967146,148.6676084539807,-0.44222096873560907,28937789853945.95,-0.037859499142561565,-0.03516825990741134,2411.1870438872897,601.4827491964562,15346954432045.826,19419.821938979218,4.53162747794908e+23,36.681305810206126,28.029138922087533,
213,1.407989e+22,129.448,-0.00615359,4837.675,26.479,1518.667,71.954,-0.01737583,45.935,132.888,0.46024522,29917990000000.0,6780636000000.0,1.477411e+23,35.337,1064.960815,4.261,141.502,3535,11936,M3.1,2013-12-28 19:56:00,1.7911327922552352e+21,62.0974275987841,107.685348922881,75.50479190219636,115.85130093261506,0.25194446288455064,6951269917921.722,-0.2286437632944819,-0.053176989216554296,348.5538694057372,220.84403621635,7368403352602.656,8314.526117709513,4.767959500029308e+22,54.500310293637774,59.51829550717925,60.0
214,3.000006e+22,120.218,-0.00233276,8780.479,37.644,2920.456,73.232,-0.00503055,49.395,125.353,-0.00380227,55750560000000.0,1590528000000.0,5.213106e+23,40.89,1648.857422,4.584,104.288,3535,11936,M6.4,2013-12-31 09:58:00,6.590576969124678e+21,58.74665718308119,107.92021877640703,77.42541421234245,121.86860472570136,0.1054347928577164,14376440147807.826,-0.027221270360638806,-0.014587698994944342,827.622870192944,139.40005159568813,4606813562967.354,14655.101447125715,1.9357520691379087e+23,52.23962469473355,57.74180575105569,57.0
215,3.827999e+22,107.022,-0.00274411,6572.21,31.876,2926.644,58.159,-0.00697897,45.123,110.768,0.07806408,60192220000000.0,2416398000000.0,5.309528e+23,37.785,1637.85083,4.562,166.924,3535,11936,M9.9,2014-01-01 06:52:00,6.526631800131243e+21,55.04438778225931,105.85262605533056,68.28912629747876,116.39579168152981,0.5567075655701125,12090617797894.174,-0.028460726263864883,-0.013887260795846571,591.2452456063027,134.26203737424464,3574792102351.599,11113.025519658857,1.5005054167141867e+23,47.095448020802664,48.785285728336774,63.0
216,1.192346e+23,76.457,0.0073043,9804.881,29.598,7361.323,43.083,0.0149701,42.273,85.355,0.04133052,140241500000000.0,45651920000000.0,2.18973e+24,37.303,3572.044434,5.016,1228.313,3563,11944,M1.1,2014-01-03 09:14:00,2.7446600273467437e+22,47.36965131564484,74.44950022956509,50.04043927308515,92.89668270965484,-0.11008707642286375,25583482258311.13,0.01392639396986166,0.0122977615514417,1685.529800323791,324.746989288921,14902124810667.523,20986.73267322168,7.661544851557352e+23,44.06538717730685,44.2213248935938,
217,1.14528e+23,87.525,0.00831095,11905.77,32.093,8017.519,49.578,0.01453316,43.366,95.543,0.0672586,145313200000000.0,43178120000000.0,2.356481e+24,38.641,3802.700439,5.118,1238.598,3563,11944,M1.3,2014-01-03 22:25:00,3.7252791949863636e+22,47.15842026005366,88.94172893650597,55.7467519496925,105.26509525149514,0.07634121371796548,44993722069889.82,0.0008757217147157231,0.0006257827818800885,2652.3997471017883,25.439947431771238,1578088981142.956,16060.262087926474,8.992620433796248e+23,42.92238446666766,41.23381243774015,
218,1.14528e+23,87.525,0.00831095,11905.77,32.093,8017.519,49.578,0.01453316,43.366,95.543,0.0672586,145313200000000.0,43178120000000.0,2.356481e+24,38.641,3802.700439,5.118,1238.598,3563,11944,M1.3,2014-01-03 22:25:00,3.7252791949863636e+22,47.15842026005366,88.94172893650597,55.7467519496925,105.26509525149514,0.07634121371796548,44993722069889.82,0.0008757217147157231,0.0006257827818800885,2652.3997471017883,25.439947431771238,1578088981142.956,16060.262087926474,8.992620433796248e+23,42.92238446666766,41.23381243774015,
219,1.037538e+22,104.164,0.00969729,11435.48,52.209,971.81,72.718,0.0222129,58.471,105.514,0.20623684,20897230000000.0,4671567000000.0,2.656632e+23,48.824,476.477997,4.284,169.635,3580,11946,M1.0,2014-01-06 15:53:00,8.605391564522294e+20,69.0549602389094,92.75181235649721,70.03743514694318,94.6406101733808,-1.6356465917834553,3531000640951.2007,0.10362920414927852,0.0170336080499552,109.81459354603116,41.9367430189897,2519613650026.8535,11582.150365096866,3.9838364101402065e+22,61.10897191313198,72.08494208494209,28.0
220,8.911316e+22,90.145,0.01461151,16180.53,51.374,7255.42,56.758,0.02734402,55.546,96.444,0.22041327,143549800000000.0,69488650000000.0,2.969316e+24,48.603,4484.016113,5.021,2018.989,3563,11944,M7.2,2014-01-06 22:13:00,1.2374481910273055e+22,61.96878728933616,92.02069990239448,70.50484088255092,106.51516727729451,0.14324309569636542,32762113653883.812,0.09347253077908824,0.03226570944588848,1699.5821565994347,711.5879561196246,35494567224706.67,16737.231955043004,5.1008302670307064e+23,55.01178903167761,62.69391668119226,71.0
221,8.356698e+22,66.35,0.00668792,10045.12,29.126,3867.636,34.181,0.01439864,41.669,71.866,-0.15621939,68547690000000.0,30915300000000.0,1.565878e+24,33.275,2438.747314,4.631,784.995,3563,11944,M1.3,2014-01-13 09:51:00,1.5654187696922477e+22,40.34339664886784,72.21275440229816,48.44271800744228,87.83603057562611,-1.1587083114346914,11142270169755.754,0.02002355041788529,0.024708552486236865,910.7130287341612,303.7916528182823,11295789323136.281,19222.259122117994,3.334468037604636e+23,37.10263428666998,28.977185729597306,
222,3.260094e+22,101.29,-0.00077847,4284.327,16.877,1949.717,45.226,-0.0023395,35.474,102.907,0.04398523,41968160000000.0,2920710000000.0,2.929949e+23,29.768,1203.12561,4.399,40.087,3688,11968,M1.1,2014-01-31 03:42:00,3.6213257335669926e+21,48.42328395525475,100.38117428029231,62.59361545122063,105.95072834165609,-0.4936587195177806,3354446480569.7715,0.0010298174896421258,0.0008071429769771516,219.32776233510907,2.849214708729345,890000303708.5953,15980.794564302018,8.190031161658604e+22,42.72524169388356,42.2130085514382,69.0
224,7.761338e+22,103.006,-0.00985917,14802.39,37.541,8750.118,61.261,-0.01829618,47.184,107.919,0.13978811,139804800000000.0,35153650000000.0,2.185799e+24,40.79,3150.476562,5.235,1096.211,3686,11967,M3.0,2014-01-31 19:23:00,3.068180310131038e+22,54.56825725910556,105.92521007399056,80.6713199856444,119.32718755778848,-0.1562203922337557,58422276991699.76,-0.04779745376920348,-0.04529906961586919,5016.5204358489655,1450.2044146824364,45427244455508.125,32321.403157444325,1.4296780746640805e+24,48.8680598648252,54.84732939021827,23.0
225,2.269277e+22,115.638,-0.00789854,6225.968,31.414,2093.512,64.122,-0.02352642,46.084,116.961,0.13248533,44946440000000.0,11110480000000.0,3.188693e+23,37.457,1506.862915,4.471,304.591,3688,11968,M2.6,2014-02-01 18:34:00,3.135427458834986e+21,59.58741321063338,114.75500703114001,83.21407593025768,127.14859115305843,0.25073557878041713,9452963177006.32,-0.09672806307701695,-0.03203759878217718,495.79316207236917,182.87061384866732,9852225652649.059,12228.062240677866,9.777746512212393e+22,49.70746567285185,54.54243481149311,74.0
226,7.580766e+22,105.544,-0.01795918,21969.38,45.663,10731.294,69.597,-0.02528252,51.917,116.272,0.23341063,145249300000000.0,50858510000000.0,2.881715e+24,45.038,3595.375488,5.436,1773.792,3686,11967,M2.2,2014-02-01 20:20:00,3.4972944837673117e+22,58.088955033092546,109.98298016813654,89.52946922451913,135.55438315586738,-0.13672657321049805,70657239446027.92,-0.0505359117869321,-0.060496640902528355,7027.599051745291,2059.850126090188,68539073787161.56,44492.994411798434,2.0739530618031835e+24,52.65862210508874,60.822245648024165,24.0
227,7.659655e+22,102.723,-0.02001571,21174.04,46.074,10506.119,68.508,-0.03060017,52.451,111.491,0.24687168,146224100000000.0,58722010000000.0,2.948866e+24,45.572,3601.178711,5.409,2098.947,3686,11967,M4.4,2014-02-01 21:31:00,3.591945998441912e+22,58.17655175218056,109.9197326729357,92.11532315750623,131.94540251028417,-0.07577243380931162,73749228218505.17,-0.05553104869527769,-0.06418226309519434,7038.722266320655,2270.126645677024,74013907148999.72,44123.75760677164,2.1335053800197353e+24,52.71514906509669,60.188414952346946,24.0
228,7.497583e+22,102.391,-0.02465606,23106.83,48.322,10570.379,71.255,-0.03595712,53.702,113.037,0.29748288,146066900000000.0,63366080000000.0,3.062214e+24,46.507,3611.464844,5.416,2460.329,3686,11967,M1.3,2014-02-02 02:06:00,3.938420765063646e+22,57.53404658680625,108.59142042162033,92.25955966757137,134.387370618251,0.08598400601661293,82386156058012.77,-0.06406863335938504,-0.07055213607089894,7572.04935575883,2755.413674248958,78407769722335.16,43016.4454805368,2.2846526244478571e+24,51.730041559877556,58.76675335067013,25.0
229,7.287526e+22,101.362,-0.0202835,22456.86,49.543,10182.396,70.62,-0.0334201,54.566,109.858,0.23894006,145589900000000.0,55007600000000.0,3.104855e+24,47.104,3793.724121,5.414,2111.533,3686,11967,M1.3,2014-02-02 10:04:00,3.212227517911135e+22,61.87803723180217,106.67988317040427,91.32741061619495,125.97863856385561,-0.3356532882317579,78972913176551.58,-0.0802936328684018,-0.06115023423872685,6468.60715274676,2397.4560835635248,68837365529494.84,42230.74946697217,2.255766230205798e+24,56.09384342111042,66.41058153700803,25.0
230,2.226355e+22,111.249,-0.00574168,6989.628,37.318,2036.046,67.113,-0.01668494,50.475,112.15,0.12590982,46149940000000.0,15787730000000.0,3.649986e+23,40.741,1624.029419,4.467,225.757,3688,11968,M3.8,2014-02-03 13:23:00,2.4929601604668086e+21,56.66631269967827,115.70314525606135,76.24377348086165,122.84745754438062,0.06171240169862454,7693415359226.612,-0.032323978887614103,-0.007626394161427942,329.2427844760549,37.2015507194455,3925607138280.788,8639.002720736442,5.931530035762539e+22,47.244254669689305,50.44487427466151,61.0
231,7.218475e+22,99.104,-0.02926943,23529.43,52.522,9501.064,69.646,-0.04591113,56.183,109.441,0.24706797,135985600000000.0,96938530000000.0,3.12953e+24,48.477,4015.615967,5.38,2931.274,3686,11967,M5.2,2014-02-03 16:00:00,3.2142526104476194e+22,60.31363986761633,107.42973833228442,91.3987384552184,134.0369337064345,-0.32855218383121343,70810738604242.53,-0.0951292131869854,-0.0852797534038227,6050.062325056993,2935.414391912981,99115255713882.14,46667.42378031903,2.1889442224959382e+24,54.81118198438661,64.88009286786149,26.0
232,7.329271e+22,100.381,-0.02785115,23992.34,52.779,9619.87,69.948,-0.04048457,55.78,110.515,0.23763637,133307300000000.0,98732140000000.0,3.11995e+24,48.242,3988.041016,5.416,2727.101,3686,11967,M1.4,2014-02-03 21:49:00,3.1264587566292744e+22,60.57159574940323,106.44974044606589,89.49038516613187,131.36379460288086,-0.42471466635404764,70557514111508.69,-0.08966153365883531,-0.0759233675908287,5908.646047743124,2655.343858121643,99991201609842.16,44952.89227328218,2.1447015679941744e+24,54.67806337002892,65.8204592901879,27.0
233,7.262597e+22,103.092,-0.02908191,24393.48,51.286,9849.94,72.274,-0.04092702,54.854,114.633,0.33096862,137383800000000.0,99633860000000.0,3.053611e+24,47.136,3923.679932,5.339,2741.173,3686,11967,M1.5,2014-02-04 04:02:00,2.9545942578283445e+22,61.30474713155085,105.35967981846942,92.08877991501576,129.51821500197732,-0.19911778261639798,71075100914900.56,-0.09611824498950172,-0.08188149657616221,5976.40358522435,2748.516195572037,97092159836696.03,45057.61605569658,2.0667619738633015e+24,55.42373655475315,67.72633834216393,28.0
234,7.454247e+22,105.453,-0.01676409,20227.21,43.577,8925.011,66.965,-0.0251305,50.77,114.02,0.34829468,127191700000000.0,46698110000000.0,2.654431e+24,43.578,3707.435547,5.19,1656.493,3686,11967,M1.3,2014-02-05 04:20:00,2.3997766791648086e+22,61.94672373709368,107.59100865668245,93.83315859466518,129.18584674768454,-0.023992543122642766,54167089151790.99,-0.06637168569009652,-0.06191421254636084,4897.449850331815,1647.537195858662,50017446797914.44,48551.18348717965,1.77301908807555e+24,55.86738542957439,67.11397192523093,24.0
235,8.500267e+22,105.566,-0.01331944,15569.08,27.925,8365.288,58.319,-0.02181479,41.401,112.265,-0.067109,122095900000000.0,38880180000000.0,2.267376e+24,35.374,3278.557129,5.255,1460.57,3686,11967,M1.5,2014-02-06 11:05:00,3.06723540827836e+22,52.62913541413611,103.55445031862334,84.56693822158047,124.28169754914364,-0.028945786980805417,52337713965217.96,-0.04360128163686055,-0.048949928438734816,4762.408248304346,1411.177486960286,42995243702489.56,40386.94434359892,1.5944801833108672e+24,46.84059766354504,52.623789020452094,24.0
236,8.909525e+22,101.927,-0.01393764,14612.52,25.83,8108.687,53.814,-0.02384461,39.891,109.603,-0.22017729,121468700000000.0,37587050000000.0,2.25124e+24,34.445,3162.316406,5.262,1616.836,3686,11967,M2.0,2014-02-06 16:56:00,3.1973556609713137e+22,51.79466554276336,97.13149589564263,77.53944761002106,122.57457158901599,-0.2810902479462247,49015270106846.78,-0.046259677276627706,-0.05367220713352216,4452.538413508986,1568.4092368557845,42119252297520.97,39886.415057501465,1.5942655498490138e+24,46.67262765630443,51.005083563145824,23.0
237,6.312e+22,91.869,-0.00950679,7694.862,25.363,4378.192,50.279,-0.02224768,40.53,98.23,-0.01189598,84699360000000.0,39669560000000.0,9.336798e+23,35.025,1991.686646,4.811,868.559,3688,11968,M1.9,2014-02-06 22:29:00,1.2706978852764194e+22,53.4212531230129,97.93164761069025,69.23588072763171,114.63417970824918,0.0020470667013244787,24220989654885.977,-0.07567887560364628,-0.0357420853691961,1377.9552187343354,624.8431364242862,27687358424164.64,16047.53125837191,3.8642605743740226e+23,48.004520663796036,49.32715640855945,63.0
238,2.042829e+22,108.218,-0.01482112,10757.0,46.009,2610.22,74.176,-0.03787841,56.374,114.306,0.0680243,46888290000000.0,17527010000000.0,5.109306e+23,45.212,1389.693237,4.776,530.063,3721,11974,M1.8,2014-02-11 04:51:00,6.938005331855183e+21,59.58694053073162,115.55156784107812,91.14770071061076,132.71319724408644,0.30288121766850545,22115525552980.934,-0.14891866383693383,-0.05966659276955493,1451.4629642138416,704.1851278662873,25828765975936.938,14761.749616692836,2.3668215985758066e+23,48.7673587776099,51.329412739170046,14.0
239,2.32301e+22,108.12,-0.00288389,9912.445,48.115,3100.672,73.982,-0.00805708,57.79,114.662,0.20955656,57937200000000.0,4599365000000.0,5.640186e+23,46.321,1587.962646,4.853,123.549,3721,11974,M3.7,2014-02-11 16:25:00,9.341343478954993e+21,60.50894679546518,112.27239831138753,85.99515121518824,128.83308116215264,-1.009454914723588,29587421704925.188,0.007541789677049783,0.0027406119811386317,1782.639846896688,45.52430561869381,8590239950619.591,13146.607775376953,2.966505521179838e+23,50.264705247639,53.975634159260785,
240,2.508721e+22,115.847,-0.00252736,10408.99,47.493,3496.375,79.067,-0.00635255,57.716,123.0,0.26746684,64545520000000.0,5981666000000.0,6.035797e+23,46.028,1627.65918,4.952,110.342,3721,11974,M2.3,2014-02-11 18:58:00,1.222927496940499e+22,60.2526069015857,119.3648558960983,88.63512693021393,132.9175756389301,-0.05856897836215625,38628895934133.836,-0.008163706656959315,-0.003269927764338559,2292.9510503922047,69.24726026539767,3016912715130.5684,12109.943438205806,3.458389630197258e+23,49.527674560254475,52.65066964285714,
241,2.609281e+22,115.742,-0.0074348,10223.6,47.296,3754.629,81.795,-0.01885306,58.159,120.636,0.23677976,69548150000000.0,10964560000000.0,6.21831e+23,46.198,1591.744751,4.931,340.499,3721,11974,M2.1,2014-02-12 03:51:00,1.0971699567838554e+22,61.39328111554967,117.19319044074759,90.6312954726295,128.59516346274404,-0.37633760877948247,38534663025031.66,-0.04856428177691012,-0.017970981016285408,2201.888787792994,356.2207857048093,12619146287467.91,12405.007350591732,3.343149122847972e+23,50.104645252097725,53.8215148080619,73.0
242,3.060011e+22,111.488,0.00267573,11519.74,48.223,4217.745,78.367,0.00661419,57.869,120.037,0.14456038,77231700000000.0,4719713000000.0,8.154218e+23,46.957,1728.889771,5.074,142.608,3721,11974,M1.0,2014-02-12 20:12:00,1.542055904864408e+22,62.313942057694284,111.70856317276552,85.77868129313855,126.42890353475968,-0.33850437380364073,51332538643527.164,-0.0009515526238203593,-0.00034696172787285966,2860.0323173820625,9.981048025718554,4990284759795.839,13979.884337501742,5.4071333555065865e+23,51.654858872604,55.97788765279495,69.0
243,3.502129e+22,107.409,-0.00237666,12444.32,48.681,4435.644,75.772,-0.00565472,56.557,116.597,0.09233949,83548890000000.0,17854810000000.0,9.867871e+23,46.938,1879.090332,5.141,141.903,3721,11974,M2.3,2014-02-13 14:57:00,1.6278042561651428e+22,61.71036960399929,109.59868807266602,85.10188223256367,123.89299457566017,-0.34531781385231874,53937281341903.31,-0.030471535555578036,-0.009774669803789798,2867.7388147380057,302.40873438964877,20946633040858.766,15029.418797581659,6.309271114337855e+23,52.42130298981131,58.386586523252134,72.0
244,4.086998e+22,108.265,-0.00186773,11826.73,50.233,5274.223,73.687,-0.00434207,55.487,119.449,0.20073909,99415150000000.0,16330000000000.0,1.078937e+24,47.417,1891.605225,5.163,128.298,3721,11974,M1.6,2014-02-14 00:40:00,1.900074820159716e+22,61.25063934847538,116.03192679139428,87.97658564235188,133.13451603435615,-0.016866328368433072,66172332941241.8,-0.007558574198577303,-0.002693347679214647,3596.5005598916437,94.90818552016574,11238675708817.105,13672.024450135128,6.51583824955852e+23,53.21440238540041,59.81998550966951,64.0
245,4.13811e+22,107.392,-0.00047398,11691.7,50.143,5216.091,73.333,-0.00110637,55.518,118.736,0.20196429,98498590000000.0,12434350000000.0,1.081757e+24,47.525,1874.564819,5.172,33.02,3721,11974,M1.1,2014-02-14 01:28:00,1.8065049873856074e+22,61.17260862725499,115.2313061617396,89.2779050798026,134.7896861950059,0.11414049629688147,61709866075816.55,-0.0015556471363079123,-0.000571778931563219,3445.5480938922833,18.70917841968009,8130688648986.665,14344.216437201074,6.38014310613275e+23,53.34956205469075,60.02627493132688,67.0
246,4.33096e+22,110.688,0.00139623,12110.12,49.599,5487.7,74.711,0.00306055,55.339,122.367,0.18602273,100771100000000.0,6893329000000.0,1.1238e+24,47.19,1961.252197,5.222,97.56,3721,11974,M1.0,2014-02-14 04:39:00,2.034274765347096e+22,60.81222781094651,115.36477265216986,87.36454323661557,134.52931809836224,-0.035126656197563624,65537012912286.46,0.010718287908719459,0.004175873631757548,3705.1733409783124,149.5088036378155,2320908048988.543,14310.411901250414,6.935632901353978e+23,52.83878217842154,59.13574834219324,65.0
247,1.839131e+22,101.721,0.00314119,7664.422,40.976,1594.424,61.364,0.00951046,52.255,103.554,0.41008344,34648570000000.0,9557038000000.0,3.409862e+23,42.398,1359.225342,4.123,105.227,3740,11977,M1.1,2014-02-15 21:26:00,3.9135060495013e+20,72.71537886301273,77.04869916592833,59.26612703228185,77.02987026388188,0.4172203776578975,2321525665798.793,0.2743457279992736,0.015758413553028656,60.60147713990397,28.759104734277297,2775866656806.296,5925.647542076055,1.581773637629035e+22,62.19633196025702,70.0,26.0
248,2.066901e+22,80.005,0.00480715,5873.367,16.606,1034.362,35.221,0.01111276,32.922,85.08,-0.37200096,18521800000000.0,5516185000000.0,2.250872e+23,26.749,513.859985,4.06,138.71,3730,11976,M3.0,2014-02-19 19:56:00,5.408564678835151e+21,43.027942491489114,70.19677486020564,50.10745487968529,80.14509737479634,0.025079813298619167,2960417633116.167,0.01715725706256807,0.024873791316004527,320.331112049793,96.08745585372549,49797207631.86036,21101.134134723776,1.1467107539032739e+23,38.78531798221493,36.63245356793744,15.0
249,6.847849e+22,100.608,-0.00106116,4973.911,25.276,4873.918,50.944,-0.00316204,41.086,102.816,0.04322308,101073900000000.0,6278510000000.0,7.459741e+23,34.074,2644.739502,4.639,119.835,3766,11982,M1.1,2014-02-26 03:01:00,9.186228838993001e+21,54.070305895947094,100.0662282527761,63.985381604899246,109.05595356270932,0.035504246681941215,19453134927419.516,-0.005363260241369955,-0.0018157065846095988,996.7030463990629,28.441227941324755,11153916795320.473,9123.104871334357,2.003604140662983e+23,47.447332894997565,48.40660337425168,
250,1.684538e+22,81.375,-0.00089007,10920.19,37.49,1049.419,47.426,-0.00166668,46.057,92.55,0.01567434,18864160000000.0,514307200000.0,3.248269e+23,40.357,571.802002,4.385,19.936,3804,11991,M1.1,2014-02-27 12:48:00,8.698692786656674e+21,42.256575768396985,88.30637662196925,56.427367307637205,111.65925702347158,0.24650838000140765,7403240351874.556,-0.002454269141185315,-0.00251848428399777,538.093922355598,18.563747657347562,1120322659189.3254,15413.86090698571,1.585014368852939e+23,36.79267338311789,28.477334366524605,63.0
251,1.189075e+22,77.092,0.00064709,908.2211,1.098,409.511,26.697,0.00253154,21.574,78.739,-0.03054287,9071068000000.0,1859198000000.0,2.28579e+22,16.555,133.71756,2.101,12.262,3779,11986,M1.1,2014-03-02 11:19:00,,,,,,,,,,,,,,,,,
252,4.207103e+22,113.742,-0.00157367,4332.288,17.414,3182.715,53.616,-0.00477733,37.162,115.561,0.22253859,66015190000000.0,7798576000000.0,3.899069e+23,30.247,2387.836182,4.366,106.644,3784,11989,M1.2,2014-03-03 03:58:00,3.640157169481944e+21,55.35640070406784,106.74801371792744,77.91739548210093,120.73735302425135,0.9284458607358737,7289177832779.318,0.08883414524899898,0.05079687082253378,448.26204210059154,242.09788634019597,9321677917537.422,16607.926995686845,1.107655558060113e+23,47.504496971360645,53.12624452409399,16.0
253,1.622385e+22,114.304,-0.01995786,9752.856,41.478,1678.427,73.577,-0.04498739,53.42,117.256,0.34450904,32047960000000.0,22465780000000.0,3.390892e+23,42.542,874.313965,4.401,522.477,3804,11991,M1.0,2014-03-04 14:10:00,3.52183831111634e+21,58.239631011104414,127.59807572165134,95.97223564734323,144.61998499863742,0.19104651021673344,11569423633162.113,-0.20356258665142085,-0.08352715328370752,779.9038160530432,490.4714440819306,20261741610140.227,12574.948954836178,1.008351237584068e+23,46.5270873618517,47.383239483272604,54.0
254,9.684234e+21,100.005,-0.01607199,4486.202,11.189,649.098,53.718,-0.03320286,34.213,109.547,-0.11606306,10463400000000.0,8493673000000.0,7.348443e+22,27.341,245.370117,4.01,198.232,3836,12002,M1.0,2014-03-09 01:58:00,2.0582368524728475e+21,35.99771667038982,116.45788354665646,60.519333324637515,142.27338841317334,-0.8714075503373309,2729845949942.698,-0.10571264908338976,-0.06236603997293779,199.632130244182,139.32573329954303,5803256683992.455,7967.8574377101795,2.490924385908615e+22,32.90410237707062,18.60662701784197,41.0
255,1.222913e+22,110.709,-0.02101888,5192.68,15.006,1061.052,56.825,-0.0443428,35.558,121.908,-0.03993079,17137450000000.0,15194230000000.0,1.097447e+23,29.16,382.707367,4.357,334.494,3836,12002,M1.1,2014-03-09 12:26:00,5.813069279036076e+21,35.98822713215506,120.1418299281154,69.63063694687433,138.28442172760674,-0.1525497844163639,8363059385622.08,-0.06339112218449788,-0.03929490067082741,599.8618032948336,248.85460594834998,10251931218372.86,7833.368268583938,6.8400111872881e+22,30.697012214326723,16.28897338403042,48.0
256,1.391778e+22,108.273,-0.01726358,5733.154,18.71,1227.013,59.467,-0.03848157,38.0,120.955,0.03565465,22325910000000.0,17435370000000.0,1.454404e+23,31.851,440.833069,4.353,329.769,3836,12002,M1.0,2014-03-09 16:08:00,6.846249361562064e+21,37.929871108928175,114.44221641162169,67.98045107991845,131.47817974323473,0.03943691338475199,9644296807974.385,-0.05659017982124999,-0.03541346676444179,634.4403552330568,268.0091164732955,13178759568309.855,8129.045985200723,8.46169640404148e+22,32.78294108955912,19.086501658586375,50.0
257,1.637175e+22,106.591,-0.00679076,6575.993,24.963,1462.159,61.499,-0.01537837,40.879,115.455,0.01031151,27825410000000.0,10068110000000.0,2.032568e+23,34.604,561.391418,4.56,158.048,3836,12002,M1.7,2014-03-10 03:28:00,8.854641509524911e+21,41.804374434603815,111.90461150103103,68.51505290420229,122.67982319696712,-0.12553955083358168,13278292758781.934,-0.023750426285377466,-0.014026501327971208,756.7487780470148,146.01587882418028,7385512967566.591,8242.574682288901,1.1833172246534924e+23,35.88898682452425,26.799259944495834,52.0
258,2.547374e+22,108.947,-0.00960943,5100.991,16.398,1889.669,56.358,-0.02234425,37.173,114.281,-0.34232357,35515120000000.0,15652880000000.0,2.404417e+23,30.637,908.63092,4.45,341.067,3813,11996,M1.4,2014-03-10 11:00:00,6.534215570765902e+21,42.085366482568695,126.8046861876472,75.02435709792553,141.57035557671836,-0.166123520569727,11428689990593.025,-0.05841216458006544,-0.03218821861517278,659.6936058746769,247.591777587909,12448911138827.45,9256.224331352694,9.958294916796758e+22,35.794708871703854,26.144920380199977,58.0
259,2.776294e+22,103.44,-0.00892827,5780.157,17.451,2001.542,54.416,-0.02017436,37.592,110.154,-0.37280554,36763570000000.0,16106580000000.0,2.944171e+23,31.283,939.806641,4.515,342.426,3813,11996,M3.5,2014-03-10 15:50:00,7.391874447027097e+21,43.3836497736511,116.88436958051432,72.52915614607845,136.07257146900145,-0.44575050173106856,11321749743513.611,-0.05869718485293661,-0.03548225896156418,725.7999130589607,299.115443045986,13668983082287.574,11612.468164000411,1.358821222588138e+23,37.2783803177634,29.724208375893767,51.0
260,3.801079e+22,71.242,-0.00532671,5637.038,19.301,2210.187,40.289,-0.01275026,37.179,79.17,-0.05745135,37478290000000.0,6794994000000.0,4.045038e+23,29.496,908.548462,4.376,287.791,3813,11996,M2.5,2014-03-11 23:05:00,1.0272967317635174e+22,37.59884136055281,97.50945950914046,64.50133742522975,115.97056426036761,-0.047174732906437505,12027070470777.373,-0.03830719847562235,-0.03523557070122637,976.519485386964,319.5866262601232,9332887707468.564,13231.830290197875,1.682562474909023e+23,31.65100385964828,17.305483028720626,74.0
261,2.533101e+22,108.098,0.00630428,4070.74,17.738,1934.881,53.849,0.01989663,37.963,110.009,0.02771474,42957990000000.0,15187770000000.0,2.253758e+23,30.88,1409.994629,4.309,262.813,3856,12010,M1.7,2014-03-19 15:56:00,4.5431753013494824e+21,49.273557708003,103.53239781288165,66.82301437814277,112.44076730922255,-1.6157830501555859,7424858244465.875,0.0019441722939471376,0.0010483307267596588,374.6383172444022,6.048868293403232,4859189384542.448,11937.835419042303,9.556774695708381e+22,43.8228841561877,42.63437292634373,41.0
262,1.801205e+22,78.799,-0.00998628,14493.63,43.329,1340.279,49.252,-0.01506224,49.034,89.323,-0.17315368,21143320000000.0,4455647000000.0,4.397438e+23,42.883,545.206726,4.01,228.147,3877,12011,M1.1,2014-03-21 19:02:00,7.058765960060844e+21,47.60421638363158,83.35521330842687,57.25366368267842,103.0723507297623,-0.8690108775147322,6060811482500.03,-0.024976130193446817,-0.03225401995640875,487.153258283726,172.04294244748428,3419108453693.2407,28517.467842403137,2.1621385724790196e+23,43.232475981994845,38.903485724294974,15.0
263,1.101171e+22,129.545,0.00495836,7606.086,29.18,1121.304,76.046,0.01156197,47.73,133.485,0.17020318,21245940000000.0,7799686000000.0,1.700036e+23,36.215,801.294678,4.076,83.449,3894,12017,M2.0,2014-03-28 07:18:00,1.5354249912930607e+21,57.777313808436716,124.43908721446168,91.6322907687548,145.6622366375982,0.2621764561384626,4729803344096.012,0.12186423270086237,0.04488749275096513,255.8165929682434,115.80973129749003,7193499275188.774,13109.25077573324,4.672754333167385e+22,47.241461711232105,49.6274217585693,24.0
264,1.141582e+22,122.158,0.01478973,7464.461,30.483,1208.973,74.05,0.0397456,48.492,124.062,0.32313251,23900350000000.0,16652170000000.0,1.878043e+23,37.448,816.595032,4.265,280.162,3894,12017,M2.6,2014-03-28 11:51:00,2.1952826210823575e+21,58.12321672915005,116.5758942572171,88.24509032538603,129.69587971032672,0.18737214254349996,7686707457472.106,0.1954093603636691,0.0696730875355444,426.7018691702498,265.45446351042415,15373251492423.023,13664.420309034833,7.108162345157013e+22,49.05658734208526,51.544549400051054,28.0
265,1.364989e+22,108.78,0.01427453,5531.791,22.922,1117.734,56.161,0.04304528,40.888,113.395,0.12201825,23573870000000.0,14057120000000.0,1.683222e+23,33.539,685.253174,4.299,327.044,3894,12017,M2.1,2014-03-29 23:55:00,3.5018454875878484e+21,53.15589375294735,110.27019455307995,82.18992754164084,126.8462874737659,0.909651415130281,9348445937346.744,0.12307719806606247,0.04980637054850139,483.83446215920213,276.6743883969252,10552328758858.725,10048.105235102352,7.678325797200823e+22,46.051688848703996,45.20333680917623,48.0
266,3.453216e+22,71.039,0.00056894,4513.723,13.692,1397.468,31.343,0.0015162,31.942,75.927,-0.07694524,27061490000000.0,2044828000000.0,3.037015e+23,26.513,773.47699,3.924,28.823,3879,12014,M1.4,2014-03-30 20:07:00,4.983694360864392e+21,39.5165612032333,75.02663882831686,42.12052624881293,81.42438255730735,-0.9331188149623966,2417610540938.0317,0.0012009919082765824,0.0015837667877654949,243.1430978430033,5.587529227236666,1726795997024.038,18700.85865421477,9.467318616032645e+22,33.17212664371473,17.392444910807974,31.0
267,4.584084e+22,104.028,0.01028302,5031.804,20.88,3293.753,50.318,0.03243424,39.228,104.137,0.10567393,70599190000000.0,27977910000000.0,5.151708e+23,31.746,2272.921875,4.254,792.728,4000,12035,M1.0,2014-04-16 07:59:00,3.719998315697796e+21,52.94929315349125,105.05912639126966,68.27056589833738,110.88058476981517,-1.0647754894211259,5610753597116.689,0.025843585778392325,0.014681467772345514,346.2933143463983,70.33891209730736,2703293831037.216,11799.890485115495,8.065748760202578e+22,41.801388576006126,40.33417524771712,
268,8.338698e+22,75.08,-0.00106072,10475.29,31.657,4919.303,40.944,-0.00209391,42.884,81.458,0.01429897,87897740000000.0,8694220000000.0,1.629695e+24,35.696,2385.598389,4.88,124.255,4097,12056,M5.2,2014-05-07 22:07:00,2.57424028352434e+22,46.75830033569847,76.04309192632874,49.098937438732875,92.70388765670037,0.376068510455574,18648494767123.73,-0.007991814453607358,-0.009342843875754406,1705.3916396147492,194.26575270856137,8285962283593.534,23961.11849142308,7.037628386913513e+23,41.16202943331124,39.69072164948454,
269,2.988978e+22,109.348,0.00304256,3642.064,15.741,2213.259,52.317,0.00869706,35.339,112.587,-0.08959138,43126970000000.0,12517650000000.0,2.222472e+23,28.857,1047.556641,4.379,139.803,4138,12065,M1.3,2014-05-24 06:35:00,2.995731545364825e+21,49.33437328071761,109.5456934279696,75.93009613542115,122.80949149840582,-0.4748452842462675,6465858230041.898,0.07974082959239127,0.04061655830609332,387.69027710780574,167.2183705461862,8208793098214.744,10563.769618326647,5.916095325378493e+22,44.41937625756084,44.86601849656154,11.0
270,1.142869e+22,96.393,0.00251419,4958.718,24.977,736.367,47.493,0.00854079,42.755,96.268,0.0914725,17674630000000.0,2843515000000.0,1.366009e+23,35.749,451.521393,3.45,52.149,4186,12077,M1.3,2014-06-02 16:09:00,5.535809344371716e+20,46.73285547410432,125.21470439478429,73.71889651115879,130.9982028738255,-0.33903964640843515,1077804654952.2643,-9.917303191707016e-05,-4.365851419001214e-05,64.16389454839025,0.0330931537560292,264722748804.8267,5776.899361987336,6.283351230306653e+21,36.62590343270812,29.059829059829063,40.0
271,2.548795e+22,112.151,0.00886011,5802.272,22.947,2123.309,56.661,0.02573953,40.43,114.522,0.04445802,43756580000000.0,13384190000000.0,3.210647e+23,33.533,1193.936279,4.517,369.166,4197,12080,M1.4,2014-06-06 07:31:00,5.797259694668786e+21,53.67717186370784,119.9662112648216,82.43592027256027,131.35717302512592,-0.04734526166319844,13057191596539.635,0.050336274512601496,0.02578224010530866,761.1582050060065,211.3885866234257,6439114570628.516,12191.07721884964,1.3821653242683155e+23,44.69544158919489,43.2821834368045,31.0
272,6.453918e+22,96.548,0.00362875,11547.31,44.428,4904.565,57.384,0.00758083,50.956,103.389,0.06159217,102571900000000.0,17577400000000.0,1.494106e+24,44.046,3157.023438,4.948,353.534,4197,12080,M1.8,2014-06-10 17:34:00,1.39487720926939e+22,56.79893960189902,95.27838868162485,64.54255825083129,104.66502171981745,-0.21774552495774221,25730638746909.61,0.014939232991429954,0.007157072529193969,1222.3420068099517,145.80388156473953,10580374280747.627,16219.061747774442,4.62908309675357e+23,50.766285144121504,56.48410962728584,53.0
273,7.78545e+22,92.444,0.00286199,9771.833,33.683,5090.631,51.173,0.00586145,45.064,97.6,-0.10215242,103363500000000.0,11625950000000.0,1.452123e+24,38.669,3055.433105,4.757,320.234,4197,12085,M1.8,2014-06-11 21:37:00,1.5122822001494665e+22,51.36161861870007,89.24175806757272,58.417984197122905,102.00198772247877,-0.06073099169026441,17839926516854.85,0.005208492594713437,0.004008051311672529,993.5163899205186,66.46952295277723,2239652814046.8647,19024.12941051805,4.454452872103775e+23,45.24392282720367,45.80001134365606,62.0
274,3.594023e+21,143.554,0.02528365,6679.96,27.906,549.244,98.864,0.06395706,51.589,148.828,0.36362979,9461478000000.0,8949348000000.0,5.121393e+22,37.14,201.239212,3.913,145.962,4231,12089,M1.1,2014-06-12 08:03:00,1.3641286096390067e+21,58.20897531627205,139.91647501502513,111.1921077419105,154.099684736506,0.2492866112671565,5368459369629.828,0.18654895252131096,0.070574346092834,330.36069824675,168.39038977750192,8878512069625.125,9601.284325295912,3.118878290868541e+22,43.24371670120871,40.39247751430908,28.0
275,1.744737e+22,106.037,0.02242596,5742.039,24.358,1428.114,51.651,0.06943479,41.259,105.744,0.88491261,29082010000000.0,21456000000000.0,2.283816e+23,34.477,1036.037231,0.0,671.613,4225,12087,M1.0,2014-06-15 12:01:00,,,,,,,,,,,,,,,,,
276,1.815439e+22,93.105,0.00284072,3156.899,11.818,1177.664,43.654,0.00783044,32.22,97.339,-0.11722286,21860520000000.0,2805414000000.0,1.122794e+23,24.784,487.605255,4.198,76.074,4344,12113,M1.2,2014-07-08 12:26:00,4.72832180489962e+21,42.22771369262641,110.87751970907173,66.97885853268293,127.0910984398667,-0.18707887035117715,7016007170808.082,0.017815698388252046,0.010936046440944395,444.6567029902248,60.421656586217786,1267356625304.226,7950.923434264195,6.032459819634269e+22,34.35406165058592,28.076317171363556,
277,2.805601e+22,85.484,0.00044567,2175.759,6.128,1152.601,32.455,0.00139756,27.294,86.565,-0.23360802,24205650000000.0,5352147000000.0,1.217435e+23,21.858,570.83429,3.618,18.777,4294,12106,M1.5,2014-07-10 10:34:00,9.30311573244086e+20,46.59285265151774,79.40930740015048,49.46255278109649,84.44435626742639,-4.343820436671149,545093154624.8224,0.05455393952783729,0.049320348274708374,44.47583932161842,38.371230957723114,1837677909558.4575,15473.79377251816,1.8638752563691124e+22,39.27761497624457,36.27342888643881,
278,5.636699e+22,92.031,-0.00044605,6614.025,24.276,3658.793,46.108,-0.00113127,39.647,98.724,-0.09337659,72207770000000.0,4257109000000.0,7.389657e+23,33.559,1791.547852,0.0,37.526,4396,12130,M2.5,2014-07-30 23:14:00,1.2502602041453126e+22,48.55391094303911,95.64014830526628,58.65597590397238,109.22830574137,-0.5874438101639728,17194792948552.594,-0.023636082724162226,-0.014327645259792255,1111.3301912159784,213.63951846876233,7097006138589.377,13708.44710319378,2.8378624972779253e+23,42.227007675554695,40.59532974082627,
279,6.756766e+22,98.28,0.00076176,5873.986,24.852,4681.311,49.245,0.00201219,40.491,104.026,0.03396671,92543270000000.0,1913474000000.0,8.108116e+23,33.993,2635.027588,4.76,79.174,4396,12130,M2.0,2014-08-01 02:48:00,1.0588898903546057e+22,45.98297483849363,107.51618282204026,68.69330622845986,129.8448072706929,-0.18632679536557842,13655023989301.361,-0.010343587647412018,-0.008209873860518701,989.7743128014781,87.60756396559505,3255817859239.5957,12634.2669681119,1.901549476349529e+23,38.722447840693064,34.1127680225889,
280,2.053543e+22,122.04,-0.00053114,3447.983,15.587,1618.505,55.617,-0.00180822,36.335,124.959,0.17981453,35945550000000.0,3226835000000.0,1.565265e+23,29.575,1430.33313,4.203,18.155,4639,12182,M1.3,2014-10-08 13:43:00,1.1276277820526289e+21,54.83821625015951,89.05282519060096,61.73553146402245,90.66364753719157,1.1973971763945574,950650308685.649,0.03544613913099322,0.027145507680383926,62.7721995148875,34.2847762003249,827190648826.6788,13707.3940417978,2.457543498348863e+22,45.42881329591864,53.55555555555556,16.0
281,2.085685e+22,122.017,-0.00065601,3400.102,15.598,1659.081,55.935,-0.00225636,36.216,124.974,0.25169066,37050040000000.0,4618282000000.0,1.578298e+23,29.548,1433.648804,4.243,22.927,4639,12182,M1.4,2014-10-08 13:58:00,1.1870319645632603e+21,52.45915632958769,93.36523377209772,62.85895749818689,93.29565078710986,0.8134598636736586,1091871446101.8668,0.03436953385348137,0.02571007771890053,70.66305477343334,33.9887227443865,856649926573.0781,13185.709697967923,2.4708314579887974e+22,43.22837776856122,50.318922749822825,16.0
282,1.342865e+23,70.58,-0.00539713,12333.31,30.671,7651.353,39.497,-0.01075583,42.231,80.671,-0.02575647,133767800000000.0,32294030000000.0,2.996554e+24,36.674,3811.705566,4.915,987.388,4698,12192,X1.1,2014-10-18 17:03:00,2.549223877561857e+22,42.92269672199496,76.62574030161142,53.57801958916112,97.72373497898951,-0.9042044084580789,22503776629362.977,-0.025989887109748235,-0.03059145287062725,1866.3966259136298,617.1213787591635,17388954408315.498,23278.542081946118,6.683190367917495e+23,38.667599948444725,29.271903043759828,
283,1.350204e+23,89.026,-0.00512437,15309.91,34.948,10634.813,50.038,-0.00904223,44.578,102.281,0.04043099,174806500000000.0,24257350000000.0,3.613567e+24,39.755,4657.747559,5.179,910.719,4698,12192,M3.9,2014-10-19 21:11:00,4.164780773552658e+22,51.33425952596643,83.27856437626032,56.06069041575178,106.18955377303634,-0.5261851902497761,47496551235446.23,-0.013264517265376202,-0.011019051182373186,3200.2738257066494,478.64554525992645,13778133209749.88,24405.69263413541,1.4673490233088659e+24,47.111881285133144,48.92207103728574,
284,1.306217e+23,93.062,-0.00599275,16149.66,37.387,10890.842,52.94,-0.010178,45.97,106.071,0.00683452,179367000000000.0,38309950000000.0,3.664149e+24,41.025,4953.313477,5.234,1023.813,4698,12192,M4.5,2014-10-20 04:37:00,3.837085885420789e+22,54.92507939968926,85.67343446053084,59.73685846311201,109.4780933186952,-0.3920374865819571,53883801502932.74,-0.00994986121413044,-0.007553151970116999,3677.74145907115,328.1542404937031,14261438916227.38,28168.89089188437,1.6821197843034605e+24,50.75040961536626,56.112531969309465,
285,1.358366e+23,88.775,-0.00563862,14486.99,36.896,10283.28,50.563,-0.01093755,46.175,100.485,0.02537489,189992200000000.0,43162270000000.0,3.720124e+24,41.107,5073.131836,5.273,1090.245,4698,12192,M1.4,2014-10-20 07:02:00,3.943386309726487e+22,55.565088962579445,81.03954841955458,57.24473013027514,103.86198956952741,-0.2844866916120052,53707600274942.62,-0.008281930850555423,-0.006025407409413161,3274.9680321993624,277.36155387010666,7059488252680.902,27038.003230484606,1.715345074463307e+24,51.28027288526412,58.00799648322204,
286,1.325018e+23,90.916,-0.00632085,15243.02,38.001,10269.291,52.396,-0.01172187,46.765,103.29,0.03984152,189671400000000.0,44145160000000.0,3.720941e+24,41.734,5047.741699,5.211,1161.804,4698,12192,M1.7,2014-10-20 08:04:00,3.948848977205978e+22,55.97155042679876,80.10730450798535,56.850903067079415,103.83873939645918,-0.27714169527199,52065299221233.984,-0.012459318834845114,-0.008920877118569865,3071.3934210531984,410.68149903048226,16144605959172.95,27831.031795106766,1.760223234069572e+24,52.01957996971446,58.968167310599696,
287,1.26239e+23,89.415,-0.00597161,16060.28,39.09,10181.442,52.557,-0.01085947,47.103,102.204,-0.00229093,177049700000000.0,41956270000000.0,3.661637e+24,42.207,5131.668945,5.216,1025.165,4698,12192,M1.2,2014-10-20 10:55:00,3.71957807237319e+22,58.624650530118366,74.06248490853332,54.54371189628806,97.70950259331235,-0.28379357177115655,49938591484077.914,-0.00986742920650325,-0.0065771717140458335,2871.6094924771614,301.3068133921537,10947199716263.217,28715.820639583166,1.8058485510661326e+24,54.839585961799926,64.32960952843537,
288,1.276932e+23,94.659,-0.00598239,18845.77,46.875,11696.302,59.806,-0.01031743,51.552,109.545,0.06058369,211679000000000.0,21959910000000.0,4.357377e+24,46.185,5911.492188,5.36,1041.517,4698,12192,M8.7,2014-10-21 13:59:00,3.8840124230284855e+22,63.320211998046474,83.26058132981368,63.88321573590878,105.83212254459362,-0.5374046184352896,86054513758205.17,-0.01842563363538795,-0.008224773901737804,3827.4773781272975,513.1600932772251,24404213779872.848,25840.33664416185,2.1939274992495278e+24,58.79214519567108,70.064600897843,
290,1.355429e+23,96.921,-0.00334236,19228.86,48.679,12296.647,59.739,-0.00583228,52.367,109.959,0.13273558,219354200000000.0,13182400000000.0,4.86519e+24,46.776,6245.052246,5.472,636.747,4698,12192,X1.6,2014-10-22 02:28:00,4.6729524532558265e+22,63.67687780765637,88.72216949670688,65.17632488019076,111.64476746157709,-0.11818784080181508,93732794314014.19,-0.012280681575078245,-0.008253947133620387,5458.379222023608,545.9160634176524,6698714054390.605,30725.3963436442,2.7721071048569323e+24,59.245437968678644,72.4608455016486,
291,1.379227e+23,96.042,-0.00270441,20448.42,51.819,11951.894,60.403,-0.00462789,54.133,108.062,0.11636975,217124100000000.0,11728400000000.0,5.255688e+24,48.327,6747.105469,5.478,523.387,4698,12192,M1.1,2014-10-22 21:50:00,4.40067120862805e+22,65.03510296897589,86.14533967177512,64.4432351573074,108.50757891252904,-0.04888236425833056,86798758784819.64,-0.0047110830405654195,-0.0033064955881096764,4941.213689379148,205.578056695131,11437323902363.0,32729.203353105295,2.788506820198309e+24,60.802432638107426,75.51360788103626,
292,1.458058e+23,92.956,-0.00237518,17779.58,51.719,11362.387,57.096,-0.00460025,53.844,102.803,0.12789376,224999200000000.0,14598440000000.0,5.176874e+24,48.59,6981.716797,5.369,520.738,4698,12192,X3.1,2014-10-24 09:41:00,2.362208358552812e+22,69.30376491617379,78.06263157745873,62.20938283139106,95.25546680827883,-0.33216401857534034,67270672960435.805,0.012374375289552556,0.002911185054094456,2670.840485138662,152.31902440033014,18280304942139.38,26722.786345957822,1.9161949781105597e+24,64.91908337284089,82.17024113790421,
293,1.747765e+23,94.869,-0.0027163,16117.28,39.9,12939.278,53.973,-0.00461967,46.865,103.916,0.02733332,233516100000000.0,30196550000000.0,5.031631e+24,42.237,6924.64502,5.341,638.51,4698,12192,X2.0,2014-10-25 22:56:00,3.0496468551251677e+22,62.81339343648609,89.03019478514389,66.70593720072684,108.661381170769,-0.49402845966690706,63358968595151.69,0.012105998570433355,0.00563433513673438,3251.6101400567327,260.0978129170692,39516203667504.76,32852.5223702681,2.0762889397136244e+24,58.42527118608372,73.12824392191473,
294,1.846298e+23,91.573,-0.00176377,15170.26,36.785,13252.733,50.272,-0.00318451,45.333,100.949,0.04122446,236022900000000.0,42679790000000.0,5.127092e+24,40.649,6919.838379,5.429,448.843,4698,12192,M1.0,2014-10-26 05:17:00,4.124817136746214e+22,59.51614508404428,86.93638835469733,64.68764684958492,108.3426144273941,-0.7147008683648739,69190968156207.086,0.0039597514392383255,0.0026709843839443966,4021.9528710921554,138.44246258860596,36350344009682.76,34848.06893245162,2.4817068614340865e+24,55.24001393453356,66.7145308071013,
295,1.812208e+23,93.051,-0.0013664,16048.09,37.035,13586.188,51.59,-0.00229797,45.319,102.532,0.00025596,231978600000000.0,44027810000000.0,5.084009e+24,40.817,6945.685059,5.446,325.936,4698,12192,M1.9,2014-10-26 06:49:00,4.036294306252634e+22,58.5990499387696,90.12646153769667,65.7597914003074,112.36386899846562,-0.7632497017316425,66971526344741.195,0.008001852148775869,0.00565564816347264,4076.5228195957006,276.77610982402405,39773330863292.9,36141.57680142733,2.4230154849955903e+24,54.22890765024272,64.66661384255774,
296,1.791375e+23,93.334,-0.001279,15917.29,37.397,13222.976,52.447,-0.00219203,45.575,102.428,0.01323799,230450200000000.0,51064720000000.0,5.029358e+24,40.721,6950.422852,5.463,304.29,4698,12192,M2.4,2014-10-26 08:21:00,4.4640012115519e+22,57.298277937393195,91.83083620571276,66.7875853579716,114.08912373730308,-0.8274385242140465,74097076265302.11,0.00843112352614266,0.005980649532781267,4554.356937656867,322.6919261907461,44925902279681.0,33115.213966957526,2.450084272217979e+24,52.54902280677125,61.7041517833103,
297,1.84253e+23,88.046,0.00024366,14702.85,35.204,12992.247,49.305,0.00045493,44.695,97.017,0.07995112,230268200000000.0,65326470000000.0,4.989488e+24,39.776,6855.669922,5.482,62.26,4698,12192,M7.1,2014-10-26 12:34:00,5.32868329485923e+22,56.3527899092415,88.88891657244983,65.51105883384423,109.96996613349762,-0.632978823538349,84227526204289.05,0.007931560663187483,0.0059699821498397105,5328.16469506179,379.5057952831606,55843776206529.734,30885.510347603933,2.6809738457802717e+24,51.762717147474085,59.72124475995226,
298,1.843742e+23,88.924,-4.471e-05,14871.75,34.77,13194.983,49.668,-8.117e-05,44.436,97.752,0.0816063,229318600000000.0,62046520000000.0,4.968772e+24,39.533,6810.812988,5.492,11.248,4698,12192,M1.0,2014-10-26 14:02:00,5.146635604767694e+22,56.18760838216841,88.85784800871265,65.94366259098197,111.46524042647046,-0.5944190969655321,80890234903828.98,0.00964705869018676,0.0075092068384967755,5250.336295027126,451.5436256124881,55417257209199.91,31905.185096880614,2.62995667493698e+24,51.844667487430115,59.57402245887641,
299,1.838817e+23,91.198,-0.00026131,15498.13,35.11,13441.894,51.038,-0.0004425,44.356,100.207,0.04312264,227371100000000.0,54255410000000.0,4.958666e+24,39.587,6793.450195,5.442,62.954,4698,12192,M1.3,2014-10-26 15:41:00,5.215849234144086e+22,55.67243064111452,91.18100887009518,66.97111053796968,113.44497372180805,-0.6290757606825828,80279646058158.16,0.007680409951089437,0.006273787519842393,5423.897508913643,371.37057844955064,44344197405381.69,32146.025604062612,2.60822787039346e+24,51.399655411378525,58.29936983386529,
300,1.944251e+23,88.385,-0.0001515,14795.38,33.124,14339.427,49.844,-0.0002584,43.265,96.714,-0.02160523,240768400000000.0,42805600000000.0,5.018352e+24,38.642,6534.685547,5.35,38.692,4698,12192,M6.7,2014-10-26 22:09:00,4.902855286802241e+22,53.49666135581231,95.20026009918574,72.02693334762027,117.99438265453286,-0.7537134824692829,74632357664820.98,0.005924018873318212,0.005933104676247671,5664.355607070552,296.88662489475723,34923457321862.68,34103.52735426455,2.3480659806556274e+24,49.35648369757728,55.15778103541393,
301,1.956649e+23,87.25,1.221e-05,14808.11,31.71,14156.545,48.619,2.053e-05,42.405,96.017,-0.03865151,232790000000000.0,38224270000000.0,4.973764e+24,37.76,6494.164551,5.324,3.088,4698,12192,X2.0,2014-10-27 02:47:00,5.173037309550753e+22,52.53419102289242,93.50027187508809,69.0522196691735,116.50806047559581,-0.6204061866111369,71865851719280.88,0.007077616216559993,0.0076984808509132086,5642.116864214342,387.4029533796545,30620532760529.254,35127.87709667506,2.4260581153724836e+24,48.55351059871066,53.16898700099992,
302,2.005726e+23,83.474,-2.016e-05,13753.26,29.666,13929.141,45.798,-3.613e-05,41.341,92.402,0.02463629,229145800000000.0,30329430000000.0,4.886014e+24,36.282,6444.207031,5.345,5.392,4698,12192,M1.4,2014-10-27 05:40:00,5.325763820879361e+22,51.525411136884266,90.31333199629293,65.3306876655921,113.1886153015675,-0.32376196873523216,69577095513276.24,0.009181675033467607,0.009411978078007453,5481.1316118790155,490.2134662149402,33539175592130.465,35228.28399792741,2.5179529868166564e+24,47.6037768732188,51.75585284280937,
303,1.955196e+23,82.174,-0.00107168,13568.87,28.907,13004.962,45.297,-0.001865,40.75,90.921,-0.00465485,209422800000000.0,12668460000000.0,4.558373e+24,35.328,6146.775879,5.225,271.089,4698,12192,M3.4,2014-10-27 14:42:00,4.61182909270264e+22,50.434739199788524,89.55906790665888,65.23819215871796,113.5755540158138,0.15484775152552274,52943273867870.26,-0.0003496278527113684,-0.00039871022895016594,4462.834252960626,16.250232801321914,11960952877694.121,40212.99075776423,2.2699105991217725e+24,46.03606403251401,49.06126482213439,
304,1.956757e+23,81.959,-0.00099582,13852.06,29.096,12730.183,45.323,-0.00168942,40.621,91.006,-0.04814202,206727700000000.0,12589020000000.0,4.564102e+24,35.44,6126.699707,5.244,247.06,4698,12192,M6.6,2014-10-27 15:32:00,4.4302611598181365e+22,49.97395921097064,87.71446572163431,62.99667954911028,112.31585420556146,0.39394285475080637,48607418388516.695,-0.00306023627364374,-0.003450115928069156,4014.310885519887,134.0059527621341,7946614679744.801,40571.662466117705,2.183364119173156e+24,45.55138537139587,48.27994669562214,
305,2.066342e+23,75.553,0.00017909,13324.25,27.73,13031.497,43.247,0.00031091,40.068,85.08,-0.0583348,212189500000000.0,7987020000000.0,4.663214e+24,34.492,5815.385254,5.1,47.196,4698,12192,M1.6,2014-10-28 02:06:00,4.9584795591396374e+22,46.08055192555252,83.25831196050386,61.28402216776398,104.71511742668349,0.261147385259577,47986755741803.51,0.00472270801139064,0.006536232586861161,4451.649067877258,250.90636031183936,6088670360729.548,38156.068885376284,2.0302112877944694e+24,42.27093576512782,40.621490078622244,
306,1.917632e+23,66.083,-0.0008402,13712.38,28.299,11245.657,39.461,-0.00143428,40.318,78.292,-0.06403232,170773600000000.0,7941983000000.0,4.351926e+24,34.159,5378.795898,5.173,200.778,4698,12192,M1.0,2014-10-28 20:20:00,4.13233792826465e+22,41.50118971506478,78.37952502794212,57.331944088595236,99.72567005914065,0.7290132227245182,30234980046414.668,-0.001867499151656008,-0.0039470003846320415,3439.4006582275865,95.01614025924714,9108718598104.61,42906.28554132724,1.438667580761035e+24,37.91871697931199,29.907319391634978,
307,4.399625e+22,92.01,0.02760879,7370.89,21.052,4008.394,49.655,0.06216001,37.344,101.443,0.05109281,63223840000000.0,54902240000000.0,5.910518e+23,31.837,1322.794678,4.76,1666.936,4781,12205,M2.5,2014-11-06 10:16:00,1.9932664320988272e+22,43.789043387554514,100.67051612368313,69.99720510002919,121.95871720297828,0.40426221748449953,31265803201631.84,0.0990639539387214,0.07259868148331129,2529.2603975026304,1517.9658311345559,46278445526557.13,15067.644854065637,4.327269626148024e+23,38.303373684787765,31.63005780346821,74.0
308,4.316078e+22,94.117,0.0263025,7340.871,22.384,3911.063,50.25,0.0618463,37.775,103.53,0.00755127,65138150000000.0,54212080000000.0,5.899218e+23,32.405,1409.853882,4.798,1591.512,4781,12205,M2.7,2014-11-06 14:49:00,1.8070652328571063e+22,45.71276364542012,100.18231964951042,68.84947006027411,121.20805531584332,0.3799575548794192,30793004701081.848,0.10987603900704944,0.06787557262049448,2293.409540189847,1417.3777074611658,46315891249926.42,14638.445991449751,4.196038376231516e+23,40.278138097393594,37.42587101556708,71.0
309,4.44735e+22,99.513,0.02862573,7489.547,23.282,4288.898,51.915,0.06653692,38.365,108.746,-0.05659325,70087270000000.0,61701790000000.0,6.264671e+23,33.111,1423.443237,4.853,1802.877,4781,12205,M1.0,2014-11-06 22:22:00,1.6787411379100058e+22,46.45075253723371,106.97157935545252,72.77571153142033,128.4408945227665,-0.1008366751575537,31349061162948.883,0.12355987489088588,0.08055013062681311,2483.639987625518,1562.5919840295476,49645648762791.0,14369.495218262413,3.797008742569616e+23,40.791556209643296,38.80987083479921,71.0
310,2.683947e+22,109.446,0.02665346,9147.915,37.64,3244.919,64.589,0.06770635,48.838,115.749,0.22695082,56298920000000.0,45346550000000.0,5.356907e+23,40.479,1567.42749,4.756,1175.231,4781,12205,M2.3,2014-11-09 03:32:00,8.293828255092782e+21,53.932933341040915,116.41600197318323,89.59194570093385,138.25250602423415,0.38727292323704043,20884663641252.625,0.18727491982352817,0.10840550603386855,1687.0255382740504,1194.4118654811637,42935633725407.3,15919.311376781634,2.3938573347898655e+23,45.3793361380655,47.831846683741055,67.0
311,1.192077e+23,81.876,0.00257763,8554.754,19.75,6342.233,37.6,0.00568395,35.755,88.612,0.0893975,117648500000000.0,19046690000000.0,1.875853e+24,31.004,3476.934082,4.922,425.571,4817,12209,M3.2,2014-11-15 00:03:00,1.4320945313516857e+22,43.96085456371652,87.07134907195774,56.35057955512861,102.45682210386386,-0.48102049136650527,11996309638200.326,0.0008180669734759091,0.0010497423365837632,877.2184410015387,11.919824231908631,2811734076033.8203,20497.65049237054,3.268791743078555e+23,38.29791809042552,31.52898067954697,
312,1.228507e+23,95.252,0.00347742,8439.1,21.572,8177.659,45.323,0.00810525,37.706,100.189,0.08859088,155589200000000.0,36730720000000.0,2.01225e+24,31.82,4783.615723,4.957,624.343,4817,12209,M5.7,2014-11-16 05:48:00,2.404860386383502e+22,47.844847344959106,90.49008481175866,62.96695482267089,109.8827510182581,-1.194908947227308,27155671307524.863,0.019768109618653416,0.02051394873521633,2028.384424242056,446.01427340107347,14850895032065.766,26279.356667194617,7.926869970415055e+23,42.713624323126915,40.73878395632457,
313,3.324367e+22,90.345,-0.00616432,17353.08,52.662,2452.238,57.183,-0.00976001,55.379,94.893,0.00927501,48128090000000.0,6646807000000.0,1.092548e+24,48.505,1372.487305,4.576,292.226,4874,12222,M1.8,2014-11-30 18:41:00,7.190055622943222e+21,56.49222247336798,93.92270876935504,59.57682330348145,107.86235792935443,-0.025963560186971723,8806094392767.398,-0.03531999684117545,-0.02286953107482804,459.48999116661764,192.44710399467797,9456204765695.441,26061.31566004274,3.067881208293457e+23,50.867647440133055,60.60469314079422,32.0
314,3.641801e+22,94.374,-0.0016108,14754.12,50.216,2723.787,57.944,-0.00299655,54.112,100.511,0.06151741,55186430000000.0,2746627000000.0,1.094939e+24,47.64,1512.122803,4.693,90.012,4874,12222,M1.3,2014-12-03 20:10:00,6.457625605813152e+21,63.77681988066299,88.77075093056938,61.895823284085864,103.64224624581587,-0.42898799596751064,12985260018290.191,0.0249596836731027,0.009865677211112273,595.2440010205312,105.79952241196801,3725976787111.9824,21693.617340053643,3.233643370983992e+23,57.50203329341063,69.49394155381326,44.0
315,3.673149e+22,96.701,-0.00280166,14078.03,47.393,2783.212,56.451,-0.00523971,52.673,103.673,-0.0060423,54924590000000.0,238201300000.0,1.040072e+24,46.07,1516.236084,4.611,155.851,4874,12222,M6.1,2014-12-04 06:25:00,6.921589590618064e+21,59.3943528194678,95.84845607211633,60.36040340844153,107.60202693594404,-0.07114709702344443,11829390657005.184,0.013880612338520294,0.007129052844056883,586.3906255379458,73.37221187103344,5625271247318.925,19487.538112219554,2.7839447182322237e+23,52.96295472765314,61.64358092404946,42.0
316,3.525918e+22,98.102,-0.0031346,14979.66,47.025,2692.777,58.105,-0.00545129,52.706,105.156,-0.02629784,51390010000000.0,684314500000.0,1.012686e+24,45.869,1509.676392,4.669,159.567,4874,12222,M1.3,2014-12-04 07:41:00,6.524351048765524e+21,60.7441808770517,88.31112403431749,57.89476733410158,100.53587860865967,0.0099423038538434,10874787815796.947,0.009249829150469045,0.004752247353847885,510.0607786441252,46.93319486660172,3836385397401.8604,20149.344229770093,2.754594261850707e+23,53.860206124193915,62.73557412084709,42.0
317,3.576386e+22,100.277,-0.00695713,14961.53,41.525,2654.614,57.758,-0.01197695,48.938,107.311,-0.1052691,50717340000000.0,6903489000000.0,9.903987e+23,42.811,1447.173218,4.634,346.771,4874,12222,M1.5,2014-12-05 00:25:00,8.770954901881175e+21,60.32509693626818,91.78005035955822,66.22813801629383,106.90032249221913,-0.22123163899478138,16465684980114.996,-0.0296718069713746,-0.015999624367710137,807.8696264389697,197.0993725858212,7106419587377.087,24240.39835567119,4.151198752805962e+23,54.57322391848054,65.0872431174874,36.0
318,5.259737e+22,109.343,0.00273507,4641.955,17.121,3478.175,47.937,0.0086763,36.575,110.154,0.28967836,75847090000000.0,14795740000000.0,5.335626e+23,29.82,3470.786133,4.456,236.71,4920,12242,M1.6,2014-12-14 07:33:00,4.27816342951954e+21,46.741625002092185,101.02280818217001,68.75187884549561,120.0726418541286,-0.9396581003407812,4892917571804.403,-0.040747976031967524,-0.03612549100569127,346.38045646640893,147.50037977623745,3222862303948.339,12892.624071501417,7.446345533462124e+22,38.323513518315174,29.386065762244197,
319,6.116235e+22,107.79,0.00616764,9310.308,35.617,5338.916,60.993,0.01654061,47.706,111.796,0.59266418,113752300000000.0,30770330000000.0,1.259942e+24,39.612,4704.749512,5.004,628.452,4920,12242,M1.5,2014-12-16 13:10:00,1.0279924700422085e+22,64.75855275886994,90.75871509895066,69.05302853648863,104.14410329471042,0.49148412937737107,27947922344597.305,0.048093602342139406,0.019569536534873953,1264.5529034524461,363.60198881795804,5691214564030.547,19241.747958739135,4.87619377383822e+23,58.326405551232966,67.74447122943089,27.0
320,3.148571e+22,96.723,0.01459256,14493.92,50.772,2942.149,65.667,0.02787575,55.444,107.154,0.17247537,57707540000000.0,20689650000000.0,8.923251e+23,47.968,1317.741455,4.896,676.467,4941,12241,M1.4,2014-12-17 07:01:00,1.2074271096445543e+22,57.04303710687441,96.32849259750363,70.05453819278993,117.38603145571768,-0.3915201416092835,22387695847064.293,0.058458209768499095,0.036085310361380435,1280.303510014008,555.2446705305607,19906393162684.312,19773.77243795701,4.1788236752962594e+23,50.85724508780901,57.06654936215673,51.0
321,9.679546e+22,104.671,0.00726792,8806.465,30.301,7399.167,54.552,0.01912399,42.854,109.375,0.26654953,149503700000000.0,52578200000000.0,1.779205e+24,36.629,4656.645508,5.155,1105.618,4920,12242,M1.3,2014-12-18 21:44:00,1.747488946348792e+22,60.808954105106615,93.8531059045408,74.92850275452021,114.77630505093144,0.41052241218686447,40567250642501.336,0.08580930673407416,0.041327289315334054,2203.7616642560633,1092.9001659440091,53205815558875.484,21471.56890409149,7.775522718908626e+23,55.595241034205735,66.19847440222972,
322,9.581814e+22,93.953,0.00326242,7041.21,24.248,6200.739,45.526,0.00843995,39.175,100.321,0.15847997,126523100000000.0,36813730000000.0,1.365719e+24,33.123,3297.208496,5.073,476.463,4920,12242,M1.2,2014-12-20 19:32:00,2.111635513178855e+22,52.321691362786126,95.3844405059323,63.00981428473463,115.90222831977987,0.07771656455143895,35421644837604.32,0.032885671808872155,0.016513070700746854,1786.5662111435186,462.00269206549547,31216329123932.25,16599.49879091292,6.41527476172548e+23,47.308178374278576,49.81959382839078,
323,8.205935e+22,91.634,0.00243734,7347.546,23.597,4850.249,43.543,0.00562732,38.598,97.761,0.01299349,95278410000000.0,22114680000000.0,1.144178e+24,32.601,2777.625488,4.969,285.788,4920,12242,M1.0,2014-12-21 13:49:00,1.4892809438183322e+22,50.66476974786186,91.92952202588961,58.2138920221146,111.32302784236789,0.05808721707247071,19300041088749.766,0.01641841077694629,0.010242546136464956,1086.7922606969912,173.7545526589915,9945579343039.668,17220.282142139997,4.0684468189829376e+23,45.62483325965438,45.52557616638561,
324,2.134952e+22,102.21,-0.00469481,6634.009,23.954,1533.966,51.948,-0.01164509,39.402,107.632,0.07442002,30140070000000.0,2055962000000.0,2.839722e+23,31.962,746.414795,4.532,151.314,4955,12249,M2.2,2014-12-26 14:16:00,5.988191023507683e+21,57.856112031305194,95.93639959423058,71.5830713692165,114.33359240760643,-0.2742716408773212,11496293526246.531,-0.00012170780667970934,-7.240612784664082e-05,601.1626146175198,0.6089355351902493,1173677454463.844,15103.183386614188,1.7440163037003833e+23,49.338061328115,55.25014376078205,
325,3.975844e+22,96.734,0.00203962,13965.24,50.657,3360.664,62.897,0.00401122,54.2,106.849,0.01033245,66918870000000.0,8883949000000.0,1.086339e+24,47.166,1690.250854,4.887,119.469,5011,12253,M1.1,2015-01-02 21:47:00,8.368637478020088e+21,56.873084139517374,109.60951412072538,79.27841453796883,137.37996779179036,0.09743608564963024,19011936584195.188,-0.004476564771504113,-0.0022290779380921004,1091.6675615235786,26.189436694644087,581997787615.7007,18073.717159253734,2.930007946227817e+23,49.346634932974105,55.14868518063406,60.0
326,3.376497e+22,89.663,0.00392824,13098.38,56.32,2867.031,62.509,0.00910895,58.266,96.128,-0.07337454,60159390000000.0,11426840000000.0,9.852134e+23,50.485,1835.097046,4.693,222.472,5011,12253,M1.3,2015-01-04 03:36:00,4.6246316161014285e+21,60.02733054798137,104.63310902556091,86.86438653463301,128.1505235829059,0.2640540286279943,12236403339536.898,0.03682377354514314,0.01694832765800448,743.5026644032828,117.07904746149495,4405370781735.639,16501.175538261876,1.5999619260902943e+23,51.812598987178646,56.23887138748117,60.0
327,3.143084e+22,79.35,-0.00096192,7742.251,24.808,1822.617,43.667,-0.00199145,39.584,87.039,-0.16411193,31024390000000.0,3519094000000.0,4.33481e+23,33.361,780.596802,4.259,40.554,5026,12257,M4.9,2015-01-12 16:58:00,7.131767698705374e+21,43.8073464448047,83.95609002649735,57.40480282845322,104.83747493852698,-0.18017914193863013,7511162396188.5625,0.030548595516813486,0.024951529011268653,572.4811437090333,172.36516240984386,4411844419346.072,17074.419608724063,1.6575850239371384e+23,37.030632876995355,31.83310533515732,50.0
328,2.86362e+22,96.139,-0.00289638,10580.11,39.855,1898.88,53.592,-0.00625846,48.802,99.652,0.14812347,41433700000000.0,6589730000000.0,6.258108e+23,41.65,1238.878174,4.21,128.999,5107,12268,M1.1,2015-01-26 04:53:00,1.94822413616815e+21,56.61944949855501,110.60569367610456,75.15552048890726,124.2852700186531,-0.6003654173125672,5155486210938.69,-0.11590239980926353,-0.04642734701371193,255.81509174672848,147.4996814625628,7069411038243.382,10561.562313233335,4.826422320750302e+22,48.534039879814245,46.43998837547225,50.0
329,2.674986e+22,97.665,-0.0034152,11904.15,47.32,2062.66,62.149,-0.00768561,55.151,100.876,0.3101835,45873520000000.0,7057066000000.0,7.05408e+23,45.774,1608.992554,4.268,152.376,5107,12268,M1.4,2015-01-27 16:41:00,2.5485856719335184e+21,59.33821760993103,108.19482989426285,76.59619974389433,118.30301649350884,-0.049574831330642354,6858523005031.031,-0.04707729116977508,-0.014238995128692606,301.1771639833597,67.19381801230041,3692793577732.629,9967.450162840327,6.545801570868302e+22,51.93239380627915,56.19817997977755,
330,2.497971e+22,98.412,-0.00617781,13614.52,51.188,2013.286,66.23,-0.01290379,57.893,100.827,0.15255184,44377500000000.0,7660097000000.0,7.334611e+23,47.797,1633.612915,4.252,250.597,5107,12268,M2.1,2015-01-28 23:42:00,9.476453038205243e+20,73.06530843506458,79.35143232325125,65.53804142131106,80.38470206887504,-0.032019071694817804,5121153162911.586,-0.06438845528906009,-0.00529294265264267,115.22573742357652,19.118108861345323,2644845353781.368,11826.47238298656,5.987156128197816e+22,63.801792807418394,78.62014690451207,
331,2.685207e+22,95.7,-0.00786653,10890.47,50.534,2110.537,62.459,-0.01953633,57.081,97.521,0.23962121,48623040000000.0,13557660000000.0,6.927206e+23,48.048,1706.104736,4.432,376.752,5107,12268,M2.0,2015-01-29 12:44:00,1.4506472184991373e+21,62.56698024452039,90.97831870538184,69.23662121255023,95.7652306149048,-2.0695424020171655,3857141866729.526,-0.1555861039720558,-0.052930781990760824,189.4434463916733,145.66551203857378,6574684793200.3545,10125.88240803608,4.034284370661898e+22,57.648328402102344,63.0,
332,2.774086e+22,100.065,-0.0065973,11140.25,49.448,2297.385,65.777,-0.01540512,56.831,101.263,0.15757227,50381130000000.0,7706829000000.0,6.976167e+23,47.365,1700.27063,4.331,311.076,5107,12268,M1.7,2015-01-29 17:36:00,2.7035767338206044e+21,58.39012649573782,111.05654109346814,82.13567068828556,111.97387016865437,-0.9362383190869199,7645373001975.66,-0.09749608221540021,-0.034346785778984125,379.6028082812964,164.48675709555496,5117487776121.678,10406.527575740154,6.950241736298641e+22,52.132495681501936,55.17995625372838,
333,7.654679e+22,77.017,0.0007833,5697.331,18.169,3992.032,38.484,0.00189312,35.603,82.087,-0.08581912,73742320000000.0,10540250000000.0,8.266871e+23,28.565,2030.140747,4.728,85.581,5127,12277,M2.4,2015-01-30 00:16:00,2.050048328492651e+22,39.3206563792642,90.08170362378378,55.782908631567906,103.67054144791747,-0.11024963632674824,18902531884331.742,-0.005889519548456365,-0.005045663183012565,1319.0437392105202,98.86472440794819,2048918308937.1401,11594.489492282875,3.140112699271697e+23,33.64558013868131,23.97881626048154,
334,2.688917e+22,115.58,-0.00130547,5639.977,30.372,2354.578,65.1,-0.00409719,47.307,115.692,0.46764535,54636620000000.0,11572510000000.0,3.627624e+23,36.987,2434.329834,4.239,63.227,5127,12277,M1.2,2015-02-03 14:15:00,1.1266418940135295e+21,62.48970632165813,93.692950711406,64.3696121004225,94.79248416812781,0.08970122461451868,4363595591142.96,0.008764888976127755,0.001191164441501297,154.1913278423447,3.854608132698197,1003776095294.7876,5792.54274716283,2.6416912006758955e+22,52.31534875695456,56.05707629586488,
335,3.186747e+22,91.355,0.01894982,7398.824,24.431,2249.442,45.398,0.04500036,39.233,96.885,-0.19613345,41389450000000.0,36695990000000.0,4.634122e+23,33.935,947.253052,4.571,893.654,5298,12297,M4.5,2015-03-09 02:33:00,8.37656676804374e+21,47.919320199444314,102.9550653901164,73.03076174008966,121.57203482934567,0.855038345242552,14670718147846.62,0.06812733611043836,0.051259404288295396,944.3152147222708,477.378832136895,17318391254454.668,18885.24927443615,2.3974400300458927e+23,43.26780779331088,40.631865257872164,18.0
336,2.459673e+22,106.049,0.04740098,11835.09,33.263,2996.076,61.136,0.09622056,44.966,114.447,0.11012591,46613690000000.0,56191390000000.0,5.505375e+23,38.456,1228.457153,4.846,1660.314,5298,12297,M2.9,2015-03-10 12:02:00,1.1713029789263535e+22,52.27199389250166,109.43465746376125,80.03531904045393,129.97959499050748,0.10667703223160219,24254806190062.273,0.1298326546442665,0.10124651598304492,1945.047860537944,1350.122290633904,41943627288327.18,21797.52670383682,3.936360035280549e+23,45.235200309707245,47.801147227533455,21.0
337,2.441114e+22,110.4,0.04782715,12831.1,34.745,3026.093,63.179,0.09347785,45.923,119.091,0.14040454,46846380000000.0,56298980000000.0,5.871053e+23,39.323,1254.106934,4.918,1647.789,5298,12297,M1.8,2015-03-10 19:18:00,1.2014058294506701e+22,54.29072986693237,112.13394629017007,80.6650927330366,132.13282386192913,0.36119944710818264,25393909028588.95,0.12845381153867802,0.10103437849333931,2013.0031233146262,1407.81302992619,45392991111607.97,23392.017216971086,4.413183399154727e+23,47.60188922942764,51.37265943967337,19.0
338,2.539512e+22,108.175,0.04484272,12163.65,34.261,3044.102,61.278,0.09293241,45.995,116.711,0.2410434,48229490000000.0,57343790000000.0,6.021516e+23,39.227,1255.915283,4.876,1671.557,5298,12297,M2.6,2015-03-10 19:57:00,1.2054147417591008e+22,52.75924780588015,110.02162465297994,77.41084735822697,131.10121279557202,0.47832116930083757,24891255736259.832,0.13455742538281207,0.09966701710334575,1982.2357888371268,1415.072308833303,47188062840636.72,22053.839372171664,4.2649875051334026e+23,46.18633430446318,48.832577942590305,20.0
339,2.504759e+22,103.874,0.04755442,16544.24,44.384,3487.761,70.303,0.09300375,52.761,115.887,0.28214401,55218540000000.0,63584860000000.0,8.327411e+23,44.766,1395.819458,5.05,1802.265,5298,12297,M3.2,2015-03-11 16:46:00,1.5263543051338882e+22,57.521933352942206,102.81104613537354,82.99547711356021,129.0500072054949,0.48493521925330724,34607501127791.527,0.11422396823856451,0.08633509594799968,2586.062243700689,1607.3868163598581,57582113418021.875,26531.020403268507,6.702634809227836e+23,50.391899326722005,56.384376807023074,32.0
340,2.522483e+22,110.825,0.06421205,20827.75,45.366,4044.495,77.883,0.10097001,53.041,128.158,0.35953858,56301270000000.0,65634720000000.0,9.361584e+23,45.076,1360.293213,5.046,2173.257,5298,12297,M1.6,2015-03-11 23:50:00,1.6257293198327108e+22,58.103758118206976,106.50357899953676,89.55720651934529,139.18718969249792,0.4521356961900884,37255435148775.836,0.12006091589761003,0.10854526629562618,3161.508507710909,1964.1265936193556,60155124771898.53,31726.788844597835,7.782676457063887e+23,51.022969651399215,57.484705754967244,29.0
341,2.513776e+22,111.147,0.06405794,20882.71,45.848,4072.705,78.663,0.10098942,53.263,128.061,0.3556709,56904370000000.0,66019720000000.0,9.397656e+23,45.21,1346.335571,5.028,2170.667,5298,12297,M1.4,2015-03-12 00:14:00,1.6247485121165192e+22,58.3420979523886,106.91413606285695,89.88525178790857,138.32754037250749,0.49664967406263777,38036002233505.45,0.12103298265605779,0.10791459764781007,3207.4415561570972,1970.8442968419554,59821338560276.85,31925.45348887839,7.909424640798251e+23,51.314409911502,58.12382739212008,30.0
342,2.543311e+22,109.053,0.0629469,20988.3,47.647,4242.575,78.546,0.09935775,54.021,126.456,0.44438356,58900430000000.0,64253050000000.0,9.629139e+23,45.936,1349.991821,5.1,2174.563,5298,12297,M4.2,2015-03-12 02:08:00,1.6584343871632209e+22,57.47116591175305,106.55642752473733,90.106468831377,139.68379255468258,0.33357053250395574,39061739120340.12,0.11845219073247087,0.1064012772033507,3356.155473176776,1952.6762392358921,57254983277915.19,31504.106603602602,7.881183079602955e+23,50.56042880088439,57.02075702075702,31.0
343,2.510468e+22,104.588,0.05829848,19338.09,48.545,3999.803,76.868,0.10564523,55.527,119.946,0.19510075,56535510000000.0,66204410000000.0,9.512038e+23,47.259,1422.900269,5.101,2159.143,5298,12297,M1.2,2015-03-12 16:01:00,1.5722112416094718e+22,59.47983290793427,102.81059036248024,89.5263923224876,132.04933598681274,0.12827788840517876,39586450335549.516,0.13740222155949755,0.10041201413430426,3219.8537875914076,2000.608969611878,62833539942406.26,28837.588995195114,7.791643906357943e+23,52.163495428759035,59.188989923814205,40.0
344,2.227304e+22,109.229,0.05345441,15460.49,45.61,3123.205,76.223,0.09992216,55.014,114.777,0.20567669,46921360000000.0,59699600000000.0,6.912375e+23,45.248,1455.579712,4.8,1799.596,5298,12297,M1.3,2015-03-13 16:40:00,9.750170103204175e+21,59.05034576580146,111.83840653361159,97.47776612376701,133.34355849658073,0.24644861234554497,21685499873554.047,0.1421202833128687,0.12504363847554387,1917.5825898344376,1396.1122235794471,45320094897048.42,28067.334936894036,4.295904467561323e+23,49.967279512452734,54.785249457700644,42.0
345,2.746014e+22,112.334,0.04624475,13347.74,40.552,3660.654,70.652,0.09352987,50.342,120.813,0.44079167,58372810000000.0,62394280000000.0,7.35734e+23,42.114,1441.778076,4.778,1919.388,5298,12297,M1.0,2015-03-14 21:40:00,1.070644562449767e+22,58.05392678270713,113.92032512855074,92.9710590461429,135.395419377346,0.50419225901207,29928822801279.133,0.16853359616449762,0.11691619337321835,2344.490827974162,1642.4386845069714,53984691203264.625,24019.21706295219,4.604560770416745e+23,49.77727561381002,55.323865604433664,67.0
346,2.763508e+22,103.847,0.02763357,11799.21,38.786,2806.485,60.611,0.06067535,48.46,109.791,0.30240336,48263180000000.0,36058460000000.0,6.64998e+23,40.927,1405.979492,4.821,1172.713,5298,12297,M1.2,2015-03-15 11:22:00,1.0707993796433966e+22,57.10836005118942,88.07255953924593,71.61059178522275,111.06632054989304,0.9333631699971333,17872417960782.94,0.10571695839348386,0.09483652827074221,1517.1477886115415,1078.6706725514218,32019602386258.562,29180.588468941478,4.582943250951773e+23,50.07061858671904,59.38609842719432,68.0
347,3.088429e+22,97.526,0.01691935,9437.384,32.321,2809.731,52.119,0.04140662,43.924,103.18,0.19983135,49662930000000.0,25872730000000.0,6.133025e+23,37.74,1213.103149,4.617,827.898,5298,12297,M1.6,2015-03-15 22:58:00,6.752312920095253e+21,55.871644333202624,103.20617213248423,86.94161409239395,130.77944426064016,0.5104403823069662,15766659344985.666,0.10773602895873277,0.09169137304247284,1282.4589554528934,665.9544424074802,20222862710803.508,27899.225260237148,2.79960403508481e+23,49.03064276096068,55.69084171519323,24.0
348,1.455705e+22,125.652,0.01985559,7504.145,25.993,1539.938,73.257,0.05239158,44.942,128.244,0.54130554,29354550000000.0,18393890000000.0,2.265533e+23,34.496,1230.749634,4.189,451.357,5415,12320,M1.4,2015-04-08 02:43:00,2.207188863586372e+21,57.266647814670286,128.58451915439338,94.43538269227254,147.12717211790175,0.5160435644113477,6656360556479.932,0.16258690478620008,0.06870359810790982,443.4884515858374,232.69908679149057,8120755627673.979,15411.240432610219,7.230922392509602e+22,47.161539976540936,48.25926974242853,41.0
349,5.16404e+22,100.601,-0.00558082,3917.379,16.815,3119.852,45.694,-0.0170103,35.431,101.363,0.05591721,67871380000000.0,20259790000000.0,4.244005e+23,29.237,1912.155273,4.51,455.255,5447,12325,M1.2,2015-04-21 10:01:00,2.6069456830456293e+21,60.182508502474064,92.72904579615152,63.881874215434316,93.80078851869776,0.07343826073441648,5010882295438.512,-0.021988169746742964,-0.008201064478741924,202.86874398496136,36.80637738059375,2225544929485.0034,12134.609319276798,7.693444385651827e+22,52.99062942122324,63.88772517804776,26.0
350,2.487514e+22,101.742,0.00430655,8238.855,41.733,2202.127,64.208,0.01152173,51.193,105.421,0.18897936,47046960000000.0,9682567000000.0,4.585829e+23,43.162,1325.956055,4.409,180.492,5526,12335,M1.3,2015-05-05 02:25:00,3.225381483314257e+21,57.477954592776115,107.06078781717335,78.93340614711252,116.83317663327361,1.4407849673468045,9602858118470.342,-0.00023349452916509203,-7.140067788233414e-05,503.8813330154814,0.42376302323165316,4574746953063.907,10256.790810006785,8.48481495150461e+22,49.033221306563796,54.149943811205645,51.0
351,2.43939e+22,104.156,0.0050395,8551.464,41.367,2268.845,64.445,0.01256267,51.193,108.687,0.20385201,47112410000000.0,8661256000000.0,4.52077e+23,42.84,1376.809082,4.441,200.602,5526,12335,M2.6,2015-05-05 05:24:00,3.7469138094246975e+21,58.0811224124828,109.96532121202897,77.80360999632502,119.80904246086126,1.081553698774452,10988803521550.768,-0.002081732176677677,-0.0006378437655284607,554.5017457183269,4.320753667689793,3920563556938.966,11244.11002681809,1.063803818901847e+23,48.87115180181424,54.81471083660865,52.0
352,6.387387e+22,74.007,0.00184755,4913.405,11.736,3367.679,35.453,0.00495634,31.452,82.315,-0.06638328,59606450000000.0,8163621000000.0,6.045421e+23,26.141,1588.074463,4.465,171.161,5637,12360,M1.3,2015-06-12 19:29:00,7.394985228809488e+21,42.58876032059957,88.22373354750644,59.8781165522325,121.0227958526561,-2.730784801728924,7240630444828.214,-0.010836796281966763,-0.011780519607679023,683.7439181633982,71.02475271469683,8927573164507.697,20590.14153428112,1.754704773803357e+23,39.09382382848701,29.998441639395356,
353,4.983369e+22,81.375,-0.00939917,17933.51,55.376,3685.689,55.956,-0.01576639,55.419,91.286,-0.00662643,70083640000000.0,24522890000000.0,1.63567e+24,49.465,1887.507202,4.999,645.507,5692,12371,M1.0,2015-06-19 18:48:00,1.447429155876677e+22,59.70002804108001,83.9989026840031,61.005367048519716,97.90959010082236,0.4503498227401917,26129532063097.18,-0.02681063327732156,-0.012019496386057605,1235.0136635467175,259.3326540255789,16676465812075.441,20182.260065257466,6.03119863063018e+23,54.8134599339119,65.75415518620568,46.0
354,4.687279e+22,80.28,-0.01412794,17967.17,59.474,3606.601,55.62,-0.02531326,58.574,88.205,0.04510463,72381200000000.0,41404330000000.0,1.678469e+24,52.253,1851.254272,4.853,993.731,5692,12371,M2.7,2015-06-20 14:34:00,1.1603978833206035e+22,60.05021349060794,89.47890587069743,66.58088263879807,104.8549251368173,0.00671311830436293,24178191758775.94,-0.0897855585108447,-0.0417957526709384,1330.0221278017932,719.3049034668499,36720313845031.0,19398.767877519836,4.648056990932511e+23,54.80223850416723,64.81543066178916,54.0
355,4.715761e+22,101.914,0.00388768,4558.03,15.109,2793.102,45.745,0.01020349,34.366,105.914,-0.04029662,56194300000000.0,17434000000000.0,4.154296e+23,29.121,1576.120239,4.403,266.804,5673,12367,M3.8,2015-06-20 21:44:00,7.290031737654609e+21,46.1930549093438,96.55495731887848,58.782966234072184,110.38450019782174,-0.7380003122503542,8884228120394.67,0.030483459117272273,0.018108987942788347,500.2984402990658,155.86405922357932,7588396658147.066,10918.570830923096,1.3108315466763143e+23,40.536328999382604,35.15486725663717,
356,5.007869e+22,94.899,0.00541991,4476.369,13.428,2689.171,42.028,0.0142375,33.268,99.798,-0.05765543,52846960000000.0,20710660000000.0,4.329432e+23,27.79,1515.214844,4.393,394.71,5673,12367,M1.1,2015-06-21 06:20:00,9.68162759064901e+21,43.4497892837108,92.2174384912243,57.08510013911917,107.12642284279057,-0.9999271170758409,9194561913005.98,0.03462600643082749,0.025932632662803833,592.3677518349336,261.7899267310047,12043381525216.678,12091.935729053692,1.6998057369620845e+23,38.122967364503936,31.648559282002836,
0,2.416427e+22,93.429,0.0139435,15371.74,59.408,2940.413,68.471,0.03022219,60.629,101.466,0.05428162,51564980000000.0,9554389000000.0,8.171862e+23,52.303,1078.161865,4.829,558.116,377,11158,X2.2,2011-02-14 13:56:00,2011-02-15 01:56:00,9.129197407485072e+21,61.29374303464406,103.37848988395015,83.66360215157641,123.97648141002108,-0.13381535009430037,24249583097214.547,0.07086561999747289,0.039422478843301405,1736.3069192565501,510.1662987111635,11087055545563.691,23064.327603576585,4.102948120391911e+23,54.05674756744311,61.000373273609554,42.0
